// Generated by  : ImageConverter 565 v1.1
// Generated from: 4.jpg
// Time generated: 2026/8/30 2:06:34
// Dimensions    : 128x128 pixels
// Size          : 32,768 Bytes

#include <avr/pgmspace.h>

prog_uint16_t 4[0x4000] PROGMEM ={
0x0020, 0x0020, 0x0000, 0x0000, 0x0000, 0x0000, 0x0020, 0x0021, 0x0000, 0x0021, 0x0021, 0x0021, 0x0042, 0x0042, 0x0022, 0x0022,   // 0x0010 (16)
0x0043, 0x2168, 0x0865, 0x0024, 0x0065, 0x00A7, 0x01AB, 0x024E, 0x026E, 0x0A6F, 0x122E, 0x11AC, 0x00E9, 0x0066, 0x0046, 0x0045,   // 0x0020 (32)
0x0025, 0x08A7, 0x4AAF, 0x0087, 0x0909, 0x4310, 0x1A2D, 0x11EB, 0x014A, 0x00E9, 0x0868, 0x1069, 0x0049, 0x00A9, 0x018C, 0x01EE,   // 0x0030 (48)
0x0251, 0x0232, 0x01F1, 0x1232, 0x09CF, 0x012D, 0x00AA, 0x00CB, 0x00AA, 0x00AB, 0x010C, 0x018E, 0x01D0, 0x01F1, 0x01D1, 0x01D1,   // 0x0040 (64)
0x01B0, 0x016F, 0x010E, 0x00EE, 0x00ED, 0x00ED, 0x008B, 0x00CC, 0x08EB, 0x4B13, 0x42D2, 0x2A51, 0x010E, 0x00EE, 0x0150, 0x11F4,   // 0x0050 (80)
0x1238, 0x0A38, 0x1297, 0x1295, 0x3BD8, 0x3BB6, 0x2B14, 0x3B55, 0x3315, 0x2AD5, 0x2B17, 0x01D2, 0x0213, 0x2337, 0x1AD5, 0x12B4,   // 0x0060 (96)
0x1398, 0x13D9, 0x2C3B, 0x0B58, 0x1B9B, 0x133A, 0x0AD9, 0x2BDD, 0x2BDC, 0x135A, 0x1B9B, 0x23BB, 0x2C1D, 0x1BBB, 0x44FE, 0x1BD9,   // 0x0070 (112)
0x34BC, 0x1BF9, 0x345B, 0x4C9C, 0x3B39, 0x00F1, 0x0870, 0x0890, 0x008F, 0x00CE, 0x2233, 0x5C38, 0x11CD, 0x0085, 0x0001, 0x0800,   // 0x0080 (128)
0x0020, 0x0020, 0x0000, 0x0000, 0x0000, 0x0000, 0x0020, 0x0020, 0x0021, 0x0021, 0x0021, 0x0021, 0x0042, 0x0042, 0x0021, 0x0022,   // 0x0090 (144)
0x0023, 0x1927, 0x0885, 0x0045, 0x00C7, 0x014A, 0x022D, 0x026E, 0x026F, 0x022E, 0x09ED, 0x010A, 0x0067, 0x0087, 0x0066, 0x0045,   // 0x00A0 (160)
0x0066, 0x00C7, 0x322D, 0x116A, 0x2A4E, 0x32D0, 0x120D, 0x09AB, 0x00C8, 0x00A9, 0x0889, 0x0869, 0x0089, 0x010B, 0x014C, 0x0230,   // 0x00B0 (176)
0x0251, 0x0A93, 0x1AB4, 0x1A52, 0x016E, 0x00EC, 0x00CB, 0x00EB, 0x00CB, 0x00EB, 0x012D, 0x01AF, 0x0211, 0x0232, 0x0A32, 0x0A32,   // 0x00C0 (192)
0x1232, 0x016F, 0x012E, 0x00AD, 0x00CD, 0x00ED, 0x00CC, 0x00CC, 0x63D7, 0x3271, 0x2210, 0x00EC, 0x092E, 0x010E, 0x4316, 0x1A14,   // 0x00D0 (208)
0x09F6, 0x22DA, 0x1AB7, 0x2317, 0x6D3D, 0x3BB6, 0x3355, 0x3B96, 0x2AF5, 0x2AF6, 0x0192, 0x0214, 0x0274, 0x0294, 0x44BB, 0x3439,   // 0x00E0 (224)
0x1BD9, 0x0B58, 0x1399, 0x1359, 0x1339, 0x23BC, 0x1319, 0x131A, 0x1B5A, 0x239B, 0x2BFC, 0x23BB, 0x1B9A, 0x1B9A, 0x1BB9, 0x3CDD,   // 0x00F0 (240)
0x23F9, 0x3CBC, 0x3C1B, 0x22F7, 0x00F0, 0x008F, 0x008F, 0x008F, 0x00F0, 0x42F6, 0x012D, 0x096D, 0x0066, 0x0023, 0x0001, 0x0000,   // 0x0100 (256)
0x0020, 0x0020, 0x0000, 0x0000, 0x0000, 0x0020, 0x0021, 0x0021, 0x0001, 0x0021, 0x0021, 0x0021, 0x0042, 0x0022, 0x0022, 0x0022,   // 0x0110 (272)
0x0023, 0x00A6, 0x00A6, 0x00A7, 0x016A, 0x09ED, 0x0A6F, 0x0A8F, 0x128F, 0x0A0E, 0x016B, 0x00A8, 0x0046, 0x0066, 0x0086, 0x0065,   // 0x0120 (288)
0x0066, 0x096A, 0x096A, 0x09CB, 0x4393, 0x09CC, 0x018B, 0x00C9, 0x0088, 0x00CA, 0x0089, 0x0028, 0x090C, 0x010C, 0x01AF, 0x01F0,   // 0x0130 (304)
0x0AB2, 0x1292, 0x1A52, 0x11AF, 0x00EC, 0x00AC, 0x00AC, 0x00AC, 0x010D, 0x096F, 0x09D0, 0x01F0, 0x01F1, 0x0232, 0x0A73, 0x1A94,   // 0x0140 (320)
0x1A73, 0x012E, 0x010D, 0x010E, 0x00CD, 0x00AD, 0x00CC, 0x745A, 0x2A32, 0x19D0, 0x00AD, 0x012E, 0x010D, 0x63F8, 0x2A33, 0x3275,   // 0x0150 (336)
0x0973, 0x1A36, 0x22B6, 0x0A12, 0x64BC, 0x2B15, 0x3BD7, 0x2B15, 0x12B5, 0x01F3, 0x01F4, 0x0234, 0x0274, 0x1B97, 0x45BD, 0x45BE,   // 0x0160 (352)
0x1BFA, 0x02B7, 0x0B18, 0x0B38, 0x23DA, 0x23FB, 0x1B9A, 0x133A, 0x1B5A, 0x341D, 0x239B, 0x1B7A, 0x23DA, 0x341B, 0x2BFC, 0x1B9A,   // 0x0170 (368)
0x3C7C, 0x3C1A, 0x1A75, 0x00AF, 0x00CF, 0x006E, 0x00CF, 0x09B2, 0x53DA, 0x4B97, 0x00CB, 0x0006, 0x0024, 0x0001, 0x0022, 0x0021,   // 0x0180 (384)
0x0020, 0x0000, 0x0000, 0x0000, 0x0020, 0x0020, 0x0021, 0x0021, 0x0021, 0x0021, 0x0021, 0x0021, 0x0022, 0x0022, 0x0022, 0x0043,   // 0x0190 (400)
0x0044, 0x0045, 0x00C8, 0x014A, 0x0A0E, 0x0A4E, 0x0A6F, 0x0A90, 0x0A2E, 0x018C, 0x0088, 0x0088, 0x0067, 0x0046, 0x0086, 0x0066,   // 0x01A0 (416)
0x0129, 0x19EC, 0x09AB, 0x4C15, 0x0A0E, 0x09ED, 0x016C, 0x00CA, 0x0089, 0x00A9, 0x0069, 0x110C, 0x092D, 0x00ED, 0x09D1, 0x0A11,   // 0x01B0 (432)
0x1B14, 0x1AB2, 0x014D, 0x00EC, 0x00AC, 0x00AC, 0x00CD, 0x00ED, 0x094F, 0x09F1, 0x0A11, 0x01F0, 0x01F1, 0x0273, 0x1294, 0x1A73,   // 0x01C0 (448)
0x11D1, 0x010E, 0x00ED, 0x010E, 0x00CC, 0x00CC, 0x84FC, 0x2A52, 0x092E, 0x00EE, 0x014F, 0x012E, 0x6439, 0x3AD4, 0x21F2, 0x092F,   // 0x01D0 (464)
0x0991, 0x1213, 0x09B1, 0x09F2, 0x3B77, 0x3B98, 0x22F5, 0x1274, 0x01D3, 0x01F3, 0x0234, 0x0234, 0x1BB8, 0x351C, 0x359D, 0x357D,   // 0x01E0 (480)
0x13BA, 0x02B7, 0x0AD8, 0x0B18, 0x2BFB, 0x1B79, 0x1358, 0x23BA, 0x1B5A, 0x237B, 0x23BB, 0x1B79, 0x341C, 0x2BBA, 0x235A, 0x33DB,   // 0x01F0 (496)
0x3399, 0x0A34, 0x00AF, 0x00CF, 0x008E, 0x00EF, 0x010E, 0x545A, 0x2AD4, 0x00EB, 0x0088, 0x0024, 0x0001, 0x0000, 0x0001, 0x0001,   // 0x0200 (512)
0x0000, 0x0000, 0x0000, 0x0000, 0x0021, 0x0021, 0x0021, 0x0021, 0x0021, 0x0042, 0x0022, 0x0022, 0x0022, 0x0023, 0x0023, 0x0044,   // 0x0210 (528)
0x0066, 0x0087, 0x016B, 0x09ED, 0x1290, 0x0290, 0x0290, 0x0290, 0x01AC, 0x00C9, 0x0067, 0x0067, 0x0887, 0x08A7, 0x0087, 0x00A7,   // 0x0220 (544)
0x0149, 0x11ED, 0x3B73, 0x3312, 0x016C, 0x014C, 0x014C, 0x094C, 0x00A9, 0x0027, 0x0089, 0x4292, 0x00EC, 0x098F, 0x01B1, 0x1AD4,   // 0x0230 (560)
0x0A91, 0x2312, 0x010B, 0x00CC, 0x00AC, 0x00AC, 0x00EE, 0x096F, 0x0190, 0x01D1, 0x01D0, 0x01F0, 0x0292, 0x0AD3, 0x0A72, 0x01D1,   // 0x0240 (576)
0x0130, 0x0130, 0x00EE, 0x00CC, 0x118D, 0x7CDA, 0x2A51, 0x012D, 0x012E, 0x016F, 0x012D, 0x6CBA, 0x3B15, 0x098F, 0x092F, 0x0950,   // 0x0250 (592)
0x1A52, 0x4397, 0x09D1, 0x09D2, 0x22D6, 0x4C1C, 0x12B6, 0x0214, 0x0214, 0x0234, 0x0275, 0x1398, 0x351D, 0x3DBE, 0x357D, 0x0C19,   // 0x0260 (608)
0x0B38, 0x1339, 0x0AFA, 0x131A, 0x1B39, 0x1B79, 0x2399, 0x2C1B, 0x1B59, 0x1B5A, 0x1B7A, 0x3C7E, 0x237A, 0x2B9A, 0x33BA, 0x4BFC,   // 0x0270 (624)
0x0131, 0x00CF, 0x00AF, 0x008D, 0x010F, 0x2AB4, 0x09B0, 0x11EF, 0x010A, 0x0087, 0x0003, 0x0001, 0x0021, 0x0841, 0x0000, 0x0821,   // 0x0280 (640)
0x0000, 0x0000, 0x0000, 0x0020, 0x0021, 0x0021, 0x0021, 0x0021, 0x0042, 0x0042, 0x0042, 0x0022, 0x0023, 0x0023, 0x0023, 0x0044,   // 0x0290 (656)
0x0087, 0x012A, 0x120E, 0x0A70, 0x02B1, 0x02D2, 0x02B1, 0x024F, 0x018C, 0x0088, 0x08C9, 0x0046, 0x0066, 0x1109, 0x0086, 0x00E8,   // 0x02A0 (672)
0x09AB, 0x3B92, 0x4BD5, 0x09EE, 0x018D, 0x098D, 0x19EE, 0x010B, 0x0068, 0x00A9, 0x08EB, 0x4314, 0x098F, 0x09D0, 0x2294, 0x09F1,   // 0x02B0 (688)
0x01AE, 0x22D2, 0x010C, 0x00CC, 0x00AC, 0x00AD, 0x010F, 0x0970, 0x0190, 0x01B1, 0x01D1, 0x0252, 0x02D4, 0x0293, 0x01D0, 0x014F,   // 0x02C0 (704)
0x0130, 0x0130, 0x012F, 0x2A52, 0x6438, 0x3291, 0x010C, 0x096E, 0x012E, 0x098F, 0x647A, 0x3B35, 0x018F, 0x014F, 0x0990, 0x32F5,   // 0x02D0 (720)
0x3B76, 0x3B96, 0x43B8, 0x1213, 0x1235, 0x4C3D, 0x1297, 0x12D8, 0x0235, 0x0233, 0x1397, 0x2CDC, 0x3D7E, 0x24FB, 0x03D8, 0x0336,   // 0x02E0 (736)
0x0B59, 0x1B9B, 0x239C, 0x1319, 0x0AD8, 0x237A, 0x343C, 0x23BA, 0x1339, 0x1B9A, 0x1B5A, 0x237A, 0x33BB, 0x337A, 0x3B7A, 0x0131,   // 0x02F0 (752)
0x00B0, 0x004E, 0x00CF, 0x00EE, 0x3B57, 0x7D5E, 0x2231, 0x00C9, 0x0066, 0x0002, 0x0062, 0x0020, 0x0020, 0x0000, 0x0000, 0x5AA9,   // 0x0300 (768)
0x0000, 0x0020, 0x0021, 0x0021, 0x0021, 0x0021, 0x0021, 0x0042, 0x0042, 0x0043, 0x0043, 0x0023, 0x0023, 0x0023, 0x0024, 0x0045,   // 0x0310 (784)
0x0088, 0x11AD, 0x1250, 0x0AB1, 0x02B1, 0x02F2, 0x02D1, 0x0270, 0x018C, 0x0088, 0x08A8, 0x0025, 0x0005, 0x08A7, 0x00A7, 0x0149,   // 0x0320 (800)
0x22CF, 0x5CB7, 0x124F, 0x016B, 0x09CE, 0x11CD, 0x094B, 0x0089, 0x00A9, 0x0068, 0x3AF2, 0x11EF, 0x09F0, 0x2293, 0x11F1, 0x014F,   // 0x0330 (816)
0x012E, 0x11D1, 0x00EE, 0x00AE, 0x00AF, 0x00CF, 0x0110, 0x0151, 0x0192, 0x0A13, 0x0A54, 0x0A94, 0x0AD4, 0x0252, 0x01B0, 0x0190,   // 0x0340 (832)
0x0130, 0x09B1, 0x2AB4, 0x53F8, 0x2AB4, 0x012E, 0x0990, 0x014F, 0x2211, 0x643A, 0x4337, 0x0130, 0x0130, 0x11D2, 0x3B15, 0x3334,   // 0x0350 (848)
0x3BB6, 0x3BD7, 0x3357, 0x3B99, 0x1276, 0x22F9, 0x2B5B, 0x1B39, 0x0295, 0x243A, 0x2CFC, 0x3D9E, 0x45BF, 0x0BF8, 0x0336, 0x13B9,   // 0x0360 (864)
0x23FB, 0x23DB, 0x1B9A, 0x0AD8, 0x1B1A, 0x12D9, 0x2B9C, 0x131A, 0x23BC, 0x345D, 0x1B79, 0x2B9A, 0x339A, 0x3B7A, 0x00F0, 0x008E,   // 0x0370 (880)
0x008F, 0x00B0, 0x00EF, 0x016F, 0x3B36, 0x014D, 0x114B, 0x0086, 0x0002, 0x0041, 0x0000, 0x0841, 0x0000, 0x0000, 0x83ED, 0xEF5A,   // 0x0380 (896)
0x0000, 0x0020, 0x0041, 0x0041, 0x0021, 0x0021, 0x0021, 0x0042, 0x0022, 0x0043, 0x0043, 0x0023, 0x0024, 0x0024, 0x0045, 0x0086,   // 0x0390 (912)
0x00C9, 0x11EE, 0x0A70, 0x0AD2, 0x02D2, 0x02D2, 0x02B1, 0x0AB0, 0x09CD, 0x0909, 0x0046, 0x0866, 0x0066, 0x0066, 0x096A, 0x1A0D,   // 0x03A0 (928)
0x64D7, 0x2AF0, 0x016B, 0x1A0D, 0x094B, 0x092A, 0x00C9, 0x0088, 0x0088, 0x00EA, 0x4B75, 0x09CF, 0x1231, 0x09B0, 0x1170, 0x112F,   // 0x03B0 (944)
0x190F, 0x18CE, 0x20AE, 0x184E, 0x206F, 0x186F, 0x18F0, 0x1931, 0x19B3, 0x2275, 0x1AB5, 0x1294, 0x0AD5, 0x0AD4, 0x0232, 0x01F1,   // 0x03C0 (960)
0x0990, 0x32D5, 0x53F9, 0x1A32, 0x0170, 0x0991, 0x0970, 0x4336, 0x4B97, 0x3AF5, 0x012F, 0x0951, 0x0992, 0x4BB9, 0x2293, 0x4396,   // 0x03D0 (976)
0x3B96, 0x3BD8, 0x2B77, 0x0213, 0x01F4, 0x1AF8, 0x2BBB, 0x0B18, 0x0378, 0x145A, 0x3DBE, 0x359E, 0x1459, 0x0377, 0x1BFA, 0x1BDA,   // 0x03E0 (992)
0x241C, 0x1BDB, 0x02D7, 0x1339, 0x2BBC, 0x12FA, 0x12FB, 0x2BBD, 0x341E, 0x1B59, 0x2B9A, 0x2B59, 0x1235, 0x00AF, 0x00CF, 0x008E,   // 0x03F0 (1008)
0x00AF, 0x0951, 0x5C1B, 0x2A94, 0x00EC, 0x118C, 0x00A7, 0x0043, 0x0021, 0x0800, 0x0000, 0x0820, 0x18C2, 0xA512, 0xE718, 0xEF79,   // 0x0400 (1024)
0x18C3, 0x0000, 0x0021, 0x0021, 0x0020, 0x0041, 0x0021, 0x0042, 0x0022, 0x0043, 0x0064, 0x0885, 0x0065, 0x0024, 0x0086, 0x0066,   // 0x0410 (1040)
0x010A, 0x1250, 0x12B1, 0x02D2, 0x02B1, 0x02F2, 0x02B1, 0x1290, 0x098C, 0x00C8, 0x0066, 0x0045, 0x00A7, 0x1149, 0x19ED, 0x53F4,   // 0x0420 (1056)
0x53F4, 0x19CB, 0x216A, 0x1086, 0x18C7, 0x10A7, 0x0887, 0x08C9, 0x00AA, 0x092C, 0x3292, 0x2272, 0x016F, 0x2212, 0x3213, 0x4213,   // 0x0430 (1072)
0x6A95, 0x6171, 0x79B2, 0x8993, 0x9194, 0x91D5, 0x8A36, 0x7A96, 0x7359, 0x5317, 0x4398, 0x2336, 0x1B56, 0x1315, 0x1AD5, 0x2AD5,   // 0x0440 (1088)
0x7CBC, 0x8D1E, 0x63DB, 0x19F4, 0x0171, 0x09D1, 0x4BD8, 0x3B55, 0x3B36, 0x014F, 0x0950, 0x1190, 0x5C19, 0x2272, 0x4BD8, 0x2B35,   // 0x0450 (1104)
0x4C1B, 0x1AB6, 0x01F3, 0x0213, 0x0213, 0x02B5, 0x0B77, 0x0BF8, 0x1CDB, 0x35FF, 0x1D1C, 0x147A, 0x1C3A, 0x2C7B, 0x1BD9, 0x2C7C,   // 0x0460 (1120)
0x1399, 0x0318, 0x0B58, 0x343D, 0x239C, 0x1B5C, 0x12DB, 0x1B3C, 0x235A, 0x33BB, 0x3BDA, 0x0A34, 0x00F0, 0x00CF, 0x006E, 0x00CF,   // 0x0470 (1136)
0x19D2, 0x5C1B, 0x3AD5, 0x00CC, 0x092B, 0x0066, 0x0063, 0x0021, 0x0000, 0x0820, 0x1020, 0x6AEA, 0xE6D8, 0xE719, 0xF77A, 0xF799,   // 0x0480 (1152)
0x2125, 0x0841, 0x0021, 0x0021, 0x0001, 0x0042, 0x0022, 0x0022, 0x0022, 0x0864, 0x10E7, 0x10E7, 0x0886, 0x0065, 0x0086, 0x0087,   // 0x0490 (1168)
0x018C, 0x0A70, 0x0A91, 0x02D2, 0x02D2, 0x02B1, 0x022F, 0x09AD, 0x090A, 0x0067, 0x10C7, 0x0046, 0x08E8, 0x118B, 0x3311, 0x6D18,   // 0x04A0 (1184)
0x222C, 0x1107, 0x8391, 0xAC33, 0x82EE, 0x726D, 0x6AF0, 0x212A, 0x29CE, 0x3A92, 0x4B14, 0x3272, 0x3B14, 0x4B56, 0x6C1B, 0x8C9D,   // 0x04B0 (1200)
0x93BA, 0x8AB6, 0x79B3, 0x8193, 0x89B4, 0x8193, 0x8A76, 0x7B18, 0x4A75, 0x3294, 0x1273, 0x2397, 0x1B77, 0x0294, 0x0A33, 0x2274,   // 0x04C0 (1216)
0x21D1, 0x1990, 0x1171, 0x1193, 0x11F3, 0x4378, 0x647B, 0x4356, 0x1190, 0x1170, 0x1170, 0x5BD8, 0x32B2, 0x5418, 0x3315, 0x545B,   // 0x04D0 (1232)
0x0A35, 0x01D4, 0x0214, 0x0A74, 0x02B4, 0x1C18, 0x1459, 0x253C, 0x361F, 0x14FB, 0x3DFF, 0x1C9C, 0x2CBD, 0x243B, 0x243B, 0x1378,   // 0x04E0 (1248)
0x0B17, 0x0B38, 0x44FF, 0x1B9B, 0x1B5B, 0x0ADA, 0x1B1B, 0x233B, 0x2339, 0x43FC, 0x09F3, 0x00CE, 0x00AF, 0x00CF, 0x00AF, 0x00EF,   // 0x04F0 (1264)
0x19F2, 0x1A32, 0x008B, 0x2A30, 0x198B, 0x0002, 0x0082, 0x0000, 0x1061, 0x0800, 0x4185, 0xF71A, 0xF739, 0xFF9A, 0xF759, 0xF79A,   // 0x0500 (1280)
0x18E4, 0x0021, 0x0021, 0x0021, 0x0001, 0x0042, 0x0022, 0x0043, 0x0064, 0x10A6, 0x1908, 0x10C7, 0x0066, 0x0087, 0x0909, 0x00E9,   // 0x0510 (1296)
0x01CD, 0x0A70, 0x0290, 0x0AB1, 0x0A70, 0x020F, 0x016C, 0x00EA, 0x0088, 0x192A, 0x08C8, 0x0086, 0x096A, 0x1A4D, 0x759B, 0x22AF,   // 0x0520 (1312)
0x0947, 0x3167, 0xDD14, 0xE451, 0xEC51, 0xDC53, 0xC496, 0x5A2E, 0x7375, 0x8459, 0xA55D, 0xB63F, 0x5BD6, 0x5C18, 0x3B36, 0x2A74,   // 0x0530 (1328)
0x3A55, 0x10B0, 0x20D0, 0x18B0, 0x20D0, 0x2992, 0x21D3, 0x1213, 0x1294, 0x1B16, 0x23B8, 0x1357, 0x0B17, 0x0AB6, 0x3BBB, 0x2AD8,   // 0x0540 (1344)
0x0972, 0x1192, 0x0991, 0x11B2, 0x4B98, 0x53B9, 0x21F3, 0x1992, 0x4254, 0x4274, 0x6396, 0x4B13, 0x5BD7, 0x32B4, 0x545A, 0x0A13,   // 0x0550 (1360)
0x0A14, 0x1255, 0x0234, 0x0273, 0x13F8, 0x24FA, 0x3E3F, 0x0D1A, 0x1D5C, 0x2D7E, 0x0C19, 0x0BD9, 0x13DA, 0x2C5C, 0x0B58, 0x1338,   // 0x0560 (1376)
0x1338, 0x553F, 0x1339, 0x23BC, 0x0B19, 0x1339, 0x3C5D, 0x33DB, 0x22D7, 0x0130, 0x00CF, 0x00AF, 0x00AF, 0x1992, 0x3255, 0x5379,   // 0x0570 (1392)
0x00ED, 0x012D, 0x42F2, 0x0909, 0x0023, 0x0022, 0x0000, 0x0020, 0x0000, 0x0820, 0xBD94, 0xF73A, 0xFF59, 0xF6F8, 0xF717, 0xFF38,   // 0x0580 (1408)
0x0841, 0x0000, 0x0021, 0x0021, 0x0021, 0x0022, 0x0042, 0x0043, 0x10A5, 0x0886, 0x08A6, 0x0046, 0x0046, 0x00A7, 0x220D, 0x016A,   // 0x0590 (1424)
0x01ED, 0x0A90, 0x0AB1, 0x0A70, 0x01AE, 0x010B, 0x00CA, 0x0089, 0x194B, 0x1109, 0x0046, 0x096A, 0x2AD0, 0x6D19, 0x2B32, 0x0A0D,   // 0x05A0 (1440)
0x0907, 0x83B1, 0xE535, 0xEC71, 0xEC72, 0xE4D4, 0xC518, 0x9457, 0x296E, 0x3211, 0x3A92, 0x2A71, 0x32F2, 0x22D3, 0x1A93, 0x1A75,   // 0x05B0 (1456)
0x0973, 0x1174, 0x1153, 0x0932, 0x11B3, 0x09D2, 0x0A13, 0x0A53, 0x12B4, 0x2336, 0x2B36, 0x22F5, 0x2295, 0x2254, 0x29D3, 0x2152,   // 0x05C0 (1472)
0x2152, 0x1910, 0x2991, 0x6399, 0x743B, 0x29D2, 0x2172, 0x2131, 0x4A54, 0x7C19, 0x7C18, 0x7C58, 0x42B2, 0x745A, 0x2231, 0x19F1,   // 0x05D0 (1488)
0x11F2, 0x1213, 0x1294, 0x23F8, 0x1458, 0x463F, 0x25BC, 0x257C, 0x14BA, 0x0C59, 0x03B8, 0x0B98, 0x453F, 0x0B59, 0x0B18, 0x1B59,   // 0x05E0 (1504)
0x4CBE, 0x1338, 0x239B, 0x0AD8, 0x1359, 0x4CBE, 0x445C, 0x2B58, 0x0110, 0x00AE, 0x008E, 0x00EF, 0x008D, 0x5B99, 0x4B58, 0x012F,   // 0x05F0 (1520)
0x010D, 0x00CA, 0x0908, 0x0003, 0x0042, 0x0041, 0x0020, 0x0000, 0x0820, 0x3143, 0xFF7B, 0xEEF8, 0xFF39, 0xFF39, 0xFF39, 0xF6F7,   // 0x0600 (1536)
0x0020, 0x0000, 0x0041, 0x0041, 0x0041, 0x0022, 0x0022, 0x0043, 0x0865, 0x0024, 0x0045, 0x0046, 0x0066, 0x00C8, 0x3B11, 0x09CC,   // 0x0610 (1552)
0x0A4F, 0x12B1, 0x1270, 0x01CD, 0x00EB, 0x0089, 0x00A9, 0x0088, 0x29CD, 0x00E9, 0x012A, 0x09CC, 0x4C36, 0x5498, 0x0A2F, 0x012B,   // 0x0620 (1568)
0x0088, 0x5A8F, 0xD579, 0xEDB9, 0xD598, 0x9433, 0x42D0, 0x2271, 0x1AB4, 0x1B16, 0x02B3, 0x1B75, 0x1334, 0x12D4, 0x1A96, 0x0173,   // 0x0630 (1584)
0x0994, 0x0133, 0x1153, 0x1953, 0x1131, 0x1151, 0x3234, 0x3233, 0x6B78, 0x6B37, 0x83B8, 0x9C1A, 0x9BB9, 0xA398, 0xB379, 0x9A96,   // 0x0640 (1600)
0x92D7, 0x9B7A, 0x8AF7, 0x8B38, 0x6275, 0x41B3, 0x28EF, 0x5AB5, 0x4211, 0x6B96, 0x6B75, 0x52D2, 0xAD7C, 0x9CFA, 0x7BF6, 0x6B95,   // 0x0650 (1616)
0x4B14, 0x2A92, 0x33D6, 0x2C37, 0x353B, 0x2D1B, 0x1CBA, 0x0418, 0x1CBB, 0x0377, 0x1C3A, 0x4D7F, 0x1B9A, 0x1B9A, 0x23DC, 0x3C7E,   // 0x0660 (1632)
0x1B19, 0x1B59, 0x1318, 0x1B38, 0x5D3F, 0x653E, 0x1274, 0x00EE, 0x00CF, 0x00AF, 0x00AE, 0x00EE, 0x5BB8, 0x2A73, 0x010E, 0x094E,   // 0x0670 (1648)
0x5333, 0x08E8, 0x0022, 0x0021, 0x0041, 0x0840, 0x0040, 0x0020, 0x0840, 0xA4F0, 0xF739, 0xFF39, 0xF6F8, 0xFF18, 0xF6F7, 0xF6F7,   // 0x0680 (1664)
0x0041, 0x0020, 0x0020, 0x0021, 0x0042, 0x0042, 0x0022, 0x0023, 0x0024, 0x0004, 0x0025, 0x0046, 0x0067, 0x00C8, 0x4373, 0x122E,   // 0x0690 (1680)
0x1A90, 0x1250, 0x01CD, 0x00EA, 0x0089, 0x0088, 0x10C9, 0x0088, 0x2A0E, 0x0109, 0x0A0D, 0x2B52, 0x653A, 0x1290, 0x01AD, 0x014D,   // 0x06A0 (1696)
0x10EC, 0x18CA, 0x20A8, 0x526E, 0x31EB, 0x222D, 0x1AB1, 0x1314, 0x1336, 0x02D5, 0x1398, 0x0315, 0x02D5, 0x12D6, 0x0994, 0x1974,   // 0x06B0 (1712)
0x1933, 0x20F2, 0x3994, 0x3173, 0x4215, 0x4A96, 0x5317, 0x849D, 0x7C1A, 0x949C, 0x943B, 0x8377, 0x9398, 0x8AD5, 0xA2F7, 0x8A14,   // 0x06C0 (1728)
0x71D3, 0x9B9B, 0x8B38, 0x6214, 0x6A76, 0x83BA, 0x843C, 0x73F9, 0x849B, 0x7459, 0x7439, 0x8CBA, 0x4A70, 0x6AF2, 0x9C77, 0xC5BC,   // 0x06D0 (1744)
0xC65F, 0xADFE, 0x859C, 0x54FA, 0x4D1B, 0x2438, 0x13D7, 0x3D1E, 0x245B, 0x1C1A, 0x1BFA, 0x1359, 0x1B7A, 0x0AD8, 0x0B19, 0x1339,   // 0x06E0 (1760)
0x237A, 0x12D7, 0x2358, 0x651E, 0x5C9B, 0x0A11, 0x010E, 0x00CE, 0x008E, 0x00D0, 0x1192, 0x5378, 0x3294, 0x118F, 0x00CB, 0x5B95,   // 0x06F0 (1776)
0x08E7, 0x0002, 0x0021, 0x0041, 0x0020, 0x0000, 0x0820, 0x0820, 0x1060, 0xEF18, 0xF739, 0xF738, 0xFF7A, 0xF6F8, 0xF6D7, 0xF6F7,   // 0x0700 (1792)
0x0020, 0x0020, 0x0000, 0x0021, 0x0042, 0x0042, 0x0023, 0x0023, 0x0024, 0x0025, 0x0046, 0x0046, 0x0087, 0x0109, 0x32F0, 0x1A6F,   // 0x0710 (1808)
0x0A0F, 0x018D, 0x00EB, 0x0089, 0x0068, 0x0068, 0x10C9, 0x0088, 0x19ED, 0x01CC, 0x1AF0, 0x659B, 0x2333, 0x1271, 0x11CF, 0x092D,   // 0x0720 (1824)
0x00AC, 0x006A, 0x00AB, 0x116D, 0x122F, 0x1291, 0x1314, 0x0B35, 0x02B5, 0x1338, 0x02D6, 0x0AF7, 0x12D7, 0x11F4, 0x2954, 0x38D2,   // 0x0730 (1840)
0x50F2, 0x7194, 0x8A78, 0x8AD9, 0x6297, 0x31D3, 0x2A95, 0x2AD6, 0x2B37, 0x2357, 0x1AF5, 0x2337, 0x22B5, 0x2254, 0x29F4, 0x1931,   // 0x0740 (1856)
0x21B4, 0x3236, 0x1973, 0x1993, 0x0931, 0x42F7, 0x3AD6, 0x32F6, 0x4398, 0x4BB8, 0x5BF9, 0x63D9, 0x8CBC, 0xAD5E, 0xBD3D, 0x93F7,   // 0x0750 (1872)
0x9CB8, 0xC63D, 0xC6BF, 0xB6BF, 0x5458, 0x2B96, 0x3C7B, 0x1B99, 0x23DB, 0x1B9B, 0x0B19, 0x1B5A, 0x02B8, 0x02F8, 0x347D, 0x3C9E,   // 0x0760 (1888)
0x0AF7, 0x2399, 0x6D5F, 0x64BC, 0x098F, 0x00CC, 0x00AD, 0x00AE, 0x00AE, 0x0931, 0x539A, 0x2214, 0x00AD, 0x2231, 0x53B4, 0x0045,   // 0x0770 (1904)
0x0001, 0x0021, 0x0021, 0x0841, 0x0000, 0x0820, 0x1060, 0x62A8, 0xC593, 0xFF9A, 0xF739, 0xF718, 0xEEB6, 0xF6F7, 0xF6F7, 0xF6F7,   // 0x0780 (1920)
0x0000, 0x0041, 0x0042, 0x0042, 0x0043, 0x0023, 0x0023, 0x0023, 0x0004, 0x0025, 0x0046, 0x0046, 0x00A8, 0x014A, 0x1A0E, 0x1A2E,   // 0x0790 (1936)
0x010B, 0x00AA, 0x00AA, 0x0089, 0x0068, 0x0027, 0x08A9, 0x0088, 0x09EC, 0x0A8F, 0x657B, 0x33F6, 0x0A51, 0x09F0, 0x094F, 0x008C,   // 0x07A0 (1952)
0x00AC, 0x00CD, 0x00CC, 0x014E, 0x0A52, 0x0272, 0x0AF5, 0x0294, 0x02B5, 0x0AB5, 0x1B37, 0x1AD5, 0x09D2, 0x3235, 0x49D5, 0x82BA,   // 0x07B0 (1968)
0x9ADA, 0x8A57, 0x71B5, 0x38D1, 0x2932, 0x2A14, 0x1A95, 0x1B37, 0x0B77, 0x0B98, 0x1C1A, 0x0378, 0x0B58, 0x02B6, 0x0214, 0x0A35,   // 0x07C0 (1984)
0x01F4, 0x09F5, 0x0194, 0x09F5, 0x2297, 0x01B2, 0x3358, 0x3B99, 0x3378, 0x2B58, 0x0A33, 0x1213, 0x2253, 0x2A12, 0x6BB8, 0xADBF,   // 0x07D0 (2000)
0xCE9F, 0xA57A, 0xBE3D, 0xC6BF, 0xCF5F, 0x7D1B, 0x3335, 0x43FA, 0x2338, 0x1297, 0x0AB8, 0x23BB, 0x0B19, 0x3CBF, 0x44FF, 0x23DB,   // 0x07E0 (2016)
0x1B38, 0x6D3F, 0x4BFA, 0x010E, 0x00AD, 0x00CD, 0x00CD, 0x00CE, 0x4B38, 0x11B2, 0x0130, 0x00CE, 0x2A72, 0x6416, 0x0065, 0x0042,   // 0x07F0 (2032)
0x0061, 0x0840, 0x0020, 0x18C3, 0x9CB2, 0xCE36, 0xE6D8, 0xF718, 0xFF7A, 0xEED7, 0xF718, 0xF6F8, 0xEEF7, 0xFF59, 0xF718, 0xEED7,   // 0x0800 (2048)
0x0022, 0x0043, 0x0043, 0x0044, 0x0086, 0x0086, 0x0045, 0x0004, 0x0025, 0x0045, 0x0067, 0x0047, 0x00E9, 0x094B, 0x118C, 0x092B,   // 0x0810 (2064)
0x0089, 0x0068, 0x0089, 0x0068, 0x0068, 0x0068, 0x0068, 0x014A, 0x128E, 0x4476, 0x4C99, 0x1AD3, 0x1212, 0x012F, 0x00CE, 0x008D,   // 0x0820 (2080)
0x110E, 0x00AC, 0x008B, 0x014F, 0x01D1, 0x01D1, 0x0A95, 0x0295, 0x12D5, 0x12B3, 0x22D2, 0x2AD2, 0x9D9E, 0xD6BF, 0x7B39, 0x6216,   // 0x0830 (2096)
0x3113, 0x2933, 0x2113, 0x1953, 0x19F5, 0x1255, 0x1317, 0x1378, 0x0B78, 0x1C1A, 0x0B98, 0x0BB8, 0x0B78, 0x02D5, 0x0AF7, 0x0275,   // 0x0840 (2112)
0x0A35, 0x01B4, 0x01B4, 0x22B8, 0x1AB7, 0x1AB7, 0x0A15, 0x2B7A, 0x2339, 0x0235, 0x0255, 0x0275, 0x0AB5, 0x1B16, 0x2398, 0x5D1D,   // 0x0850 (2128)
0x5479, 0xA69F, 0xB6BF, 0xADFB, 0x9558, 0xDF5F, 0xB61F, 0x7419, 0x3274, 0x2295, 0x3C1B, 0x2BFB, 0x1B9B, 0x44DF, 0x1B5B, 0x1AD9,   // 0x0860 (2144)
0x22B8, 0x2AB7, 0x00F0, 0x00AF, 0x00AE, 0x00CE, 0x00CE, 0x53D9, 0x4377, 0x0990, 0x00ED, 0x3292, 0x7477, 0x00A5, 0x0041, 0x0881,   // 0x0870 (2160)
0x0020, 0x0820, 0x0820, 0xBD94, 0xEF19, 0xE6B7, 0xEED7, 0xF718, 0xFF38, 0xEED7, 0xF6F7, 0xFF38, 0xFF79, 0xF718, 0xEE96, 0xF6F7,   // 0x0880 (2176)
0x0003, 0x0023, 0x0065, 0x08C8, 0x0909, 0x00A7, 0x0046, 0x0046, 0x0025, 0x0066, 0x00A8, 0x00E9, 0x118C, 0x092B, 0x0088, 0x00A9,   // 0x0890 (2192)
0x0027, 0x0068, 0x0089, 0x0068, 0x0068, 0x0027, 0x094B, 0x120D, 0x33F3, 0x6DFC, 0x1AF2, 0x01AF, 0x0150, 0x010F, 0x00CF, 0x008D,   // 0x08A0 (2208)
0x008B, 0x00CC, 0x00CD, 0x010E, 0x0130, 0x01B2, 0x22F6, 0x1294, 0x1292, 0x22D2, 0x7D7B, 0xC75F, 0xB61F, 0x6336, 0x2910, 0x20D1,   // 0x08B0 (2224)
0x1953, 0x0933, 0x11B5, 0x09F5, 0x0215, 0x1318, 0x0B18, 0x0B79, 0x13D9, 0x0357, 0x141A, 0x0BB8, 0x0337, 0x13B9, 0x0B17, 0x1338,   // 0x08C0 (2240)
0x0A35, 0x0193, 0x0193, 0x01F5, 0x22F9, 0x2B3A, 0x1277, 0x0A77, 0x0215, 0x0A76, 0x0255, 0x02B6, 0x1378, 0x2C7C, 0x353E, 0x1C5A,   // 0x08D0 (2256)
0x4D3D, 0x3417, 0x6D1A, 0x9E1D, 0xB65E, 0x953B, 0x8C7A, 0xC5FF, 0xB5DF, 0x745A, 0x3B16, 0x2B57, 0x0AB6, 0x1319, 0x1AD9, 0x22D9,   // 0x08E0 (2272)
0x1A15, 0x00AF, 0x008F, 0x00D0, 0x00AF, 0x1171, 0x0150, 0x2A94, 0x014E, 0x014D, 0x6417, 0x114A, 0x0065, 0x0042, 0x0020, 0x10C1,   // 0x08F0 (2288)
0x18C2, 0x0820, 0x2923, 0xEEF9, 0xE6B7, 0xEEF7, 0xF717, 0xF717, 0xEEB6, 0xFF17, 0xFF18, 0xFF38, 0xF6D7, 0xF6B7, 0xFF18, 0xE634,   // 0x0900 (2304)
0x0024, 0x0045, 0x00A7, 0x08E8, 0x08E8, 0x0087, 0x0046, 0x0066, 0x0067, 0x0067, 0x08EA, 0x114B, 0x092B, 0x00E9, 0x0047, 0x0068,   // 0x0910 (2320)
0x0048, 0x0049, 0x0089, 0x00CA, 0x0068, 0x00C9, 0x018B, 0x2B72, 0x75FD, 0x1B53, 0x0A30, 0x01AF, 0x00AD, 0x010F, 0x00EE, 0x00CD,   // 0x0920 (2336)
0x00CC, 0x00CC, 0x008D, 0x00F0, 0x0151, 0x1213, 0x2B15, 0x2B13, 0x7D7B, 0xAF3F, 0x8DDE, 0x4336, 0x21F3, 0x1152, 0x1132, 0x1173,   // 0x0930 (2352)
0x0153, 0x11F5, 0x09F5, 0x0215, 0x0A97, 0x0276, 0x1359, 0x1399, 0x0B99, 0x13D9, 0x0B98, 0x0358, 0x1BFA, 0x0B58, 0x23DB, 0x12F7,   // 0x0940 (2368)
0x01D4, 0x01D4, 0x0173, 0x01F5, 0x0A57, 0x2B7B, 0x0A77, 0x0236, 0x0236, 0x0A97, 0x0296, 0x1B99, 0x2C7C, 0x245B, 0x249C, 0x2CDC,   // 0x0950 (2384)
0x1BF8, 0x34BA, 0x3C99, 0x33F8, 0x3358, 0x2A97, 0x4B19, 0x847D, 0xC5DF, 0xCDFF, 0xB55E, 0x4AB4, 0x2AB4, 0x6D1F, 0x2B17, 0x01B2,   // 0x0960 (2400)
0x008E, 0x00CF, 0x00CF, 0x00CF, 0x19F3, 0x6C7D, 0x2A74, 0x00CD, 0x016E, 0x857C, 0x6C35, 0x0085, 0x0002, 0x0001, 0x0061, 0x0020,   // 0x0970 (2416)
0x0861, 0x0820, 0x3964, 0xEF19, 0xEED7, 0xEED6, 0xF6F7, 0xF6F6, 0xFF17, 0xF717, 0xFF38, 0xEEB7, 0xEE96, 0xF6B7, 0xE635, 0xE635,   // 0x0980 (2432)
0x0026, 0x00A7, 0x08C8, 0x00A7, 0x0086, 0x0066, 0x0046, 0x0046, 0x0088, 0x112A, 0x112B, 0x090A, 0x0088, 0x0068, 0x0067, 0x0068,   // 0x0990 (2448)
0x0869, 0x0048, 0x0047, 0x0089, 0x0089, 0x096C, 0x22F0, 0x6DBA, 0x44B8, 0x0250, 0x018E, 0x00ED, 0x014F, 0x00EE, 0x00CE, 0x00CD,   // 0x09A0 (2464)
0x006C, 0x00AD, 0x00EF, 0x00F0, 0x0151, 0x11F2, 0x7D7D, 0xB73F, 0x757B, 0x3333, 0x09B0, 0x0171, 0x0973, 0x0994, 0x0174, 0x0194,   // 0x09B0 (2480)
0x1236, 0x01D4, 0x01F5, 0x1297, 0x0297, 0x1359, 0x0B18, 0x0317, 0x0B99, 0x0358, 0x13D9, 0x13B9, 0x0B78, 0x23FB, 0x23BA, 0x0255,   // 0x09C0 (2496)
0x01B4, 0x01D4, 0x01F5, 0x01F5, 0x0236, 0x0A78, 0x0257, 0x0A78, 0x0277, 0x0256, 0x1B7A, 0x2C1C, 0x245C, 0x247C, 0x143A, 0x0BF8,   // 0x09D0 (2512)
0x353C, 0x351C, 0x34BB, 0x1BB9, 0x12D9, 0x1278, 0x4BBD, 0x4B5A, 0x6B58, 0xB51D, 0xCD9F, 0xBD7E, 0xA55E, 0x6BF9, 0x19F2, 0x008D,   // 0x09E0 (2528)
0x00CE, 0x010F, 0x0150, 0x11D2, 0x6CBD, 0x2274, 0x00EE, 0x1A31, 0x016C, 0x4331, 0x0023, 0x0001, 0x0862, 0x0000, 0x08C3, 0x0881,   // 0x09F0 (2544)
0x0020, 0x1040, 0x8C0D, 0xE6B7, 0xE6D7, 0xF738, 0xEED6, 0xFF37, 0xF6F7, 0xF6F7, 0xE676, 0xEE97, 0xFED8, 0xEE76, 0xEE56, 0xF697,   // 0x0A00 (2560)
0x0027, 0x08C9, 0x08E9, 0x0087, 0x0066, 0x0066, 0x0066, 0x0047, 0x0088, 0x29EE, 0x090B, 0x0088, 0x0088, 0x0047, 0x0026, 0x0067,   // 0x0A10 (2576)
0x0007, 0x0868, 0x0067, 0x0088, 0x012D, 0x1250, 0x5D5A, 0x65BB, 0x0AD1, 0x01F0, 0x00EE, 0x00EF, 0x00EF, 0x00EF, 0x00CF, 0x006E,   // 0x0A20 (2592)
0x008E, 0x00AE, 0x00CE, 0x096F, 0x09F0, 0x85BE, 0x967F, 0x3354, 0x22B3, 0x01B1, 0x09B3, 0x0193, 0x0153, 0x01B5, 0x01B5, 0x0A16,   // 0x0A30 (2608)
0x0215, 0x0256, 0x12F8, 0x12D8, 0x1B7A, 0x02D8, 0x02D7, 0x0B58, 0x0338, 0x13B9, 0x13DA, 0x0B78, 0x241B, 0x1338, 0x239A, 0x0215,   // 0x0A40 (2624)
0x01F5, 0x01F5, 0x01F6, 0x0216, 0x0237, 0x0258, 0x0258, 0x0A99, 0x0AB9, 0x0AD9, 0x1BBB, 0x2C5D, 0x2C5C, 0x0B98, 0x0398, 0x353D,   // 0x0A50 (2640)
0x355D, 0x34DB, 0x1B99, 0x0AD7, 0x0AB6, 0x445D, 0x33DC, 0x22F9, 0x2AB8, 0x3A96, 0x9CDC, 0xE67F, 0xDDDF, 0x6272, 0x086C, 0x00AE,   // 0x0A60 (2656)
0x00AD, 0x010E, 0x2233, 0x2233, 0x1A12, 0x010D, 0x2B55, 0x755B, 0x21CC, 0x0003, 0x0001, 0x0020, 0x0020, 0x0020, 0x0882, 0x0020,   // 0x0A70 (2672)
0x0820, 0x3963, 0xE697, 0xF718, 0xF738, 0xEEF6, 0xFF37, 0xEEB5, 0xF6D6, 0xEEB6, 0xEEB6, 0xF6D7, 0xF697, 0xF657, 0xF697, 0xEE16,   // 0x0A80 (2688)
0x00AA, 0x08C9, 0x00C8, 0x0086, 0x0066, 0x0045, 0x0067, 0x0088, 0x110A, 0x218D, 0x00A9, 0x0067, 0x0088, 0x0047, 0x0047, 0x0047,   // 0x0A90 (2704)
0x0047, 0x0087, 0x00C8, 0x00E9, 0x1230, 0x4C79, 0x75FD, 0x2BD5, 0x020F, 0x010E, 0x0110, 0x0132, 0x00F0, 0x0931, 0x006E, 0x08D0,   // 0x0AA0 (2720)
0x008F, 0x08CF, 0x010E, 0x2252, 0x4BF7, 0x2B34, 0x33B7, 0x1AF5, 0x01B3, 0x0173, 0x0174, 0x09B5, 0x0195, 0x0194, 0x0195, 0x01F6,   // 0x0AB0 (2736)
0x0AB8, 0x0AF8, 0x02D7, 0x239B, 0x0B19, 0x02F8, 0x0B18, 0x0317, 0x0B99, 0x0358, 0x13DA, 0x1BDA, 0x0B18, 0x0AF8, 0x12D8, 0x0236,   // 0x0AC0 (2752)
0x0216, 0x0216, 0x01F6, 0x0A58, 0x0237, 0x0A99, 0x0279, 0x0299, 0x1B5C, 0x23BD, 0x02B8, 0x139A, 0x0B99, 0x0378, 0x3D5E, 0x2CDC,   // 0x0AD0 (2768)
0x4D9F, 0x1BF9, 0x0B37, 0x0AF8, 0x345C, 0x2C1B, 0x237A, 0x12D8, 0x1AB8, 0x3B39, 0x953E, 0x7B95, 0xC4DB, 0xC4DB, 0x310E, 0x086C,   // 0x0AE0 (2784)
0x08EE, 0x3AD5, 0x641A, 0x2273, 0x010C, 0x4C17, 0x755B, 0x1A0D, 0x0024, 0x0002, 0x1041, 0x0000, 0x0040, 0x0060, 0x0020, 0x0820,   // 0x0AF0 (2800)
0x28E1, 0xD635, 0xF718, 0xEED7, 0xE675, 0xF6F7, 0xE674, 0xFF38, 0xFF38, 0xF6F7, 0xFF39, 0xF697, 0xEE36, 0xF636, 0xE5D5, 0xEDF6,   // 0x0B00 (2816)
0x08EA, 0x00A9, 0x0066, 0x0045, 0x0045, 0x0025, 0x0046, 0x08A8, 0x21AD, 0x0088, 0x0067, 0x0087, 0x0046, 0x0046, 0x0888, 0x0047,   // 0x0B10 (2832)
0x10C8, 0x00A8, 0x00EA, 0x018D, 0x3BB5, 0x865F, 0x54DA, 0x12B2, 0x016F, 0x010F, 0x0953, 0x0954, 0x0113, 0x08F2, 0x10F0, 0x088F,   // 0x0B20 (2848)
0x08CF, 0x08CE, 0x53D8, 0x5418, 0x1272, 0x1AF4, 0x2338, 0x01F4, 0x0194, 0x01D5, 0x0194, 0x0154, 0x0195, 0x0195, 0x01B5, 0x0216,   // 0x0B30 (2864)
0x0AF8, 0x0B18, 0x1B9B, 0x0AF8, 0x02F8, 0x02D7, 0x02D7, 0x13BA, 0x13DA, 0x0BB9, 0x13DA, 0x0317, 0x0AF7, 0x0297, 0x0236, 0x0A37,   // 0x0B40 (2880)
0x0217, 0x0217, 0x0A78, 0x0238, 0x0A79, 0x0279, 0x0ADB, 0x029A, 0x1B7D, 0x23BD, 0x23DD, 0x0339, 0x13BA, 0x34DE, 0x2CDD, 0x34DD,   // 0x0B50 (2896)
0x4CFD, 0x12F6, 0x0316, 0x349C, 0x2C5C, 0x1338, 0x12F8, 0x12B7, 0x3BDA, 0x751F, 0x5BB7, 0x08AB, 0x292C, 0x9C39, 0xB4DC, 0x30ED,   // 0x0B60 (2912)
0x4A94, 0x5337, 0x094F, 0x2272, 0x01AD, 0x3373, 0x11AB, 0x0024, 0x0043, 0x0021, 0x0000, 0x0020, 0x0000, 0x0000, 0x1060, 0x5246,   // 0x0B70 (2928)
0xDE76, 0xE6B6, 0xE696, 0xE695, 0xF6F6, 0xEEB5, 0xF6D6, 0xFF99, 0xFF18, 0xFF59, 0xEE96, 0xEE56, 0xF657, 0xE5D5, 0xEDD6, 0xF5F6,   // 0x0B80 (2944)
0x0088, 0x0067, 0x0025, 0x0025, 0x0045, 0x0046, 0x0047, 0x0068, 0x29AD, 0x0047, 0x0087, 0x0067, 0x0046, 0x0047, 0x0027, 0x0047,   // 0x0B90 (2960)
0x0087, 0x094B, 0x01AD, 0x2B13, 0x7E1D, 0x7E1D, 0x2314, 0x0190, 0x012F, 0x0111, 0x0953, 0x1174, 0x0913, 0x00B0, 0x08CF, 0x08AE,   // 0x0BA0 (2976)
0x2192, 0x8D3F, 0x19F1, 0x0A11, 0x1294, 0x0A95, 0x0A76, 0x01B5, 0x0195, 0x0174, 0x0195, 0x0174, 0x0995, 0x09B5, 0x0194, 0x0A56,   // 0x0BB0 (2992)
0x0AD7, 0x0B38, 0x0B18, 0x0B18, 0x02D7, 0x02F8, 0x137A, 0x0B9A, 0x13DA, 0x1C1B, 0x0358, 0x02F7, 0x0276, 0x0A77, 0x1A98, 0x01D5,   // 0x0BC0 (3008)
0x0A37, 0x0A58, 0x0238, 0x0A79, 0x0259, 0x0A9A, 0x0ABB, 0x02BB, 0x12FB, 0x135C, 0x02D9, 0x0339, 0x13DB, 0x245C, 0x2CBD, 0x1398,   // 0x0BD0 (3024)
0x2BD9, 0x445B, 0x44DD, 0x1BB9, 0x1359, 0x12F8, 0x1AD6, 0x5CBD, 0x64BC, 0x3316, 0x00AC, 0x00AC, 0x08AB, 0x108A, 0x7315, 0xC59F,   // 0x0BE0 (3040)
0x290F, 0x08AD, 0x094E, 0x855C, 0x4BF5, 0x00C6, 0x0003, 0x0002, 0x0000, 0x0861, 0x0020, 0x0000, 0x0820, 0x1060, 0x7BAB, 0xE6D7,   // 0x0BF0 (3056)
0xE696, 0xE696, 0xE675, 0xFF37, 0xE675, 0xEE95, 0xFF78, 0xFF38, 0xFF18, 0xF6B7, 0xF677, 0xEE16, 0xEDD5, 0xF5F7, 0xEDB6, 0xE534,   // 0x0C00 (3072)
0x0046, 0x0025, 0x0065, 0x0024, 0x0025, 0x0005, 0x0047, 0x0068, 0x218C, 0x0047, 0x0066, 0x0045, 0x0087, 0x0047, 0x0007, 0x08AA,   // 0x0C10 (3088)
0x0089, 0x014B, 0x1A91, 0x6D5B, 0x9EDF, 0x4415, 0x09F0, 0x010F, 0x0131, 0x0932, 0x0132, 0x0912, 0x00D1, 0x08CF, 0x08CD, 0x84BC,   // 0x0C20 (3104)
0x84FE, 0x0991, 0x0192, 0x0A14, 0x01F4, 0x01F4, 0x01D4, 0x01B4, 0x0195, 0x0134, 0x0155, 0x09B5, 0x09B5, 0x01B4, 0x01D5, 0x0256,   // 0x0C30 (3120)
0x02B7, 0x02B7, 0x1B7A, 0x02F8, 0x02D8, 0x139B, 0x0339, 0x1C1C, 0x13FB, 0x0358, 0x0359, 0x02D7, 0x0AB8, 0x0A37, 0x09F6, 0x1238,   // 0x0C40 (3136)
0x0A38, 0x0A58, 0x0A79, 0x0A59, 0x12BB, 0x0ABB, 0x0A9B, 0x12FC, 0x02BB, 0x0AFB, 0x0B3B, 0x349F, 0x13BB, 0x0B79, 0x0358, 0x0B57,   // 0x0C50 (3152)
0x23D8, 0x65BF, 0x1BBA, 0x0B39, 0x0AD8, 0x12D6, 0x6D3E, 0x5C59, 0x2252, 0x00ED, 0x00AD, 0x008D, 0x08CD, 0x31F1, 0x94DD, 0x6B37,   // 0x0C60 (3168)
0x49F2, 0x10CD, 0x6C79, 0x3B32, 0x0108, 0x0003, 0x0022, 0x0000, 0x0820, 0x0820, 0x0020, 0x0840, 0x5227, 0xBD93, 0xE6B7, 0xE6B6,   // 0x0C70 (3184)
0xE695, 0xEEB6, 0xEEB6, 0xEEB6, 0xEE95, 0xEEB6, 0xF6F7, 0xFF18, 0xF6B6, 0xF696, 0xF677, 0xE5D5, 0xEDD6, 0xEDB6, 0xDD34, 0xD4B2,   // 0x0C80 (3200)
0x0045, 0x0024, 0x0024, 0x0024, 0x0045, 0x0046, 0x0005, 0x216B, 0x0067, 0x0046, 0x0066, 0x0046, 0x0046, 0x0067, 0x0889, 0x008A,   // 0x0C90 (3216)
0x010B, 0x0A4F, 0x5C98, 0x9EBF, 0x7DBC, 0x2290, 0x012E, 0x0130, 0x0111, 0x0111, 0x00D1, 0x00F0, 0x08EF, 0x1970, 0xADFF, 0x63D8,   // 0x0CA0 (3232)
0x0971, 0x0110, 0x1215, 0x1216, 0x01B4, 0x0194, 0x01D4, 0x0173, 0x0154, 0x11B6, 0x1195, 0x0154, 0x01B4, 0x01F5, 0x0235, 0x0296,   // 0x0CB0 (3248)
0x0AB7, 0x0AD8, 0x0B19, 0x02D8, 0x0319, 0x0339, 0x1C1C, 0x13BB, 0x0BBA, 0x0B9A, 0x0339, 0x02B7, 0x0A98, 0x0A37, 0x1217, 0x1238,   // 0x0CC0 (3264)
0x0A58, 0x0A79, 0x0A79, 0x1B1C, 0x0A9A, 0x12DB, 0x12FC, 0x0ADB, 0x02BB, 0x133C, 0x0B1B, 0x1B9C, 0x2C7E, 0x0339, 0x0B79, 0x1BB9,   // 0x0CD0 (3280)
0x44BD, 0x449C, 0x1B5A, 0x0AF8, 0x1B18, 0x753F, 0x4BB8, 0x19F0, 0x00ED, 0x00CD, 0x00CE, 0x00CE, 0x090E, 0x7C7B, 0x29F1, 0x004B,   // 0x0CE0 (3296)
0x4A53, 0x94BB, 0x090A, 0x00E8, 0x0003, 0x0002, 0x0800, 0x0800, 0x1040, 0x6B0A, 0xA532, 0xE6D9, 0xE6D9, 0xE6B7, 0xE696, 0xE695,   // 0x0CF0 (3312)
0xEEB5, 0xF6D6, 0xF6D6, 0xEE95, 0xE655, 0xE655, 0xEE76, 0xF696, 0xEE76, 0xE615, 0xE5F5, 0xE5D5, 0xEDB5, 0xED95, 0xE535, 0xED96,   // 0x0D00 (3328)
0x0044, 0x0044, 0x0024, 0x0025, 0x0046, 0x0005, 0x0888, 0x31CD, 0x0067, 0x0046, 0x0025, 0x0046, 0x0026, 0x0068, 0x00AA, 0x00CA,   // 0x0D10 (3344)
0x022E, 0x3C35, 0xA6FE, 0xA6BE, 0x5C37, 0x096F, 0x00CE, 0x00CF, 0x00D0, 0x00F1, 0x0910, 0x00AD, 0x08ED, 0x847B, 0x21D2, 0x0130,   // 0x0D20 (3360)
0x0133, 0x0995, 0x09B5, 0x01B4, 0x01B5, 0x0194, 0x09B5, 0x0174, 0x0974, 0x0154, 0x0974, 0x09B5, 0x09F6, 0x0215, 0x12F8, 0x0AF7,   // 0x0D30 (3376)
0x0AD7, 0x0AB7, 0x0AF9, 0x02F8, 0x02D8, 0x1BFC, 0x0B7A, 0x13BB, 0x0B9A, 0x137A, 0x0B39, 0x0298, 0x01F6, 0x1278, 0x09D7, 0x1259,   // 0x0D40 (3392)
0x0A79, 0x0A9A, 0x12FB, 0x0A7A, 0x1B1C, 0x12DC, 0x029B, 0x131C, 0x0AFC, 0x0B1C, 0x0B3C, 0x0B3B, 0x0B3A, 0x0B5A, 0x139A, 0x1BDB,   // 0x0D50 (3408)
0x1B5A, 0x239C, 0x1B1A, 0x1297, 0x5CBE, 0x647B, 0x092F, 0x008D, 0x00CE, 0x00CE, 0x012E, 0x4336, 0x3253, 0x08EE, 0x008B, 0x5356,   // 0x0D60 (3424)
0xADBF, 0x4A50, 0x20A9, 0x0804, 0x0002, 0x0000, 0x0800, 0x1000, 0x62A9, 0xE6D9, 0xDE97, 0xEEF8, 0xEF18, 0xE696, 0xE696, 0xEE76,   // 0x0D70 (3440)
0xF6D6, 0xF6D6, 0xEE95, 0xE654, 0xE614, 0xEE35, 0xF676, 0xF697, 0xEE56, 0xEDF5, 0xE594, 0xE5B5, 0xED95, 0xF5D6, 0xED76, 0xF5B7,   // 0x0D80 (3456)
0x0024, 0x0044, 0x0045, 0x0025, 0x0026, 0x0026, 0x08A8, 0x29AC, 0x0046, 0x0047, 0x0026, 0x0888, 0x0047, 0x0047, 0x00EA, 0x09ED,   // 0x0D90 (3472)
0x1B51, 0x8EDE, 0xAF1E, 0x9DFC, 0x2A31, 0x00CE, 0x00F0, 0x00F0, 0x0132, 0x0931, 0x00EF, 0x194F, 0x52F5, 0x1950, 0x0951, 0x0133,   // 0x0DA0 (3488)
0x0975, 0x11B6, 0x0174, 0x0195, 0x09B6, 0x0155, 0x0995, 0x0995, 0x0174, 0x0153, 0x09B5, 0x09F5, 0x0A37, 0x0A97, 0x23BB, 0x02D7,   // 0x0DB0 (3504)
0x0296, 0x1359, 0x135A, 0x02F8, 0x0B5A, 0x139A, 0x13BB, 0x139B, 0x0B5A, 0x133A, 0x12F9, 0x0216, 0x0A78, 0x01B6, 0x1A79, 0x0A18,   // 0x0DC0 (3520)
0x0A9A, 0x12FB, 0x0A9A, 0x131C, 0x12DB, 0x0ABB, 0x131C, 0x0AFB, 0x0AFB, 0x0B3C, 0x02DA, 0x1BBD, 0x0B5B, 0x345F, 0x3CBF, 0x0AF9,   // 0x0DD0 (3536)
0x0AFA, 0x12D9, 0x2B5A, 0x6D1F, 0x53DA, 0x00EE, 0x008D, 0x00AE, 0x008E, 0x010F, 0x645B, 0x4B98, 0x012E, 0x00AC, 0x2A72, 0x84FC,   // 0x0DE0 (3552)
0x198C, 0x0025, 0x30E8, 0x2024, 0x1002, 0x1021, 0x0800, 0x1860, 0xDE37, 0xEED8, 0xEEF8, 0xF717, 0xDE95, 0xDE95, 0xE676, 0xFF19,   // 0x0DF0 (3568)
0xF6D6, 0xEE95, 0xE634, 0xE614, 0xEE55, 0xF676, 0xF677, 0xF636, 0xEDF5, 0xE5D5, 0xDD74, 0xEDB5, 0xF5D6, 0xFDF7, 0xED55, 0xE515,   // 0x0E00 (3584)
0x0045, 0x0025, 0x0025, 0x0046, 0x0047, 0x10E9, 0x1109, 0x194A, 0x0046, 0x0067, 0x0047, 0x0068, 0x0089, 0x00CA, 0x014B, 0x1AF0,   // 0x0E10 (3600)
0x6DF9, 0xAFDF, 0x7D38, 0x84F9, 0x110E, 0x00AF, 0x00F1, 0x0112, 0x00D2, 0x00F1, 0x090F, 0x5B98, 0x08CF, 0x00D0, 0x0113, 0x0195,   // 0x0E20 (3616)
0x0133, 0x0975, 0x0176, 0x0176, 0x0197, 0x0176, 0x0176, 0x0155, 0x0174, 0x01B5, 0x01B5, 0x01D5, 0x1298, 0x0A97, 0x1B3A, 0x0AF9,   // 0x0E30 (3632)
0x239B, 0x02D7, 0x0297, 0x139A, 0x245D, 0x13BB, 0x0B7A, 0x135A, 0x133A, 0x0AB8, 0x0A98, 0x0A78, 0x01F7, 0x0A38, 0x0218, 0x129A,   // 0x0E40 (3648)
0x12FB, 0x0ADA, 0x133C, 0x131C, 0x12DB, 0x1B3C, 0x0ADB, 0x131C, 0x0B1C, 0x031B, 0x139D, 0x0B3B, 0x0B5B, 0x23DD, 0x23DD, 0x1B5B,   // 0x0E50 (3664)
0x1B19, 0x2319, 0x755F, 0x32D6, 0x00AE, 0x00CE, 0x008D, 0x00AD, 0x21F2, 0x090F, 0x19D3, 0x00CE, 0x014F, 0x6CDC, 0x098E, 0x00EB,   // 0x0E60 (3680)
0x0086, 0x0023, 0x0802, 0x4167, 0x2001, 0x1800, 0x1840, 0xAD12, 0xEED8, 0xF718, 0xEED6, 0xEEB5, 0xDE74, 0xEEB6, 0xFF18, 0xEE96,   // 0x0E70 (3696)
0xE675, 0xE654, 0xE635, 0xEE55, 0xF677, 0xF677, 0xEE16, 0xE5B4, 0xE5B5, 0xE594, 0xEDB5, 0xFE37, 0xFE79, 0xF5D7, 0xED76, 0xED56,   // 0x0E80 (3712)
0x0046, 0x0005, 0x0047, 0x0047, 0x0068, 0x08E9, 0x42D1, 0x0087, 0x0088, 0x0088, 0x0048, 0x0049, 0x00CA, 0x010A, 0x0A4E, 0x4CB6,   // 0x0E90 (3728)
0xAFFF, 0x75FA, 0x7CF9, 0x4272, 0x192F, 0x00B0, 0x00F2, 0x0113, 0x0114, 0x0113, 0x3276, 0x0910, 0x00B0, 0x00F3, 0x0114, 0x0134,   // 0x0EA0 (3744)
0x0996, 0x0175, 0x0176, 0x0197, 0x0177, 0x09B7, 0x01B6, 0x0195, 0x0174, 0x0153, 0x0194, 0x0A36, 0x1298, 0x0257, 0x1ADA, 0x1B1A,   // 0x0EB0 (3760)
0x02D8, 0x0338, 0x0B9A, 0x34DF, 0x13FC, 0x0359, 0x139B, 0x1B7B, 0x1B1A, 0x12B8, 0x0A37, 0x22DA, 0x0A58, 0x01D7, 0x0A79, 0x0A9A,   // 0x0EC0 (3776)
0x0ABA, 0x135C, 0x131C, 0x0AFB, 0x237D, 0x0ADB, 0x131C, 0x0B1C, 0x0B3C, 0x031B, 0x031B, 0x137C, 0x241E, 0x0B1A, 0x0B1B, 0x0AF9,   // 0x0ED0 (3792)
0x33BB, 0x2B17, 0x1A53, 0x00EE, 0x006D, 0x006D, 0x00CE, 0x2A74, 0x84FE, 0x2A33, 0x00AF, 0x0951, 0x7D3E, 0x4396, 0x00CA, 0x0087,   // 0x0EE0 (3808)
0x0022, 0x0001, 0x0800, 0x1821, 0x4946, 0x3061, 0x28A1, 0xEEB8, 0xEEB7, 0xEED7, 0xEEB5, 0xE653, 0xF717, 0xF717, 0xE675, 0xEE96,   // 0x0EF0 (3824)
0xE654, 0xE675, 0xEE76, 0xF676, 0xF657, 0xEE16, 0xEDB5, 0xE594, 0xE574, 0xED95, 0xEDD5, 0xED95, 0xED95, 0xE514, 0xED56, 0xF597,   // 0x0F00 (3840)
0x0047, 0x0027, 0x0068, 0x0048, 0x0088, 0x00C9, 0x5373, 0x00E9, 0x0068, 0x0089, 0x008A, 0x00CB, 0x010C, 0x01AD, 0x4476, 0x973F,   // 0x0F10 (3856)
0x86BE, 0x4415, 0x8D1D, 0x10AE, 0x1110, 0x00B0, 0x0133, 0x0134, 0x00D3, 0x19B6, 0x00D3, 0x0914, 0x0955, 0x0135, 0x01B6, 0x01B6,   // 0x0F20 (3872)
0x0156, 0x0156, 0x0176, 0x09F7, 0x01B6, 0x01D6, 0x01D6, 0x09F7, 0x0174, 0x0174, 0x01F6, 0x0A37, 0x0A38, 0x1299, 0x22FB, 0x0A99,   // 0x0F30 (3888)
0x0297, 0x0BBA, 0x3D1F, 0x0BDB, 0x0BBB, 0x1BFC, 0x137B, 0x0AF9, 0x1AD9, 0x1258, 0x1237, 0x3B7D, 0x01F7, 0x0A59, 0x0238, 0x0ADB,   // 0x0F40 (3904)
0x0B1B, 0x0B1B, 0x133C, 0x1B7D, 0x0AFB, 0x1B5D, 0x133C, 0x0B3B, 0x137D, 0x033B, 0x1BBD, 0x1BDE, 0x139D, 0x133B, 0x135C, 0x33FD,   // 0x0F50 (3920)
0x6D5F, 0x01B1, 0x00AD, 0x00AE, 0x00EF, 0x00CE, 0x3B16, 0x6C9C, 0x19F1, 0x00EE, 0x11B1, 0x0970, 0x3253, 0x00CA, 0x0065, 0x0021,   // 0x0F60 (3936)
0x0021, 0x0000, 0x0000, 0x1020, 0x2020, 0x6A68, 0xDDD5, 0xF6B7, 0xEEB6, 0xEEB6, 0xEE95, 0xEEB6, 0xEE95, 0xEE74, 0xF6D6, 0xEE95,   // 0x0F70 (3952)
0xE675, 0xEE96, 0xF696, 0xEE56, 0xEDF6, 0xE5B5, 0xE595, 0xE595, 0xEDB6, 0xFE17, 0xEDB5, 0xDD13, 0xDCF3, 0xE534, 0xF597, 0xF597,   // 0x0F80 (3968)
0x0028, 0x0048, 0x0049, 0x0069, 0x0089, 0x012B, 0x118C, 0x3290, 0x00EA, 0x00EB, 0x00AB, 0x00EC, 0x09CE, 0x2332, 0x765D, 0x9FDF,   // 0x0F90 (3984)
0x3C56, 0x5417, 0x5337, 0x10D0, 0x00B0, 0x0933, 0x0954, 0x0113, 0x3A9A, 0x21D7, 0x0977, 0x0136, 0x0156, 0x09D8, 0x01B6, 0x0196,   // 0x0FA0 (4000)
0x0177, 0x01B8, 0x0176, 0x01D7, 0x09F6, 0x0A17, 0x0A17, 0x09F7, 0x01D7, 0x01D7, 0x01D7, 0x0A38, 0x1ADA, 0x1ADA, 0x0A58, 0x0278,   // 0x0FB0 (4016)
0x139B, 0x247D, 0x0B9A, 0x039A, 0x1C3D, 0x13BC, 0x02D9, 0x1B3B, 0x1278, 0x09F7, 0x1238, 0x3B9D, 0x1258, 0x0218, 0x0A9A, 0x12FB,   // 0x0FC0 (4032)
0x0B1B, 0x135C, 0x135C, 0x0B1B, 0x137C, 0x133C, 0x135C, 0x137C, 0x0B3B, 0x139C, 0x1BDE, 0x0B5C, 0x133C, 0x133B, 0x1B1B, 0x1AD9,   // 0x0FD0 (4048)
0x0171, 0x00EE, 0x00CE, 0x00AE, 0x00CE, 0x2A54, 0x0990, 0x0990, 0x010E, 0x32B4, 0x95DF, 0x19AF, 0x008A, 0x0047, 0x0022, 0x0000,   // 0x0FE0 (4064)
0x0000, 0x0840, 0x0800, 0x0800, 0x1840, 0xD5D5, 0xF6B7, 0xEE55, 0xEEB5, 0xE695, 0xEEB6, 0xEE95, 0xEE55, 0xF6D6, 0xE654, 0xE674,   // 0x0FF0 (4080)
0xEEB5, 0xEEB6, 0xF697, 0xEE36, 0xEDD5, 0xE595, 0xE554, 0xE534, 0xEDB6, 0xED95, 0xCCB1, 0xCCB1, 0xD4B2, 0xE4F4, 0xE4F4, 0xDCB3,   // 0x1000 (4096)
0x0028, 0x192D, 0x004A, 0x00CB, 0x00CB, 0x098E, 0x09AE, 0x2250, 0x096D, 0x016D, 0x01AE, 0x01EF, 0x2BB4, 0x555A, 0x9FDF, 0x4D18,   // 0x1010 (4112)
0x2B53, 0xBF3F, 0x42D6, 0x1132, 0x00F3, 0x0914, 0x1113, 0x29F6, 0x6C3F, 0x0995, 0x0155, 0x01D7, 0x09F8, 0x1219, 0x0196, 0x0176,   // 0x1020 (4128)
0x0176, 0x0197, 0x01F8, 0x01F8, 0x0A59, 0x0218, 0x0218, 0x0A39, 0x11F8, 0x11F9, 0x0A59, 0x12DA, 0x1B3B, 0x0257, 0x0237, 0x1B9C,   // 0x1030 (4144)
0x1BFC, 0x0B9A, 0x0BBB, 0x243E, 0x139C, 0x02FB, 0x0ADB, 0x1B3C, 0x0218, 0x0A38, 0x01F6, 0x333B, 0x0A38, 0x0A59, 0x231C, 0x0A9B,   // 0x1040 (4160)
0x235D, 0x1B7D, 0x0B1B, 0x1BBD, 0x033A, 0x0B7B, 0x0B5B, 0x0B7B, 0x13FD, 0x13DD, 0x033B, 0x1B7D, 0x12FB, 0x1ADA, 0x1A58, 0x00D1,   // 0x1050 (4176)
0x00AF, 0x006D, 0x00CF, 0x00EF, 0x3AD6, 0x4B99, 0x010E, 0x00ED, 0x4B98, 0x7CFC, 0x198F, 0x090B, 0x0026, 0x0003, 0x0021, 0x0000,   // 0x1060 (4192)
0x0000, 0x1061, 0x0000, 0x1860, 0xC593, 0xE696, 0xF6D6, 0xEEB6, 0xEEB5, 0xE695, 0xEE95, 0xEEB6, 0xE654, 0xEE95, 0xE675, 0xEEB5,   // 0x1070 (4208)
0xF717, 0xF718, 0xEE56, 0xE594, 0xED74, 0xED75, 0xDCF3, 0xF596, 0xE575, 0xD513, 0xD4F3, 0xD4F3, 0xDCF3, 0xDCB3, 0xDC72, 0xECF4,   // 0x1080 (4224)
0x004A, 0x29D0, 0x116F, 0x014F, 0x016F, 0x2293, 0x11F0, 0x018E, 0x2AB2, 0x1A50, 0x3374, 0x33D5, 0x4CD8, 0x8F3F, 0x5DDB, 0x3435,   // 0x1090 (4240)
0x2B34, 0x2233, 0x1172, 0x0932, 0x1134, 0x1996, 0x4278, 0xA57F, 0x1194, 0x0112, 0x01B5, 0x01D7, 0x01D8, 0x1239, 0x09B8, 0x0176,   // 0x10A0 (4256)
0x0177, 0x01B7, 0x0219, 0x0219, 0x0A79, 0x1299, 0x12BA, 0x1299, 0x1259, 0x1279, 0x235C, 0x1B5B, 0x0277, 0x02B8, 0x1B7B, 0x137A,   // 0x10B0 (4272)
0x0B7A, 0x1BDC, 0x243E, 0x0B5B, 0x0B1B, 0x0AFC, 0x12FD, 0x025A, 0x0219, 0x01D7, 0x1259, 0x1299, 0x1299, 0x129A, 0x0A9B, 0x1B3D,   // 0x10C0 (4288)
0x131C, 0x131C, 0x1BBD, 0x031A, 0x13BC, 0x0B9B, 0x0B9B, 0x1C1D, 0x1C1D, 0x139C, 0x1BBD, 0x12FA, 0x22FB, 0x1A37, 0x0070, 0x008F,   // 0x10D0 (4304)
0x006E, 0x00AF, 0x0910, 0x2214, 0x32D7, 0x00EF, 0x010F, 0x09B0, 0x2A73, 0x116E, 0x00C9, 0x0066, 0x0003, 0x0001, 0x0000, 0x0000,   // 0x10E0 (4320)
0x0820, 0x0000, 0x3123, 0xCDD5, 0xEED7, 0xF6F7, 0xE674, 0xE694, 0xEEB5, 0xEEB5, 0xEE95, 0xE675, 0xE675, 0xF6B6, 0xEEB6, 0xF6F7,   // 0x10F0 (4336)
0xFF38, 0xEE96, 0xEDF5, 0xED74, 0xE513, 0xD471, 0xED75, 0xE534, 0xDD13, 0xC4B2, 0xCCB2, 0xD4D3, 0xE514, 0xE4D4, 0xDC93, 0xECF5,   // 0x1100 (4352)
0x00EF, 0x2A75, 0x3B37, 0x1A54, 0x1A54, 0x3B57, 0x2273, 0x09D0, 0x3313, 0x5416, 0x5C77, 0x85FC, 0x96BF, 0x867E, 0x5D59, 0x3C57,   // 0x1110 (4368)
0x01D1, 0x0972, 0x0933, 0x1154, 0x08D1, 0x1111, 0xBE3F, 0x3A55, 0x00F1, 0x0133, 0x01B6, 0x01D7, 0x0A18, 0x01F8, 0x0157, 0x0178,   // 0x1120 (4384)
0x0978, 0x09B9, 0x0A5A, 0x0A9A, 0x231A, 0x1277, 0x0A98, 0x12D9, 0x133A, 0x23DB, 0x1BDB, 0x0B79, 0x0B5A, 0x139B, 0x137A, 0x137A,   // 0x1130 (4400)
0x135A, 0x23FD, 0x133B, 0x02BA, 0x0A9A, 0x1AFC, 0x023A, 0x01D8, 0x0219, 0x1ABA, 0x01D7, 0x0A38, 0x1299, 0x0ADA, 0x1B9D, 0x133C,   // 0x1140 (4416)
0x135C, 0x1B9D, 0x135B, 0x1BBD, 0x0B7A, 0x0B9A, 0x247E, 0x13DC, 0x1BFD, 0x1BBD, 0x1B3B, 0x233A, 0x0173, 0x008F, 0x00D1, 0x00B0,   // 0x1150 (4432)
0x008F, 0x1172, 0x4B59, 0x0130, 0x00EF, 0x0971, 0x5BDB, 0x4B58, 0x00CC, 0x08EB, 0x0025, 0x0002, 0x0021, 0x0021, 0x0021, 0x0000,   // 0x1160 (4448)
0x49E7, 0xB553, 0xEEF9, 0xEED8, 0xE696, 0xEEB6, 0xF6F6, 0xFF17, 0xE675, 0xF6B6, 0xF6B6, 0xE675, 0xF6D7, 0xFEF7, 0xF6B6, 0xFED7,   // 0x1170 (4464)
0xF696, 0xE5F5, 0xE574, 0xE513, 0xCC30, 0xE514, 0xE555, 0xD514, 0xC4B2, 0xC471, 0xD4B3, 0xE4D4, 0xE4B4, 0xDC94, 0xE4B5, 0xF557,   // 0x1180 (4480)
0x09F4, 0x2AF7, 0x543C, 0x1233, 0x0170, 0x09D2, 0x2294, 0x53F8, 0x5C58, 0x8DFC, 0xAEFF, 0xBF7F, 0xB77F, 0x863C, 0x6D7B, 0x1AF3,   // 0x1190 (4496)
0x09D2, 0x0994, 0x1174, 0x00B0, 0x088E, 0x6B79, 0x7C3C, 0x1131, 0x0912, 0x0113, 0x0134, 0x01B6, 0x01F8, 0x0177, 0x0158, 0x09BA,   // 0x11A0 (4512)
0x11BA, 0x121A, 0x0A9A, 0x12D9, 0x439A, 0x3317, 0x2AF6, 0x2B99, 0x2C5C, 0x1C5B, 0x0BD9, 0x1C5C, 0x2C7E, 0x0B7B, 0x0B18, 0x2C1C,   // 0x11B0 (4528)
0x1BBB, 0x02D9, 0x0279, 0x12BB, 0x1ADC, 0x01F9, 0x01D8, 0x129B, 0x1ABB, 0x01D7, 0x1259, 0x127A, 0x0A9A, 0x1B5D, 0x031B, 0x139C,   // 0x11C0 (4544)
0x139C, 0x0B5B, 0x1BFD, 0x0B7A, 0x1BDC, 0x247D, 0x13FC, 0x243D, 0x137C, 0x1B1B, 0x2B5B, 0x0132, 0x00F0, 0x00CF, 0x006F, 0x008F,   // 0x11D0 (4560)
0x19D4, 0x3AD8, 0x19F3, 0x00CF, 0x00CF, 0x4B78, 0x2A33, 0x00AC, 0x008A, 0x0046, 0x0023, 0x0042, 0x0000, 0x0020, 0x0000, 0x1082,   // 0x11E0 (4576)
0xD657, 0xF719, 0xF719, 0xEEB7, 0xEE96, 0xEEB6, 0xF6F6, 0xEE75, 0xEEB6, 0xF6D7, 0xF6F7, 0xF696, 0xFED8, 0xF6B7, 0xEE55, 0xEE35,   // 0x11F0 (4592)
0xE5D4, 0xE574, 0xE553, 0xCC71, 0xDCD3, 0xED75, 0xE555, 0xDD34, 0xCCD3, 0xD4B3, 0xDCB4, 0xE4B5, 0xDC54, 0xDC54, 0xDCB6, 0xED38,   // 0x1200 (4608)
0x12B7, 0x1AF7, 0x5CBE, 0x1A53, 0x1212, 0x0190, 0x09B0, 0x32F4, 0x751A, 0xAEDF, 0xCFDF, 0xCFDF, 0xBF7F, 0x9E9D, 0x6D1A, 0x2B15,   // 0x1210 (4624)
0x09D3, 0x00F1, 0x0131, 0x00CE, 0x294F, 0x83F9, 0x3A35, 0x08F1, 0x0091, 0x00D3, 0x0134, 0x0197, 0x0198, 0x0179, 0x09BB, 0x11DB,   // 0x1220 (4640)
0x121B, 0x1239, 0x12FA, 0x33DB, 0x2231, 0x0068, 0x0069, 0x1A71, 0x2C79, 0x147A, 0x149B, 0x24DD, 0x0BBB, 0x139B, 0x2C1C, 0x2BFC,   // 0x1230 (4656)
0x0AF9, 0x0299, 0x12BB, 0x129B, 0x0A1A, 0x01F9, 0x1A9B, 0x1ADC, 0x0A39, 0x01F8, 0x1ABC, 0x129B, 0x1B1D, 0x0ADB, 0x139C, 0x0B9C,   // 0x1240 (4672)
0x0B9C, 0x1C1D, 0x0B9B, 0x1C1C, 0x249E, 0x13FC, 0x245E, 0x139B, 0x1B1A, 0x22B8, 0x0111, 0x00AF, 0x00AF, 0x008E, 0x00CF, 0x0110,   // 0x1250 (4688)
0x2AB7, 0x0993, 0x00F1, 0x1A35, 0x4B79, 0x006C, 0x08ED, 0x08CA, 0x0046, 0x0003, 0x0002, 0x0000, 0x0841, 0x0020, 0x0000, 0x39C6,   // 0x1260 (4704)
0xEED8, 0xEEB7, 0xE655, 0xF6D6, 0xFEF7, 0xF6D6, 0xEE74, 0xEE95, 0xFF38, 0xF6D7, 0xFED7, 0xEE76, 0xEE76, 0xE615, 0xE5F5, 0xE5B4,   // 0x1270 (4720)
0xE553, 0xED74, 0xD4D2, 0xDCF3, 0xEDB6, 0xE575, 0xED75, 0xED76, 0xE515, 0xE4D4, 0xDC74, 0xDC74, 0xDC75, 0xDC96, 0xD497, 0xC436,   // 0x1280 (4736)
0x12B6, 0x12B6, 0x545B, 0x012E, 0x010D, 0x014E, 0x1A52, 0x5C38, 0x8DDC, 0xB73F, 0xCFBF, 0xD7FF, 0xBF7F, 0x8DFB, 0x5C78, 0x2AF5,   // 0x1290 (4752)
0x09B3, 0x0952, 0x00EF, 0x004B, 0x83F8, 0x39B0, 0x08D0, 0x1995, 0x00D3, 0x00F4, 0x0156, 0x0198, 0x0199, 0x019A, 0x09DC, 0x09BB,   // 0x12A0 (4768)
0x09FA, 0x127A, 0x131A, 0x2B78, 0x0088, 0x0024, 0x0004, 0x0046, 0x1BB5, 0x2D3C, 0x1CBB, 0x0BF9, 0x0B99, 0x2C7E, 0x2C5D, 0x0B39,   // 0x12B0 (4784)
0x0AFA, 0x237D, 0x129B, 0x0A1A, 0x09FA, 0x1ABC, 0x0A7B, 0x0239, 0x0239, 0x1ABC, 0x22DD, 0x021A, 0x12DC, 0x1B5D, 0x13BC, 0x13BB,   // 0x12C0 (4800)
0x1C1D, 0x0BBB, 0x24BE, 0x249D, 0x1C3C, 0x247E, 0x139B, 0x1B3A, 0x1A77, 0x00D0, 0x008F, 0x008F, 0x004E, 0x00CF, 0x2A95, 0x09B2,   // 0x12D0 (4816)
0x00AF, 0x0152, 0x2256, 0x3AF8, 0x1191, 0x00CC, 0x00A9, 0x0005, 0x0003, 0x0002, 0x0802, 0x0801, 0x0000, 0x0000, 0x0860, 0x738B,   // 0x12E0 (4832)
0xEED7, 0xEEB6, 0xFEF6, 0xFEF6, 0xFEF6, 0xEE95, 0xF6D6, 0xFED6, 0xFEF7, 0xEE76, 0xF696, 0xEE56, 0xE615, 0xE5D4, 0xE5B4, 0xE594,   // 0x12F0 (4848)
0xDD13, 0xE534, 0xDD13, 0xED95, 0xE575, 0xEDB6, 0xED96, 0xF5B7, 0xECF5, 0xE494, 0xDC34, 0xDC55, 0xD476, 0xCC77, 0xBC36, 0x9B73,   // 0x1300 (4864)
0x0A13, 0x09F1, 0x3B56, 0x00CB, 0x00EC, 0x012D, 0x11AF, 0x53D6, 0x859B, 0x7D9A, 0xBF7F, 0xB71E, 0x9E5C, 0x85BB, 0x5C79, 0x11F2,   // 0x1310 (4880)
0x0130, 0x1172, 0x112F, 0x192E, 0x8C3A, 0x39D2, 0x0070, 0x1176, 0x0116, 0x00F6, 0x0137, 0x0178, 0x0199, 0x01BA, 0x09BB, 0x09FB,   // 0x1320 (4896)
0x0A5A, 0x0A99, 0x1B5A, 0x2337, 0x00A7, 0x0002, 0x0002, 0x0024, 0x2B93, 0x34FA, 0x13D8, 0x1BF9, 0x349D, 0x2C5D, 0x0B5A, 0x1B9C,   // 0x1330 (4912)
0x23DD, 0x12FB, 0x025A, 0x023A, 0x231E, 0x0A5A, 0x01F8, 0x025A, 0x12DC, 0x0A9B, 0x0A3B, 0x0A5B, 0x12BB, 0x1B5C, 0x0B5A, 0x1C1C,   // 0x1340 (4928)
0x0BDA, 0x1C9D, 0x1C9C, 0x143C, 0x2CBE, 0x139B, 0x2339, 0x1A56, 0x00B0, 0x006F, 0x008F, 0x0090, 0x00B0, 0x3276, 0x2A96, 0x0151,   // 0x1350 (4944)
0x00F0, 0x0131, 0x3AF8, 0x0110, 0x00AC, 0x08CA, 0x0024, 0x0022, 0x0001, 0x0000, 0x0802, 0x0001, 0x0001, 0x0820, 0x0000, 0xC614,   // 0x1360 (4960)
0xEED6, 0xF6D5, 0xFEF6, 0xF6D6, 0xEE74, 0xEE95, 0xF695, 0xF6B6, 0xEE75, 0xEE76, 0xEE56, 0xEE36, 0xEDD5, 0xE5B4, 0xDD33, 0xDD33,   // 0x1370 (4976)
0xDD33, 0xD4F2, 0xEDB6, 0xE534, 0xED95, 0xF5D6, 0xF5B6, 0xED56, 0xDCB4, 0xDC53, 0xD414, 0xD435, 0xC415, 0xABD5, 0x9BD5, 0x8353,   // 0x1380 (4992)
0x012E, 0x00CC, 0x2231, 0x00AB, 0x00EC, 0x010C, 0x118F, 0x6C9A, 0x5C57, 0x6CF9, 0x8DDB, 0x7538, 0x64B7, 0x53F7, 0x3B15, 0x32F6,   // 0x1390 (5008)
0x3AD6, 0x00CF, 0x08EE, 0x3A13, 0x2971, 0x39F4, 0x08F3, 0x0136, 0x0157, 0x0198, 0x01B9, 0x0199, 0x01B9, 0x01DA, 0x01BA, 0x0A3A,   // 0x13A0 (5024)
0x0A7A, 0x0AB9, 0x33FD, 0x33D9, 0x22D1, 0x0064, 0x0002, 0x0043, 0x3392, 0x3416, 0x2BF7, 0x44DC, 0x2C3A, 0x1399, 0x1BBC, 0x347F,   // 0x13B0 (5040)
0x0B3C, 0x0299, 0x0ADB, 0x231D, 0x0239, 0x0239, 0x0ABC, 0x12FD, 0x029B, 0x021A, 0x025B, 0x12BC, 0x12FB, 0x0B1A, 0x1BBB, 0x13DA,   // 0x13C0 (5056)
0x1C9C, 0x24BD, 0x1C9C, 0x247D, 0x135A, 0x235A, 0x09D4, 0x00D0, 0x008F, 0x006E, 0x008F, 0x0912, 0x0953, 0x0953, 0x00F0, 0x0152,   // 0x13D0 (5072)
0x3319, 0x0131, 0x00AF, 0x00AC, 0x08AA, 0x0025, 0x0022, 0x0000, 0x0000, 0x0000, 0x0001, 0x0000, 0x0000, 0x0820, 0x4204, 0xE6F6,   // 0x13E0 (5088)
0xF6F6, 0xF6D5, 0xFEF6, 0xF6B5, 0xEE94, 0xEE74, 0xF695, 0xF695, 0xEE75, 0xFEB7, 0xF656, 0xEDF5, 0xE5B4, 0xE574, 0xD4B1, 0xD4D2,   // 0x13F0 (5104)
0xDD54, 0xDD74, 0xDD13, 0xED96, 0xF5B6, 0xED96, 0xE555, 0xDCF4, 0xDC94, 0xD433, 0xCBD3, 0xCC15, 0xB3B4, 0x9B74, 0x8BB5, 0x7B74,   // 0x1400 (5120)
0x008C, 0x008B, 0x114E, 0x00CC, 0x00CC, 0x092E, 0x4315, 0x2A72, 0x2272, 0x4BF7, 0x4C17, 0x3354, 0x22B2, 0x3B35, 0x2A95, 0x1171,   // 0x1410 (5136)
0x08F0, 0x2172, 0x1910, 0x5297, 0x10D1, 0x29F7, 0x0115, 0x0998, 0x01B8, 0x01D9, 0x021A, 0x0A3B, 0x01D9, 0x01D9, 0x0A39, 0x0A39,   // 0x1420 (5152)
0x027A, 0x131B, 0x341E, 0x2BDA, 0x23D7, 0x2393, 0x1A8D, 0x00A4, 0x0168, 0x122B, 0x228F, 0x3BB5, 0x33F7, 0x23FA, 0x347F, 0x137C,   // 0x1430 (5168)
0x02FA, 0x02FB, 0x0AFB, 0x12DB, 0x0259, 0x0A9B, 0x1B1D, 0x027B, 0x025B, 0x023A, 0x027A, 0x0ADB, 0x0B1A, 0x1BDC, 0x2C9E, 0x1C5C,   // 0x1440 (5184)
0x145A, 0x147B, 0x247D, 0x1B9B, 0x2319, 0x0993, 0x008F, 0x006E, 0x00AF, 0x00AF, 0x11B3, 0x3AF9, 0x11F5, 0x00F1, 0x0113, 0x42FA,   // 0x1450 (5200)
0x2216, 0x00CF, 0x00CC, 0x0068, 0x0886, 0x0001, 0x0000, 0x0040, 0x0020, 0x0000, 0x0020, 0x0020, 0x0000, 0x0800, 0x7B6B, 0xEED7,   // 0x1460 (5216)
0xFF17, 0xF6D5, 0xEE94, 0xEE74, 0xEE75, 0xEE95, 0xEE95, 0xEE95, 0xFED7, 0xFED7, 0xE5D4, 0xE5B4, 0xDD53, 0xCC90, 0xD491, 0xE513,   // 0x1470 (5232)
0xE595, 0xDD54, 0xF596, 0xF575, 0xF596, 0xF596, 0xD4B3, 0xD4B4, 0xD473, 0xCC13, 0xD435, 0xB393, 0xAB94, 0x9BB5, 0x8395, 0x6AF2,   // 0x1480 (5248)
0x004B, 0x008B, 0x004B, 0x114E, 0x00AC, 0x21F1, 0x1990, 0x094F, 0x3AF5, 0x09B0, 0x2293, 0x01D0, 0x01B1, 0x11B2, 0x3275, 0x08F0,   // 0x1490 (5264)
0x08D0, 0x10D0, 0x2951, 0x4A97, 0x00D3, 0x11B8, 0x11B9, 0x0198, 0x023A, 0x027B, 0x12BC, 0x129C, 0x125B, 0x01F9, 0x0218, 0x0238,   // 0x14A0 (5280)
0x0A9A, 0x23BD, 0x2BDC, 0x23FA, 0x1C5A, 0x4D9C, 0x54D7, 0x0147, 0x0063, 0x0083, 0x0024, 0x0046, 0x3374, 0x4CBB, 0x23DB, 0x0B5A,   // 0x14B0 (5296)
0x031B, 0x139D, 0x131B, 0x0258, 0x12DB, 0x1B1C, 0x025A, 0x027B, 0x023A, 0x025A, 0x0ADB, 0x0B3B, 0x1BBC, 0x247E, 0x13FB, 0x0C1A,   // 0x14C0 (5312)
0x147B, 0x249C, 0x1B9A, 0x2B5A, 0x0131, 0x006F, 0x08CF, 0x08F0, 0x00CF, 0x11B3, 0x3B39, 0x01B3, 0x00D0, 0x11B4, 0x00D2, 0x1113,   // 0x14D0 (5328)
0x00B0, 0x008D, 0x08AA, 0x0025, 0x0001, 0x0021, 0x0020, 0x0020, 0x0000, 0x0000, 0x0040, 0x0020, 0x0820, 0x20A0, 0xCD93, 0xFF18,   // 0x14E0 (5344)
0xF6D6, 0xEEB5, 0xEE95, 0xEEB5, 0xEE95, 0xEE55, 0xEE96, 0xFEF7, 0xFEF8, 0xDDD3, 0xE5B3, 0xDD73, 0xBC2E, 0xCC70, 0xDCB1, 0xE4F3,   // 0x14F0 (5360)
0xED95, 0xE534, 0xF596, 0xFD97, 0xF576, 0xED56, 0xDCD5, 0xD494, 0xD474, 0xBBF3, 0xBBD4, 0xA352, 0x9353, 0xA417, 0xA499, 0x83B5,   // 0x1500 (5376)
0x084A, 0x002A, 0x006C, 0x008D, 0x090F, 0x092F, 0x00CD, 0x092E, 0x21F2, 0x0970, 0x0991, 0x0130, 0x0130, 0x0130, 0x3255, 0x1131,   // 0x1510 (5392)
0x10D1, 0x10D1, 0x5AF8, 0x1131, 0x0136, 0x0199, 0x0178, 0x125B, 0x0ADB, 0x131C, 0x1B1C, 0x0A7B, 0x0A1B, 0x01D9, 0x0A59, 0x12FA,   // 0x1520 (5408)
0x1B3B, 0x133A, 0x23FA, 0x3D1D, 0x355D, 0x353B, 0x3C35, 0x00A5, 0x0021, 0x0021, 0x0022, 0x0064, 0x0045, 0x3332, 0x23B7, 0x1BBA,   // 0x1530 (5424)
0x1BBC, 0x02D9, 0x02B8, 0x1B7C, 0x1B1B, 0x0A9A, 0x129B, 0x023A, 0x025B, 0x0ABB, 0x02D9, 0x13DC, 0x1C7D, 0x03B9, 0x0C3B, 0x2D1E,   // 0x1540 (5440)
0x2C9C, 0x23DA, 0x2338, 0x0110, 0x008E, 0x00AF, 0x00AF, 0x006E, 0x11D3, 0x0151, 0x0192, 0x00CF, 0x2A96, 0x431A, 0x08F2, 0x0090,   // 0x1550 (5456)
0x00AD, 0x008A, 0x0046, 0x0002, 0x0000, 0x0020, 0x0020, 0x0000, 0x0020, 0x0020, 0x10C0, 0x6308, 0xB551, 0xE696, 0xFEF9, 0xF6B8,   // 0x1560 (5472)
0xEE95, 0xEE95, 0xE674, 0xE675, 0xF6B6, 0xFED7, 0xFED7, 0xF696, 0xE614, 0xDDB3, 0xD531, 0xBC6F, 0xB3EE, 0xD4B1, 0xD491, 0xF555,   // 0x1570 (5488)
0xED14, 0xECD4, 0xED14, 0xED15, 0xE4F5, 0xED57, 0xED57, 0xC434, 0xB3D2, 0xABB3, 0x9B52, 0x7A90, 0xAC37, 0xC53C, 0x9C38, 0x9C59,   // 0x1580 (5504)
0x084A, 0x004B, 0x006D, 0x004C, 0x00CE, 0x008D, 0x00AD, 0x1170, 0x00EE, 0x00EE, 0x00EF, 0x00D0, 0x00F0, 0x0111, 0x0931, 0x42B7,   // 0x1590 (5520)
0x10F1, 0x31D4, 0x7C5E, 0x0111, 0x0177, 0x01FA, 0x021A, 0x0A7B, 0x131C, 0x131C, 0x0ABB, 0x0219, 0x01DA, 0x0A3B, 0x129B, 0x1B1B,   // 0x15A0 (5536)
0x0AD8, 0x0B17, 0x243A, 0x5E1F, 0x24DC, 0x2479, 0x0A6E, 0x0064, 0x0021, 0x0820, 0x0000, 0x0001, 0x0043, 0x0066, 0x3BF5, 0x3419,   // 0x15B0 (5552)
0x0B38, 0x0B19, 0x23BC, 0x135B, 0x0AB9, 0x0ABA, 0x0239, 0x127B, 0x027A, 0x02BA, 0x1BFD, 0x13FB, 0x03DA, 0x147B, 0x353F, 0x351E,   // 0x15C0 (5568)
0x2C1C, 0x1296, 0x0110, 0x00AE, 0x008E, 0x008F, 0x0911, 0x3AF8, 0x22B7, 0x0131, 0x00AE, 0x2AB6, 0x3B18, 0x00AF, 0x00B0, 0x008D,   // 0x15D0 (5584)
0x088A, 0x0005, 0x0002, 0x0022, 0x0020, 0x0000, 0x0000, 0x0000, 0x0040, 0x7BCD, 0xDEF7, 0xE6F7, 0xEEF7, 0xF718, 0xF697, 0xEE56,   // 0x15E0 (5600)
0xEE75, 0xEE95, 0xEE95, 0xEE76, 0xF6B7, 0xFED7, 0xF676, 0xDDD3, 0xE5F4, 0xE5D4, 0xD511, 0xBC6F, 0xC470, 0xE513, 0xED55, 0xFD96,   // 0x15F0 (5616)
0xECD4, 0xE473, 0xDC73, 0xDC53, 0xDC95, 0xE538, 0xD4B6, 0xA392, 0xA3D3, 0x7AAF, 0x7AB0, 0x9BD5, 0xB4BA, 0xB4DA, 0xA49A, 0xA49A,   // 0x1600 (5632)
0x006A, 0x006B, 0x002C, 0x008E, 0x00AF, 0x008E, 0x008D, 0x00CD, 0x008D, 0x00CE, 0x006E, 0x00D0, 0x0111, 0x008F, 0x0952, 0x21F4,   // 0x1610 (5648)
0x21B2, 0x7C5D, 0x4B39, 0x09B5, 0x01F7, 0x0ABB, 0x1B1C, 0x12FB, 0x12DB, 0x0A9B, 0x021A, 0x021A, 0x0A1A, 0x22FD, 0x129C, 0x0A7A,   // 0x1620 (5664)
0x0AB8, 0x23DA, 0x3CDC, 0x3D1C, 0x2439, 0x3458, 0x2AF0, 0x0044, 0x0001, 0x0000, 0x0821, 0x0001, 0x0001, 0x0002, 0x0128, 0x3BB4,   // 0x1630 (5680)
0x2BB9, 0x3C5D, 0x1B7A, 0x0AD9, 0x0AFA, 0x0A9A, 0x0A7A, 0x0A7A, 0x0ADB, 0x23DD, 0x13BB, 0x0399, 0x143B, 0x459F, 0x2CBD, 0x23FA,   // 0x1640 (5696)
0x01F4, 0x00F0, 0x00AE, 0x008D, 0x00AF, 0x0110, 0x0112, 0x1A36, 0x0111, 0x0110, 0x0991, 0x0971, 0x08EF, 0x00AD, 0x08AD, 0x08AA,   // 0x1650 (5712)
0x0025, 0x0002, 0x0001, 0x0000, 0x0000, 0x0000, 0x0020, 0x0020, 0x0020, 0xCE35, 0xF739, 0xF738, 0xFF38, 0xEE96, 0xF6B6, 0xF696,   // 0x1660 (5728)
0xF695, 0xF6B6, 0xFEF7, 0xFEF8, 0xF676, 0xE5B3, 0xDD93, 0xE5D4, 0xE5B3, 0xD552, 0xCCD0, 0xBC4F, 0xD4F2, 0xE534, 0xED35, 0xF576,   // 0x1670 (5744)
0xE4D4, 0xD453, 0xDC74, 0xDC54, 0xD496, 0xC455, 0x9352, 0x8B72, 0x7311, 0x626F, 0x93F6, 0x9C17, 0x8395, 0x9C79, 0x8418, 0x6355,   // 0x1680 (5760)
0x006B, 0x004B, 0x004D, 0x008F, 0x08F1, 0x008F, 0x00CF, 0x004C, 0x00AD, 0x00AE, 0x08F0, 0x0090, 0x00F2, 0x0133, 0x0112, 0x0152,   // 0x1690 (5776)
0x42F7, 0x8D3F, 0x11D5, 0x0A58, 0x12DA, 0x133B, 0x0B1B, 0x0ADB, 0x025A, 0x021A, 0x01D9, 0x0A19, 0x1259, 0x231C, 0x127B, 0x0A5A,   // 0x16A0 (5792)
0x1B3B, 0x345D, 0x1BD9, 0x3D1C, 0x1BF8, 0x3C59, 0x3353, 0x0086, 0x0022, 0x0801, 0x0000, 0x0021, 0x0001, 0x0021, 0x0022, 0x0128,   // 0x16B0 (5808)
0x5C9B, 0x2379, 0x0B18, 0x0B19, 0x0B1A, 0x02DA, 0x0ABA, 0x131C, 0x2BDD, 0x0319, 0x0B9A, 0x1C5C, 0x3D3F, 0x2C5B, 0x2C1A, 0x01D2,   // 0x16C0 (5824)
0x00AF, 0x00AF, 0x00AE, 0x00CF, 0x1192, 0x4318, 0x0132, 0x00F1, 0x0973, 0x4B7A, 0x2A14, 0x008D, 0x006C, 0x08AB, 0x0089, 0x0025,   // 0x16D0 (5840)
0x0001, 0x0000, 0x0041, 0x0021, 0x0021, 0x0020, 0x0020, 0x0000, 0x3122, 0xFFBB, 0xF6D7, 0xEE96, 0xF6B6, 0xF6B6, 0xEE74, 0xEE75,   // 0x16E0 (5856)
0xFED7, 0xFE96, 0xF676, 0xF635, 0xEDD4, 0xE593, 0xE5B3, 0xEDF4, 0xE593, 0xCCF1, 0xD4F1, 0xD512, 0xEDB6, 0xEDB6, 0xE556, 0xFE3A,   // 0x16F0 (5872)
0xDCF5, 0xDC94, 0xDC95, 0xCC14, 0xBBF4, 0x9B73, 0x6A8F, 0x83B4, 0x6AF2, 0x7B74, 0x7B54, 0x7B96, 0x7375, 0x52B2, 0x3A71, 0x3AB2,   // 0x1700 (5888)
0x006B, 0x008D, 0x008F, 0x10F2, 0x08B1, 0x00B1, 0x00B0, 0x008E, 0x008E, 0x00AF, 0x002E, 0x0091, 0x00F3, 0x0114, 0x0196, 0x1A57,   // 0x1710 (5904)
0x6C3C, 0x4B59, 0x1278, 0x1B3C, 0x1B7C, 0x0B1B, 0x02BA, 0x0219, 0x021A, 0x09FA, 0x09D9, 0x09F8, 0x22DB, 0x22FB, 0x0A39, 0x129A,   // 0x1720 (5920)
0x1AFB, 0x12FA, 0x1318, 0x44FE, 0x2C1C, 0x1BB9, 0x2BD8, 0x0A0E, 0x0003, 0x0000, 0x0000, 0x0000, 0x0021, 0x0062, 0x0000, 0x0043,   // 0x1730 (5936)
0x1A51, 0x2B79, 0x1339, 0x0B3A, 0x031B, 0x02BA, 0x1B7D, 0x1B9D, 0x0B5A, 0x0359, 0x1C3C, 0x3D3F, 0x243B, 0x2399, 0x0171, 0x00AE,   // 0x1740 (5952)
0x008E, 0x00AF, 0x008F, 0x2A56, 0x4319, 0x0152, 0x00D0, 0x00D0, 0x2216, 0x1993, 0x00AF, 0x00AD, 0x08CB, 0x0088, 0x0005, 0x0023,   // 0x1750 (5968)
0x0020, 0x0000, 0x0040, 0x0040, 0x0000, 0x0020, 0x0000, 0x0840, 0xB4F1, 0xF6B7, 0xFED8, 0xF676, 0xF696, 0xF675, 0xFF16, 0xFF37,   // 0x1760 (5984)
0xFE95, 0xF635, 0xE5B3, 0xDD73, 0xEDB4, 0xF615, 0xEDD4, 0xDD32, 0xD511, 0xC4B0, 0xDD53, 0xF5F6, 0xE595, 0xED97, 0xED97, 0xFDF9,   // 0x1770 (6000)
0xD4D5, 0xCC94, 0xBC13, 0xA392, 0x9373, 0x7AF1, 0x6290, 0x83B6, 0x7375, 0x7375, 0x5AF3, 0x5AF3, 0x4AD2, 0x3271, 0x222F, 0x32F2,   // 0x1780 (6016)
0x008D, 0x008E, 0x10D1, 0x10D2, 0x08B2, 0x0091, 0x004F, 0x008F, 0x008F, 0x008F, 0x08D2, 0x00B2, 0x0115, 0x01B7, 0x0A59, 0x1298,   // 0x1790 (6032)
0x6CFF, 0x1A75, 0x1B1A, 0x133B, 0x1B9C, 0x02B9, 0x0259, 0x027A, 0x0A3A, 0x0A1A, 0x09F9, 0x0A39, 0x43FF, 0x2B5C, 0x01F7, 0x0A59,   // 0x17A0 (6048)
0x0239, 0x0A9A, 0x239B, 0x44DF, 0x0B39, 0x23DB, 0x3C9D, 0x33B7, 0x118B, 0x0022, 0x0020, 0x0040, 0x0021, 0x0000, 0x0020, 0x0021,   // 0x17B0 (6064)
0x0046, 0x22B3, 0x2337, 0x0B18, 0x0B3A, 0x139C, 0x1BFD, 0x0B5A, 0x0B59, 0x243C, 0x349D, 0x2C1B, 0x12F7, 0x0130, 0x00AE, 0x00CE,   // 0x17C0 (6080)
0x00AE, 0x00EF, 0x00D0, 0x2A97, 0x0152, 0x00F0, 0x2215, 0x42D8, 0x0090, 0x08B0, 0x00AE, 0x006B, 0x0088, 0x0044, 0x0002, 0x0000,   // 0x17D0 (6096)
0x0020, 0x0020, 0x0040, 0x0020, 0x0020, 0x4248, 0x7BCD, 0xBD73, 0xF6F8, 0xF697, 0xFE96, 0xF676, 0xF675, 0xFF17, 0xF6B5, 0xEE53,   // 0x17E0 (6112)
0xE5D2, 0xE5B3, 0xE5B3, 0xEDD4, 0xF5F5, 0xF5D5, 0xDD32, 0xC490, 0xBC6F, 0xEDF5, 0xE594, 0xF637, 0xEDD7, 0xE576, 0xD4D5, 0xED78,   // 0x17F0 (6128)
0xCCB5, 0xB3D3, 0x8B10, 0x8B52, 0x8B94, 0x6AD2, 0x5A91, 0x7395, 0x4A71, 0x4AB2, 0x3A51, 0x5335, 0x4B34, 0x2251, 0x1A50, 0x2AF2,   // 0x1800 (6144)
0x00B1, 0x08F2, 0x08D2, 0x0891, 0x0070, 0x0090, 0x008F, 0x008F, 0x0090, 0x00B1, 0x00B2, 0x0114, 0x01B7, 0x0258, 0x0AFA, 0x131A,   // 0x1810 (6160)
0x447E, 0x1B59, 0x137A, 0x1B9C, 0x0B3B, 0x0259, 0x0259, 0x029B, 0x1ADC, 0x129B, 0x0A59, 0x1ABB, 0x43FF, 0x233C, 0x0A59, 0x0218,   // 0x1820 (6176)
0x025A, 0x237D, 0x12FA, 0x1B7A, 0x2C1C, 0x2C1C, 0x1B9A, 0x2378, 0x4BF7, 0x00C7, 0x0042, 0x0041, 0x0021, 0x0000, 0x0020, 0x0020,   // 0x1830 (6192)
0x0001, 0x0086, 0x22B2, 0x2337, 0x23BA, 0x1BDB, 0x0B5A, 0x0B9A, 0x2C7C, 0x347C, 0x2399, 0x1AB6, 0x00D0, 0x00AF, 0x00AE, 0x00CD,   // 0x1840 (6208)
0x016F, 0x4397, 0x1A54, 0x00EF, 0x0111, 0x3AD8, 0x3AD8, 0x0911, 0x00AF, 0x008E, 0x08AC, 0x0888, 0x0003, 0x0001, 0x0000, 0x0040,   // 0x1850 (6224)
0x0020, 0x0040, 0x0040, 0x0840, 0x2943, 0xEEF9, 0xEED8, 0xF6D8, 0xEE96, 0xFED7, 0xFED6, 0xF695, 0xFEB6, 0xFEB6, 0xF654, 0xE5F3,   // 0x1860 (6240)
0xDDB2, 0xDD92, 0xE5B3, 0xFDF5, 0xF5B5, 0xDD12, 0xCC70, 0xD4D1, 0xE594, 0xF636, 0xDD74, 0xDD55, 0xE597, 0xD4D5, 0xDCD6, 0xE518,   // 0x1870 (6256)
0xC476, 0x9331, 0x7AF1, 0x9C57, 0x6AF3, 0x5A91, 0x6B34, 0x5AF3, 0x4291, 0x3271, 0x42F4, 0x4314, 0x32B3, 0x2231, 0x2292, 0x2271,   // 0x1880 (6272)
0x00D2, 0x00B1, 0x08D2, 0x0050, 0x0090, 0x008F, 0x008F, 0x00B0, 0x00B1, 0x0092, 0x00F5, 0x0136, 0x0218, 0x0AFB, 0x0B19, 0x241C,   // 0x1890 (6288)
0x1BDB, 0x139A, 0x1BDB, 0x139B, 0x02B9, 0x0279, 0x029A, 0x12FC, 0x1ADC, 0x12BB, 0x129B, 0x0A7A, 0x3BFF, 0x1AFC, 0x12BB, 0x0A7A,   // 0x18A0 (6304)
0x0A7A, 0x12BA, 0x131A, 0x341D, 0x23DB, 0x1359, 0x1379, 0x343B, 0x3C19, 0x3B74, 0x00C6, 0x0022, 0x0001, 0x0041, 0x0020, 0x0000,   // 0x18B0 (6320)
0x0020, 0x0022, 0x00A8, 0x2B34, 0x341A, 0x1399, 0x13BA, 0x349D, 0x347C, 0x2358, 0x09F3, 0x00AF, 0x006E, 0x00AF, 0x00EF, 0x00EE,   // 0x18C0 (6336)
0x4BB8, 0x3336, 0x1233, 0x00EF, 0x0151, 0x2A76, 0x00F1, 0x00AF, 0x006D, 0x008C, 0x0889, 0x0004, 0x0001, 0x0000, 0x0020, 0x0000,   // 0x18D0 (6352)
0x0040, 0x0040, 0x0860, 0x0860, 0xDE77, 0xEED8, 0xF6D7, 0xF6D7, 0xF6D6, 0xF6B5, 0xEE75, 0xF675, 0xF695, 0xEE34, 0xE5D3, 0xDD92,   // 0x18E0 (6368)
0xDD72, 0xDD72, 0xED93, 0xE573, 0xE513, 0xDCB1, 0xCC70, 0xED95, 0xF616, 0xDD74, 0xD534, 0xD4F4, 0xCC93, 0xCC74, 0xE517, 0xD476,   // 0x18F0 (6384)
0xA352, 0x82D1, 0x9C37, 0x62D2, 0x5292, 0x4A71, 0x4A92, 0x4292, 0x3A92, 0x2A92, 0x2292, 0x2292, 0x2AB3, 0x1A10, 0x11F0, 0x2272,   // 0x1900 (6400)
0x08F2, 0x08D1, 0x0070, 0x006F, 0x00B0, 0x00D0, 0x00B0, 0x00B1, 0x0092, 0x08F5, 0x0116, 0x09D9, 0x0A59, 0x131A, 0x1339, 0x349D,   // 0x1910 (6416)
0x0B99, 0x0BBA, 0x0B9A, 0x0339, 0x02B9, 0x0AFB, 0x0ADB, 0x12FC, 0x12BC, 0x1ADD, 0x129B, 0x12BC, 0x2B5E, 0x1B1D, 0x12DB, 0x12FB,   // 0x1920 (6432)
0x0A99, 0x0A99, 0x235B, 0x341D, 0x0B19, 0x1379, 0x2C3C, 0x2C3B, 0x23B8, 0x33D7, 0x4394, 0x0044, 0x0083, 0x0000, 0x0020, 0x0040,   // 0x1930 (6448)
0x0040, 0x0041, 0x0043, 0x014A, 0x2356, 0x23FA, 0x3CBD, 0x343C, 0x2379, 0x01D3, 0x00F0, 0x00CF, 0x00AF, 0x00CF, 0x2234, 0x1A13,   // 0x1940 (6464)
0x0150, 0x010F, 0x3B17, 0x4359, 0x11B3, 0x008F, 0x006E, 0x00AE, 0x008B, 0x192B, 0x0003, 0x0001, 0x0021, 0x0000, 0x0841, 0x0000,   // 0x1950 (6480)
0x0020, 0x0020, 0x0820, 0x7B8C, 0xF719, 0xF6F8, 0xEE96, 0xF6B6, 0xF6D6, 0xEE74, 0xEE54, 0xF695, 0xF654, 0xE5D3, 0xDD92, 0xDD72,   // 0x1960 (6496)
0xDD52, 0xDD11, 0xDCF1, 0xDCD1, 0xD491, 0xC3EF, 0xFDB6, 0xED54, 0xE513, 0xDCD3, 0xDCF4, 0xC452, 0xD4B4, 0xD475, 0xDC76, 0xCC56,   // 0x1970 (6512)
0x9B32, 0x8B53, 0x6AB1, 0x5A91, 0x7396, 0x4A92, 0x52F3, 0x5B54, 0x4B34, 0x2AB2, 0x1A51, 0x1231, 0x2252, 0x1A31, 0x1A31, 0x1210,   // 0x1980 (6528)
0x0090, 0x10F2, 0x0070, 0x08D1, 0x0090, 0x0090, 0x00D2, 0x00D3, 0x08D5, 0x00D6, 0x1A1C, 0x0A1B, 0x0A79, 0x0AD9, 0x1B58, 0x3C9C,   // 0x1990 (6544)
0x13FA, 0x0BDA, 0x039A, 0x0BBB, 0x1BDD, 0x23DE, 0x131C, 0x0ADC, 0x129C, 0x1AFD, 0x129C, 0x1AFD, 0x1B1D, 0x1B1C, 0x0ADB, 0x131B,   // 0x19A0 (6560)
0x133A, 0x0AF9, 0x0AF9, 0x0B19, 0x1BBB, 0x349E, 0x2C7C, 0x0B98, 0x1BB8, 0x3C5A, 0x4439, 0x2AD1, 0x0044, 0x0021, 0x0020, 0x0000,   // 0x19B0 (6576)
0x0041, 0x0021, 0x0041, 0x0044, 0x3BF7, 0x4CFD, 0x343B, 0x1B58, 0x0192, 0x00CF, 0x008F, 0x008F, 0x00AE, 0x3B18, 0x4BDB, 0x11F3,   // 0x19C0 (6592)
0x00CF, 0x0991, 0x6C7D, 0x2A35, 0x006E, 0x008F, 0x00CE, 0x008B, 0x0088, 0x0003, 0x0042, 0x0000, 0x0041, 0x0000, 0x0000, 0x0840,   // 0x19D0 (6608)
0x0000, 0x0820, 0x3963, 0xEEF9, 0xFEF9, 0xEEB7, 0xFF38, 0xF6B6, 0xF695, 0xEE54, 0xF695, 0xFE95, 0xEE14, 0xE5B2, 0xE572, 0xE552,   // 0x19E0 (6624)
0xD4F1, 0xCC90, 0xCC4F, 0xD491, 0xC3CE, 0xED34, 0xFD76, 0xECF3, 0xDCB3, 0xDC92, 0xED56, 0xCC52, 0xD494, 0xCC54, 0xCC14, 0xB3B3,   // 0x19F0 (6640)
0xA3D4, 0x8B73, 0x6B13, 0x6334, 0x4AB2, 0x52F3, 0x5334, 0x4AF3, 0x2A91, 0x2271, 0x22B2, 0x1251, 0x11F1, 0x09D0, 0x11F0, 0x09CF,   // 0x1A00 (6656)
0x0070, 0x0890, 0x0070, 0x0090, 0x00B0, 0x00D1, 0x00D3, 0x00D4, 0x00D7, 0x199B, 0x099B, 0x22FE, 0x0218, 0x0AD8, 0x341A, 0x3439,   // 0x1A10 (6672)
0x0BB9, 0x03DA, 0x141B, 0x1C1C, 0x2C5F, 0x23DE, 0x131C, 0x12DC, 0x0A9C, 0x12BD, 0x12BD, 0x1AFD, 0x1B3E, 0x0ADB, 0x0AFB, 0x0B1A,   // 0x1A20 (6688)
0x139A, 0x13BA, 0x0359, 0x0339, 0x34DF, 0x245D, 0x0B98, 0x1BFA, 0x349D, 0x23DB, 0x2BBA, 0x3B97, 0x014A, 0x0043, 0x0021, 0x0000,   // 0x1A30 (6704)
0x1904, 0x0082, 0x0020, 0x0083, 0x2AD0, 0x4C38, 0x2B78, 0x0192, 0x0110, 0x00AF, 0x00D0, 0x00AF, 0x32D7, 0x439A, 0x0191, 0x010F,   // 0x1A40 (6720)
0x3AD7, 0x00F0, 0x21D4, 0x0931, 0x008F, 0x00AE, 0x00AB, 0x0068, 0x0043, 0x0020, 0x0020, 0x0040, 0x0000, 0x0841, 0x0840, 0x0820,   // 0x1A50 (6736)
0x3984, 0x730A, 0xEEB8, 0xF6F8, 0xF6B7, 0xF6B6, 0xF696, 0xF6B6, 0xEE75, 0xF675, 0xFE95, 0xF654, 0xE5B3, 0xE592, 0xE552, 0xD4F0,   // 0x1A60 (6752)
0xCC6F, 0xCC6F, 0xD470, 0xC42F, 0xE4D3, 0xF555, 0xECF4, 0xE4B3, 0xE4B3, 0xDC93, 0xF577, 0xCBF2, 0xCC33, 0xCC14, 0xBBD3, 0xA372,   // 0x1A70 (6768)
0x8312, 0x72F2, 0x6B74, 0x4AB2, 0x5334, 0x6BF8, 0x5355, 0x4B14, 0x2250, 0x2291, 0x1251, 0x09D0, 0x1231, 0x11F0, 0x09F0, 0x1A71,   // 0x1A80 (6784)
0x0870, 0x002F, 0x10F2, 0x0050, 0x00D2, 0x00F3, 0x00B4, 0x00F6, 0x1159, 0x0139, 0x123D, 0x023B, 0x0ADB, 0x0AF8, 0x54FD, 0x2BF8,   // 0x1A90 (6800)
0x0BD9, 0x0BFB, 0x141C, 0x0B9B, 0x139C, 0x133B, 0x0AFC, 0x12FD, 0x12BC, 0x12BD, 0x12DD, 0x1B3E, 0x1B5D, 0x0B1B, 0x135C, 0x0B9B,   // 0x1AA0 (6816)
0x1C5C, 0x24DD, 0x2D1F, 0x1C7D, 0x249E, 0x0BBA, 0x13DA, 0x2C5C, 0x241C, 0x137A, 0x1B7A, 0x2337, 0x3B34, 0x0066, 0x0043, 0x0000,   // 0x1AB0 (6832)
0x08A3, 0x636E, 0x0062, 0x0022, 0x0024, 0x2A70, 0x018F, 0x0110, 0x00CF, 0x0911, 0x00F0, 0x3297, 0x0992, 0x0151, 0x012F, 0x4379,   // 0x1AC0 (6848)
0x4318, 0x0911, 0x006F, 0x1152, 0x006D, 0x08CC, 0x110A, 0x0023, 0x0000, 0x0060, 0x0000, 0x0020, 0x0820, 0x0000, 0x0000, 0x7B8B,   // 0x1AD0 (6864)
0xEEB8, 0xFF19, 0xF6F8, 0xF6B7, 0xF6B6, 0xF6B6, 0xFF17, 0xFF17, 0xF675, 0xF675, 0xEE34, 0xE5D3, 0xE592, 0xE573, 0xE532, 0xD4B0,   // 0x1AE0 (6880)
0xD46F, 0xDCD1, 0xDCD1, 0xE513, 0xE534, 0xE4F4, 0xDC93, 0xDC93, 0xD452, 0xD453, 0xF557, 0xCC13, 0xD495, 0xCC75, 0xB3D3, 0x9332,   // 0x1AF0 (6896)
0x7AF2, 0x7354, 0x73B6, 0x6396, 0x5B76, 0x4B35, 0x5376, 0x4B35, 0x2AB2, 0x1230, 0x0A10, 0x1251, 0x2AD4, 0x22B3, 0x1A92, 0x1A92,   // 0x1B00 (6912)
0x0050, 0x08B2, 0x1975, 0x00D3, 0x00B3, 0x00D4, 0x00F6, 0x0979, 0x095A, 0x099B, 0x021C, 0x029C, 0x137C, 0x1379, 0x6DBF, 0x2BF8,   // 0x1B10 (6928)
0x1BFB, 0x0BDC, 0x0B9B, 0x033A, 0x0B1B, 0x0AFB, 0x12DB, 0x12FD, 0x12DD, 0x12FD, 0x0AFD, 0x1B7E, 0x0B5C, 0x13BC, 0x1C1D, 0x1C7C,   // 0x1B20 (6944)
0x253E, 0x2D9F, 0x359F, 0x24FE, 0x141B, 0x13DB, 0x2C3D, 0x1B9B, 0x133A, 0x135A, 0x1B7B, 0x2B9A, 0x3357, 0x2A91, 0x0085, 0x0021,   // 0x1B30 (6960)
0x0042, 0x4AAD, 0x42CF, 0x0045, 0x0043, 0x0065, 0x092C, 0x094F, 0x0110, 0x1193, 0x5BDC, 0x3B39, 0x00D0, 0x00AE, 0x4BD9, 0x3B17,   // 0x1B40 (6976)
0x00F0, 0x008F, 0x008F, 0x08CE, 0x08AB, 0x192A, 0x0002, 0x0020, 0x0040, 0x0000, 0x0820, 0x62EA, 0x8C0E, 0x9CB0, 0xDEB7, 0xEED7,   // 0x1B50 (6992)
0xF6D8, 0xF6B7, 0xEE55, 0xFEF7, 0xF6B6, 0xFF17, 0xFF17, 0xEE74, 0xEE74, 0xEE34, 0xE5D3, 0xE592, 0xED92, 0xE552, 0xE4F1, 0xDCB0,   // 0x1B60 (7008)
0xE512, 0xD4B0, 0xF595, 0xDD13, 0xDCD3, 0xD492, 0xCC72, 0xCC52, 0xCC12, 0xC3F2, 0xF558, 0xD495, 0xC455, 0xB455, 0x9BB4, 0x6A8F,   // 0x1B70 (7024)
0x7B54, 0x7375, 0x6375, 0x4B14, 0x5396, 0x4B56, 0x3292, 0x3AF4, 0x1210, 0x0A10, 0x22D3, 0x2B15, 0x22B3, 0x1231, 0x1231, 0x09CF,   // 0x1B80 (7040)
0x08B2, 0x2196, 0x08D4, 0x0935, 0x00D5, 0x0116, 0x0958, 0x0138, 0x017A, 0x0A1C, 0x027C, 0x0B3D, 0x13DC, 0x2C3C, 0x657E, 0x3C19,   // 0x1B90 (7056)
0x137A, 0x033B, 0x031A, 0x0B3B, 0x0AFB, 0x12FB, 0x0A9B, 0x12DC, 0x12FD, 0x12FC, 0x135D, 0x0B3B, 0x0B9B, 0x13FB, 0x2D1E, 0x2D3E,   // 0x1BA0 (7072)
0x14FC, 0x2DBF, 0x253E, 0x251E, 0x141B, 0x0359, 0x0B3A, 0x131A, 0x1B5B, 0x135A, 0x1319, 0x1B7A, 0x3C3C, 0x4419, 0x3B51, 0x0043,   // 0x1BB0 (7088)
0x0043, 0x08C6, 0x63F5, 0x112A, 0x0003, 0x0044, 0x0087, 0x114D, 0x010F, 0x0972, 0x2276, 0x0110, 0x11F4, 0x2255, 0x0150, 0x00EF,   // 0x1BC0 (7104)
0x00AF, 0x006E, 0x008D, 0x08CC, 0x08A8, 0x0064, 0x0041, 0x0020, 0x0020, 0x0820, 0x0820, 0xEF3B, 0xF73A, 0xF719, 0xEEF8, 0xEED7,   // 0x1BD0 (7120)
0xF6B6, 0xEE75, 0xF6B6, 0xF695, 0xFF17, 0xFEF6, 0xEE95, 0xEE75, 0xEE54, 0xEE13, 0xE5B3, 0xE5B3, 0xED73, 0xE511, 0xD490, 0xDCB0,   // 0x1BE0 (7136)
0xDC90, 0xED53, 0xDCD2, 0xD4D2, 0xC471, 0xCC72, 0xCC73, 0xC412, 0xB391, 0xCC75, 0xE518, 0xB3D3, 0xB456, 0xA3F5, 0x7B32, 0x72F2,   // 0x1BF0 (7152)
0x7B75, 0x5AB2, 0x5B75, 0x4B55, 0x4355, 0x2252, 0x1A10, 0x32D3, 0x1A51, 0x22D3, 0x2AF4, 0x1231, 0x09B0, 0x018F, 0x01AF, 0x01AF,   // 0x1C00 (7168)
0x1135, 0x00D4, 0x0936, 0x1978, 0x00D6, 0x00F7, 0x0138, 0x0979, 0x01DA, 0x0A9C, 0x02FC, 0x0BDD, 0x2CBF, 0x1BFA, 0x75DF, 0x443B,   // 0x1C10 (7184)
0x0AFA, 0x029A, 0x029A, 0x131C, 0x0ABB, 0x1AFC, 0x0A9B, 0x12BB, 0x12FC, 0x1B9D, 0x1BDD, 0x0B9B, 0x0BFA, 0x24FD, 0x2D5D, 0x2D5D,   // 0x1C20 (7200)
0x253D, 0x1CDC, 0x145B, 0x1C5C, 0x1C3C, 0x1BBB, 0x1B5B, 0x12FA, 0x12FA, 0x0B19, 0x1359, 0x44DF, 0x2C3B, 0x2BF9, 0x33F6, 0x122D,   // 0x1C30 (7216)
0x0024, 0x0024, 0x090A, 0x19AD, 0x0046, 0x0004, 0x0024, 0x29AC, 0x3AF5, 0x0130, 0x0110, 0x2276, 0x5C1D, 0x1A15, 0x00F0, 0x006D,   // 0x1C40 (7232)
0x00AF, 0x008D, 0x110D, 0x320E, 0x0022, 0x0041, 0x0020, 0x0020, 0x0800, 0x1020, 0x3944, 0xFF5B, 0xEED8, 0xF6F7, 0xEEB6, 0xEEB6,   // 0x1C50 (7248)
0xF6B6, 0xF695, 0xFEF6, 0xFEF6, 0xEE95, 0xEE94, 0xEE94, 0xF695, 0xFE95, 0xE5D3, 0xEDD3, 0xED93, 0xE512, 0xDCD1, 0xD42F, 0xDC50,   // 0x1C60 (7264)
0xE4D1, 0xE4D2, 0xD471, 0xCC71, 0xCC72, 0xCC94, 0xB3D1, 0xAB70, 0xBBD3, 0xBC14, 0xBC35, 0xA3B4, 0xA416, 0x7B53, 0x62F2, 0x4A50,   // 0x1C70 (7280)
0x6B34, 0x4A92, 0x42D3, 0x2A72, 0x2231, 0x1A11, 0x19F0, 0x3B35, 0x2AD3, 0x1231, 0x09F0, 0x09D0, 0x018F, 0x09AF, 0x09AF, 0x09CF,   // 0x1C80 (7296)
0x00F5, 0x0957, 0x0937, 0x00D7, 0x119A, 0x0118, 0x0138, 0x09FA, 0x021A, 0x0AFC, 0x0B7D, 0x141D, 0x1C5D, 0x3CDE, 0x7E3F, 0x4C7D,   // 0x1C90 (7312)
0x12DA, 0x023A, 0x01F9, 0x0A5B, 0x1ADD, 0x0A5A, 0x1AFC, 0x0ADB, 0x131B, 0x139C, 0x0BBB, 0x0C1B, 0x149B, 0x1D1C, 0x257C, 0x1D1B,   // 0x1CA0 (7328)
0x1CDC, 0x143B, 0x145C, 0x13FB, 0x1BFC, 0x23FD, 0x133B, 0x131A, 0x12D9, 0x0AF9, 0x343D, 0x3CBE, 0x1BB9, 0x2C1A, 0x4D1D, 0x5499,   // 0x1CB0 (7344)
0x00C7, 0x0004, 0x0088, 0x090B, 0x114B, 0x0087, 0x0003, 0x0045, 0x116D, 0x096F, 0x0130, 0x1A55, 0x11D4, 0x00AF, 0x006E, 0x08EF,   // 0x1CC0 (7360)
0x00AD, 0x218F, 0x3A4E, 0x0003, 0x0082, 0x0020, 0x0040, 0x1061, 0x1040, 0x20A2, 0xBD33, 0xF6F9, 0xF718, 0xEE95, 0xEE96, 0xF6B6,   // 0x1CD0 (7376)
0xEE74, 0xFF16, 0xEE94, 0xEE94, 0xEEB5, 0xE674, 0xF6B5, 0xFED6, 0xF634, 0xEDD3, 0xED93, 0xE532, 0xD46F, 0xD44F, 0xBBAD, 0xE491,   // 0x1CE0 (7392)
0xE491, 0xDC91, 0xCC31, 0xCC72, 0xC452, 0xBBF2, 0xAB91, 0xBBF3, 0xC456, 0xAB93, 0xA3B4, 0xAC37, 0xAC99, 0x7B95, 0x52D2, 0x4250,   // 0x1CF0 (7408)
0x6335, 0x4A71, 0x2A31, 0x2211, 0x11F0, 0x2A93, 0x2252, 0x4376, 0x1210, 0x09AF, 0x09D0, 0x09B0, 0x0990, 0x11D0, 0x11F0, 0x09EF,   // 0x1D00 (7424)
0x11B8, 0x0137, 0x00D6, 0x19DB, 0x0138, 0x0999, 0x123B, 0x0197, 0x0A9A, 0x0B5B, 0x1C5F, 0x03DC, 0x1C5D, 0x23DA, 0x6D7F, 0x22D8,   // 0x1D10 (7440)
0x231C, 0x021A, 0x021B, 0x01FA, 0x127C, 0x22FD, 0x1AFC, 0x1B3C, 0x135B, 0x13BB, 0x0C1B, 0x1CFD, 0x2D7D, 0x257C, 0x1D5B, 0x14DA,   // 0x1D20 (7456)
0x145B, 0x245C, 0x0BDA, 0x13FB, 0x1BFC, 0x1BDC, 0x23DD, 0x133A, 0x12F9, 0x341D, 0x1B39, 0x44BE, 0x2C1A, 0x4CDD, 0x447C, 0x2B36,   // 0x1D30 (7472)
0x090B, 0x0005, 0x0024, 0x0909, 0x1A0F, 0x098E, 0x0046, 0x0025, 0x0046, 0x4B53, 0x1A33, 0x00F0, 0x00D0, 0x0912, 0x008F, 0x008E,   // 0x1D40 (7488)
0x00AB, 0x21AC, 0x0023, 0x0021, 0x0060, 0x0020, 0x0020, 0x0820, 0x1020, 0xBD53, 0xFF19, 0xEE97, 0xEE96, 0xF6B6, 0xF6D6, 0xF695,   // 0x1D50 (7504)
0xFEF6, 0xFF16, 0xEE94, 0xEEB4, 0xF6D5, 0xF6D6, 0xFF17, 0xFE95, 0xE5B3, 0xEDB3, 0xF5D4, 0xDCF1, 0xE4F1, 0xCC0F, 0xDC91, 0xDC91,   // 0x1D60 (7520)
0xE491, 0xDC51, 0xCBF0, 0xCC32, 0xC433, 0xB3B2, 0xAB92, 0xC456, 0xBC36, 0xB416, 0xBC98, 0xBCDA, 0x9C79, 0x6334, 0x4272, 0x4272,   // 0x1D70 (7536)
0x73D7, 0x4A92, 0x2A11, 0x2231, 0x1211, 0x2273, 0x1A10, 0x32F4, 0x09EF, 0x09CF, 0x1211, 0x11F0, 0x11B0, 0x1A11, 0x1A11, 0x11F0,   // 0x1D80 (7552)
0x0116, 0x0117, 0x19FB, 0x00F7, 0x0178, 0x127B, 0x0218, 0x1B3B, 0x02B9, 0x13BC, 0x0BFC, 0x24BE, 0x1C1C, 0x23DB, 0x7D7F, 0x2AD8,   // 0x1D90 (7568)
0x1ADB, 0x1ABD, 0x0A1B, 0x0A1B, 0x0A1B, 0x12BC, 0x1B3D, 0x135C, 0x13BB, 0x0BBA, 0x251D, 0x2D7D, 0x2DBE, 0x35FE, 0x14DA, 0x1CDB,   // 0x1DA0 (7584)
0x1C5B, 0x1C1C, 0x1C1C, 0x13DB, 0x13BC, 0x1BFD, 0x1BBC, 0x1B9B, 0x0AF9, 0x1319, 0x12F8, 0x447D, 0x4CBC, 0x443B, 0x0A76, 0x0151,   // 0x1DB0 (7600)
0x116E, 0x0046, 0x0023, 0x00C6, 0x6C99, 0x3B35, 0x012C, 0x0088, 0x0004, 0x0908, 0x096E, 0x010F, 0x00CF, 0x00AF, 0x008E, 0x4AB4,   // 0x1DC0 (7616)
0x29AD, 0x0003, 0x0062, 0x0020, 0x0040, 0x0040, 0x0820, 0x1020, 0x5206, 0xEEF8, 0xF6F8, 0xEE75, 0xFED7, 0xFEF7, 0xEE95, 0xF6D5,   // 0x1DD0 (7632)
0xFF16, 0xEE94, 0xF6D5, 0xF6D5, 0xF6D5, 0xFF17, 0xFEB6, 0xEE14, 0xE593, 0xDD11, 0xE532, 0xED33, 0xDCB1, 0xD491, 0xDC91, 0xDCB2,   // 0x1DE0 (7648)
0xDC51, 0xDC72, 0xCC32, 0xCC12, 0xC413, 0xB3D3, 0xB3F4, 0xC498, 0xC498, 0xAC17, 0xAC78, 0x8396, 0x4A51, 0x52D3, 0x4AF4, 0x4B15,   // 0x1DF0 (7664)
0x7C39, 0x4272, 0x2231, 0x2252, 0x1A52, 0x1211, 0x09CF, 0x2AB3, 0x1A51, 0x1210, 0x1211, 0x09B0, 0x016F, 0x098F, 0x09AF, 0x098E,   // 0x1E00 (7680)
0x00B5, 0x11DA, 0x0137, 0x09D9, 0x129B, 0x0238, 0x1BBD, 0x243D, 0x0339, 0x0B9A, 0x2C7E, 0x243D, 0x23DB, 0x12B6, 0x859F, 0x1A36,   // 0x1E10 (7696)
0x1A9A, 0x1ADD, 0x1ABD, 0x0A3B, 0x0A3B, 0x025B, 0x1B3D, 0x1B9C, 0x13FB, 0x24BD, 0x1CDC, 0x2DBE, 0x35DE, 0x1D1C, 0x253C, 0x0C5A,   // 0x1E20 (7712)
0x1C5C, 0x1C1C, 0x1C1C, 0x13DC, 0x0B9B, 0x0B9C, 0x139B, 0x1BDC, 0x2C1D, 0x1319, 0x2B7A, 0x5CBE, 0x3B79, 0x11F3, 0x0132, 0x0131,   // 0x1E30 (7728)
0x012F, 0x092B, 0x0043, 0x0023, 0x222E, 0x09CF, 0x1232, 0x00EB, 0x0045, 0x0024, 0x0089, 0x092D, 0x090E, 0x00AC, 0x4AD4, 0x29CE,   // 0x1E40 (7744)
0x0024, 0x0021, 0x0000, 0x0061, 0x0040, 0x0840, 0x1020, 0x1040, 0xDE75, 0xEED6, 0xF6D7, 0xEE96, 0xEEB6, 0xFEF7, 0xFF57, 0xFF77,   // 0x1E50 (7760)
0xEE94, 0xF6B5, 0xFEF6, 0xF6B5, 0xFED6, 0xFE95, 0xEDF3, 0xF635, 0xEDB3, 0xE532, 0xED33, 0xDCB1, 0xD491, 0xF595, 0xDCF2, 0xE513,   // 0x1E60 (7776)
0xDC73, 0xD473, 0xC412, 0xC413, 0xC455, 0xBC36, 0xBC57, 0xB457, 0xC51A, 0x9BF6, 0x7B34, 0x5251, 0x52D3, 0x6BF8, 0x4B15, 0x5BB7,   // 0x1E70 (7792)
0x845A, 0x4272, 0x19D0, 0x11F0, 0x0A11, 0x09F0, 0x09CF, 0x2AB3, 0x2AD3, 0x1A31, 0x1210, 0x09B0, 0x014E, 0x014E, 0x016E, 0x098E,   // 0x1E80 (7808)
0x00F6, 0x00D5, 0x09B9, 0x0A19, 0x0238, 0x1BDC, 0x13FC, 0x0BFB, 0x3D7F, 0x13FB, 0x13DB, 0x23DC, 0x0AB7, 0x4BFD, 0xB69F, 0x2A77,   // 0x1E90 (7824)
0x1ABA, 0x12DC, 0x1B1E, 0x12DD, 0x025B, 0x029B, 0x02BA, 0x1BDD, 0x249D, 0x1CDC, 0x253D, 0x1D3C, 0x253C, 0x253D, 0x1CBB, 0x145B,   // 0x1EA0 (7840)
0x13FB, 0x1C1C, 0x13DB, 0x1BFD, 0x13BC, 0x035B, 0x13DC, 0x1BDC, 0x23BC, 0x33FC, 0x2B19, 0x3318, 0x0171, 0x00CF, 0x0111, 0x00F1,   // 0x1EB0 (7856)
0x0130, 0x32D3, 0x0086, 0x0044, 0x0067, 0x32F3, 0x6CDC, 0x2273, 0x0068, 0x0005, 0x0006, 0x08EA, 0x114C, 0x112B, 0x0088, 0x0024,   // 0x1EC0 (7872)
0x0001, 0x0040, 0x0000, 0x0000, 0x0841, 0x0820, 0x0800, 0x944E, 0xEEF7, 0xEEF6, 0xEEB5, 0xF6D6, 0xF6F7, 0xF6F6, 0xFF36, 0xEE94,   // 0x1ED0 (7888)
0xFEF6, 0xFEF6, 0xF6B5, 0xF695, 0xF675, 0xEE14, 0xF5F4, 0xF5F4, 0xE511, 0xED12, 0xD450, 0xCC2F, 0xED54, 0xF5D5, 0xED95, 0xD4D3,   // 0x1EE0 (7904)
0xD493, 0xC433, 0xBBF3, 0xBC14, 0xBC56, 0xB436, 0xB457, 0x9BD6, 0x8395, 0x83B5, 0x4A50, 0x6B96, 0x7C59, 0x4315, 0x2A93, 0x2A52,   // 0x1EF0 (7920)
0x7419, 0x4AB3, 0x19D0, 0x11F0, 0x01D0, 0x1A72, 0x1A51, 0x22B2, 0x3334, 0x1A71, 0x1210, 0x11D0, 0x098F, 0x098F, 0x098F, 0x09CF,   // 0x1F00 (7936)
0x00F6, 0x0136, 0x0177, 0x1279, 0x347F, 0x13DB, 0x041A, 0x2D7F, 0x03FA, 0x247D, 0x02F9, 0x12F9, 0x1A98, 0x53FD, 0x851F, 0x2A56,   // 0x1F10 (7952)
0x1299, 0x131C, 0x027B, 0x1B1E, 0x0ABC, 0x027A, 0x02BA, 0x035A, 0x1C9D, 0x1CDC, 0x255D, 0x1CFB, 0x14BB, 0x1CBC, 0x1C5C, 0x1C3C,   // 0x1F20 (7968)
0x141C, 0x0BBB, 0x1BFC, 0x1BBC, 0x1BBC, 0x1BBD, 0x137C, 0x23FD, 0x2C1D, 0x3C3D, 0x337A, 0x0131, 0x00D0, 0x00D0, 0x00B0, 0x0131,   // 0x1F30 (7984)
0x3B9A, 0x5C5B, 0x198D, 0x0025, 0x0004, 0x096A, 0x2AD3, 0x0190, 0x114F, 0x0049, 0x0004, 0x0023, 0x5391, 0x0968, 0x0023, 0x0021,   // 0x1F40 (8000)
0x0000, 0x0000, 0x0861, 0x0841, 0x0000, 0x0820, 0x3983, 0xF718, 0xEED7, 0xEED6, 0xEED6, 0xEE95, 0xFF98, 0xF716, 0xF6F6, 0xFF57,   // 0x1F50 (8016)
0xFEF6, 0xF695, 0xEE74, 0xEE54, 0xE5D2, 0xE5B3, 0xF5D4, 0xED72, 0xE512, 0xE4B1, 0xC3CE, 0xF595, 0xFDF6, 0xED95, 0xE575, 0xD513,   // 0x1F60 (8032)
0xBC32, 0xBC13, 0xBC34, 0xB435, 0xA3F5, 0x9BB4, 0xA417, 0x8395, 0x6B13, 0x4A70, 0x6BD6, 0x7417, 0x4314, 0x32D3, 0x11F0, 0x1A10,   // 0x1F70 (8048)
0x6396, 0x4292, 0x1A10, 0x1231, 0x09F0, 0x1AB3, 0x1A92, 0x22B2, 0x3355, 0x1A51, 0x09D0, 0x09AF, 0x098F, 0x096F, 0x018E, 0x09AF,   // 0x1F80 (8064)
0x0115, 0x0197, 0x01D7, 0x0A99, 0x139B, 0x24BE, 0x1CDD, 0x0C3A, 0x249D, 0x13BB, 0x0277, 0x0257, 0x22D9, 0x53DC, 0xBE9F, 0x3297,   // 0x1F90 (8080)
0x1AD9, 0x0ABA, 0x12FC, 0x0ADC, 0x1B7E, 0x031C, 0x031A, 0x0359, 0x0C1B, 0x1CBC, 0x24FD, 0x1CDC, 0x145B, 0x13FB, 0x1C3C, 0x1C1D,   // 0x1FA0 (8096)
0x1BFC, 0x1BDC, 0x139B, 0x1BBC, 0x1BBD, 0x1B9C, 0x1BBD, 0x1BBC, 0x3C1D, 0x22F8, 0x0110, 0x00AF, 0x00B0, 0x00B0, 0x00F0, 0x11F3,   // 0x1FB0 (8112)
0x3BBA, 0x0191, 0x096E, 0x2A2F, 0x0024, 0x0045, 0x010B, 0x014F, 0x010E, 0x112D, 0x0004, 0x0022, 0x0063, 0x0062, 0x0021, 0x0020,   // 0x1FC0 (8128)
0x0040, 0x0040, 0x0000, 0x0000, 0x0800, 0x3963, 0xD635, 0xEED7, 0xF6F7, 0xF6F7, 0xEED5, 0xFF57, 0xF6F5, 0xF6F5, 0xFF78, 0xF6D6,   // 0x1FD0 (8144)
0xEE74, 0xF674, 0xFE95, 0xE5F3, 0xE5B3, 0xF5D4, 0xE531, 0xF573, 0xE4F1, 0xCC0E, 0xF574, 0xF595, 0xE533, 0xDD13, 0xDD14, 0xBC72,   // 0x1FE0 (8160)
0xBC54, 0xABF3, 0xA3D3, 0xA3D4, 0x9BD5, 0x9BF6, 0x9C37, 0x62B2, 0x4A50, 0x4AB2, 0x5B54, 0x2A30, 0x1A10, 0x2AB3, 0x1211, 0x1A31,   // 0x1FF0 (8176)
0x5B96, 0x42B3, 0x2A72, 0x1231, 0x01D0, 0x09F0, 0x1210, 0x1231, 0x3B55, 0x1A31, 0x098F, 0x096F, 0x096F, 0x098F, 0x098E, 0x018E,   // 0x2000 (8192)
0x01F6, 0x0237, 0x0AFB, 0x0B1B, 0x033B, 0x34FF, 0x0BBA, 0x245C, 0x0319, 0x0AD9, 0x2BBD, 0x1298, 0x1277, 0x4BFB, 0xB69F, 0x3B17,   // 0x2010 (8208)
0x1298, 0x131C, 0x02DB, 0x0B3C, 0x035B, 0x247E, 0x03DA, 0x0C1A, 0x143B, 0x0BDA, 0x247D, 0x0BDB, 0x1C3D, 0x139B, 0x1BBC, 0x23DC,   // 0x2020 (8224)
0x1BDB, 0x13BB, 0x137B, 0x1B9C, 0x1BBD, 0x139C, 0x2BFE, 0x2BBC, 0x1255, 0x00F0, 0x00AF, 0x006F, 0x00B0, 0x0131, 0x3317, 0x1233,   // 0x2030 (8240)
0x0130, 0x0170, 0x6CFD, 0x4BB6, 0x0046, 0x0005, 0x0027, 0x114D, 0x016E, 0x3314, 0x116A, 0x0002, 0x0821, 0x0000, 0x0040, 0x0040,   // 0x2040 (8256)
0x0020, 0x0020, 0x0860, 0x0000, 0x1060, 0xDE77, 0xEED7, 0xF6F7, 0xFF17, 0xEE95, 0xFF16, 0xF6D5, 0xF6D5, 0xFF98, 0xEEB4, 0xF6D5,   // 0x2050 (8272)
0xF6B5, 0xFEB6, 0xF655, 0xEDF4, 0xED93, 0xED73, 0xED52, 0xDCAF, 0xDCAF, 0xF573, 0xED73, 0xDD12, 0xD4D3, 0xDCF5, 0xCC95, 0xD4D7,   // 0x2060 (8288)
0xB3D3, 0x9B51, 0x9B72, 0xB497, 0x9BF6, 0x8BD6, 0x6B33, 0x6354, 0x7417, 0x73F8, 0x42B3, 0x2A31, 0x2A72, 0x2231, 0x1A11, 0x11F0,   // 0x2070 (8304)
0x4B35, 0x3272, 0x2A72, 0x2252, 0x1210, 0x01AF, 0x01AF, 0x09CF, 0x2AB3, 0x09AF, 0x014E, 0x012E, 0x012D, 0x098F, 0x118F, 0x014E,   // 0x2080 (8320)
0x0B3A, 0x137B, 0x02FA, 0x0B3B, 0x02DA, 0x033B, 0x34BF, 0x02F9, 0x0AD8, 0x3C1E, 0x0A78, 0x12D9, 0x3BBC, 0x22D6, 0xC71F, 0x2A74,   // 0x2090 (8336)
0x2B3B, 0x0AFB, 0x135C, 0x033A, 0x1C5D, 0x143C, 0x4DFF, 0x1C5B, 0x0358, 0x0339, 0x0B7B, 0x1BFE, 0x1BDE, 0x1BDD, 0x133B, 0x1B7B,   // 0x20A0 (8352)
0x1BBC, 0x23FC, 0x139C, 0x1B9C, 0x139D, 0x1B9C, 0x237B, 0x0215, 0x00AF, 0x008E, 0x08D0, 0x006F, 0x0911, 0x437A, 0x2B17, 0x0130,   // 0x20B0 (8368)
0x0130, 0x32D6, 0x3B78, 0x09D0, 0x110B, 0x0005, 0x0005, 0x00C9, 0x4BB5, 0x5C77, 0x19CB, 0x0002, 0x1000, 0x1000, 0x0000, 0x0040,   // 0x20C0 (8384)
0x0040, 0x0000, 0x0020, 0xAD33, 0x5247, 0xB511, 0xEEB7, 0xFF18, 0xF6D6, 0xF6D5, 0xF6B5, 0xFEF5, 0xFF77, 0xEEB4, 0xEE94, 0xEE94,   // 0x20D0 (8400)
0xFED6, 0xFEF7, 0xF634, 0xE592, 0xED73, 0xF593, 0xED73, 0xDCF0, 0xF593, 0xE552, 0xED73, 0xED75, 0xD4D4, 0xCC95, 0xD4B7, 0xB3F4,   // 0x20E0 (8416)
0x9B32, 0xABF5, 0xCD19, 0xB4B8, 0x7B13, 0x5A91, 0x4A71, 0x7417, 0x6BF8, 0x5B76, 0x2A32, 0x2211, 0x2231, 0x19F1, 0x11D0, 0x11D0,   // 0x20F0 (8432)
0x3AF4, 0x2A51, 0x2A72, 0x2A72, 0x1A10, 0x016E, 0x016E, 0x09AF, 0x2272, 0x014E, 0x010D, 0x012E, 0x094E, 0x11B0, 0x11AF, 0x096F,   // 0x2100 (8448)
0x1BFD, 0x1BFD, 0x0AFA, 0x02BA, 0x0279, 0x02DA, 0x0278, 0x0AFA, 0x239B, 0x3C1D, 0x131A, 0x235B, 0x12B8, 0x439A, 0xCF1F, 0x4B37,   // 0x2110 (8464)
0x22F9, 0x341E, 0x035A, 0x143D, 0x0C7D, 0x357F, 0x247D, 0x2C9D, 0x0339, 0x0319, 0x02D9, 0x139D, 0x1BDE, 0x139D, 0x137C, 0x135B,   // 0x2120 (8480)
0x133B, 0x1B9D, 0x1B9D, 0x1BBD, 0x131B, 0x233A, 0x0173, 0x008F, 0x00B0, 0x008F, 0x008F, 0x00D0, 0x32D7, 0x1A35, 0x00CF, 0x1214,   // 0x2130 (8496)
0x4339, 0x0951, 0x0110, 0x00CE, 0x00CC, 0x00A9, 0x0065, 0x00C5, 0x6413, 0x19EA, 0x0002, 0x0042, 0x0000, 0x0000, 0x0000, 0x0041,   // 0x2140 (8512)
0x0840, 0x0000, 0x39A5, 0xF77C, 0xE6D9, 0x6AC8, 0xF6F8, 0xFF38, 0xEE95, 0xF6D5, 0xFEF6, 0xFEF6, 0xFEF6, 0xEE74, 0xF6D6, 0xFF99,   // 0x2150 (8528)
0xFF17, 0xEE14, 0xEDF4, 0xEDB3, 0xF5D4, 0xF594, 0xD4B0, 0xED32, 0xDCF1, 0xE553, 0xF5D6, 0xCCB3, 0xC453, 0xBC54, 0xA393, 0x9332,   // 0x2160 (8544)
0x9B73, 0xB477, 0xC53A, 0x93F6, 0x5A70, 0x5AD2, 0x6B96, 0x73F8, 0x5335, 0x3293, 0x19F0, 0x2211, 0x1A11, 0x1A11, 0x1211, 0x2252,   // 0x2170 (8560)
0x3AD4, 0x2231, 0x2231, 0x1A10, 0x11F0, 0x09AF, 0x09D0, 0x1211, 0x2A93, 0x016F, 0x096F, 0x096F, 0x094E, 0x094E, 0x010D, 0x012E,   // 0x2180 (8576)
0x13DD, 0x02D9, 0x02B9, 0x0279, 0x0279, 0x0239, 0x0218, 0x12FB, 0x0A97, 0x4CBF, 0x12F9, 0x0278, 0x339C, 0x22D7, 0xC6FF, 0x5397,   // 0x2190 (8592)
0x2B59, 0x3C9F, 0x1C5D, 0x1CDE, 0x253F, 0x147C, 0x1C5C, 0x1BDB, 0x1BFC, 0x02F9, 0x02FB, 0x02DA, 0x135D, 0x1BBE, 0x0B5C, 0x137C,   // 0x21A0 (8608)
0x1B5D, 0x131C, 0x1B7D, 0x1B5C, 0x22FA, 0x0111, 0x00D0, 0x008F, 0x008F, 0x0090, 0x11B4, 0x2235, 0x0111, 0x00AF, 0x2A77, 0x4B7A,   // 0x21B0 (8624)
0x2A76, 0x008F, 0x00F1, 0x0131, 0x010E, 0x1A0F, 0x0107, 0x0063, 0x0062, 0x0041, 0x0021, 0x0021, 0x0000, 0x0840, 0x0041, 0x0000,   // 0x21C0 (8640)
0x0020, 0x0000, 0x20E1, 0xE6F9, 0xEF19, 0xD635, 0x6AE8, 0xF718, 0xEED7, 0xF6F6, 0xF6F6, 0xF6B5, 0xEE95, 0xFEF6, 0xFF58, 0xFEB6,   // 0x21D0 (8656)
0xEE34, 0xE5B2, 0xE5B3, 0xF5F4, 0xDD11, 0xDCD0, 0xE532, 0xDCB1, 0xDCF2, 0xF5B6, 0xCCB3, 0xB411, 0xC495, 0xABF3, 0x9332, 0x9353,   // 0x21E0 (8672)
0xB498, 0xBD1A, 0xACB9, 0x6291, 0x5AB2, 0x73D7, 0x4AD3, 0x5335, 0x3272, 0x2211, 0x19F1, 0x2232, 0x11F1, 0x1A52, 0x2293, 0x32D4,   // 0x21F0 (8688)
0x32B3, 0x19D0, 0x118F, 0x016E, 0x098E, 0x09AF, 0x11D0, 0x09D0, 0x2273, 0x098F, 0x11B0, 0x096F, 0x010D, 0x00ED, 0x00CC, 0x094E,   // 0x2200 (8704)
0x13DE, 0x02FA, 0x0258, 0x0A59, 0x01F8, 0x01F9, 0x021A, 0x01D7, 0x3BFC, 0x445C, 0x0257, 0x2BBC, 0x12F9, 0x22D7, 0xBEDF, 0x749B,   // 0x2210 (8720)
0x2358, 0x2C7C, 0x1C7C, 0x24FE, 0x03FA, 0x03FB, 0x13DB, 0x13BB, 0x1BBC, 0x139C, 0x02DA, 0x0ADB, 0x0AFC, 0x133C, 0x137D, 0x137D,   // 0x2220 (8736)
0x133C, 0x12FB, 0x2B3C, 0x1A58, 0x00F1, 0x00D0, 0x004E, 0x008F, 0x08D0, 0x21D4, 0x3297, 0x0993, 0x00AF, 0x0131, 0x435A, 0x19D4,   // 0x2230 (8752)
0x008E, 0x0110, 0x00AF, 0x00EF, 0x1232, 0x5C18, 0x5BB2, 0x0062, 0x0020, 0x0020, 0x0020, 0x0020, 0x0000, 0x0000, 0x0020, 0x0040,   // 0x2240 (8768)
0x0840, 0x948F, 0xA4F1, 0x83ED, 0xE6D8, 0xEEF8, 0x7B4A, 0x9C2D, 0xEED7, 0xF6F7, 0xFF17, 0xE675, 0xFF17, 0xFF58, 0xF696, 0xE5F3,   // 0x2250 (8784)
0xDD92, 0xF635, 0xF5F4, 0xDD11, 0xDCF1, 0xDCF1, 0xDCD1, 0xF595, 0xED55, 0xC451, 0xB3F1, 0xA3B1, 0xA3B3, 0x9BD4, 0x8B32, 0xAC57,   // 0x2260 (8800)
0xB4DA, 0x83D6, 0x5250, 0x5291, 0x6B96, 0x73F8, 0x42B3, 0x2A72, 0x2231, 0x1A31, 0x1A32, 0x1211, 0x09D0, 0x1232, 0x1A73, 0x2293,   // 0x2270 (8816)
0x3AF4, 0x19F0, 0x11AF, 0x11AF, 0x11D0, 0x11D0, 0x09D0, 0x09AF, 0x2232, 0x11B0, 0x11B0, 0x094F, 0x00ED, 0x00ED, 0x00ED, 0x094E,   // 0x2280 (8832)
0x033C, 0x02DB, 0x01F7, 0x01F8, 0x0A39, 0x22FD, 0x01B9, 0x0219, 0x3BBB, 0x3399, 0x2B9B, 0x0AB9, 0x1B5B, 0x3BDB, 0x7D1D, 0x74FB,   // 0x2290 (8848)
0x1B76, 0x1C5A, 0x2CFE, 0x0C3B, 0x0C3C, 0x143C, 0x037A, 0x1C1D, 0x13BC, 0x23FE, 0x0B3C, 0x0AFC, 0x02BB, 0x0279, 0x1B7C, 0x1B5C,   // 0x22A0 (8864)
0x12FB, 0x2B5C, 0x11F6, 0x00D0, 0x008F, 0x006E, 0x00B0, 0x00D0, 0x1132, 0x0111, 0x00F0, 0x00CF, 0x4339, 0x0972, 0x00D0, 0x008E,   // 0x22B0 (8880)
0x00AF, 0x00CF, 0x00EF, 0x1212, 0x09D0, 0x5BF6, 0x08C7, 0x0022, 0x0020, 0x0000, 0x0040, 0x0040, 0x0040, 0x0060, 0x0040, 0x0860,   // 0x22C0 (8896)
0x83ED, 0xF77A, 0xE6D8, 0xBD52, 0x942D, 0xFF5A, 0xEED8, 0x28C0, 0xD635, 0xF6F8, 0xE675, 0xF6F7, 0xFED7, 0xF696, 0xE5F4, 0xE5D3,   // 0x22D0 (8912)
0xEE14, 0xF635, 0xDD52, 0xDD32, 0xDCF1, 0xE4F2, 0xFDB6, 0xE514, 0xC432, 0xB3F2, 0xA3B2, 0x9B72, 0x8331, 0x9BF5, 0xA457, 0x9C58,   // 0x22E0 (8928)
0x8BF7, 0x4A30, 0x5292, 0x5B55, 0x4272, 0x3A92, 0x2A31, 0x2A72, 0x1A32, 0x1A52, 0x1211, 0x01D0, 0x09D0, 0x1211, 0x1A32, 0x11F0,   // 0x22F0 (8944)
0x32B3, 0x118F, 0x118F, 0x11D0, 0x19F0, 0x098F, 0x098F, 0x11D0, 0x1A11, 0x11B0, 0x096F, 0x010D, 0x00CD, 0x00ED, 0x00ED, 0x010D,   // 0x2300 (8960)
0x0B5D, 0x029A, 0x0219, 0x09F9, 0x1A9C, 0x0A1B, 0x0A1B, 0x01F9, 0x547E, 0x1AB6, 0x12B8, 0x237B, 0x23BB, 0x1B37, 0x7D7E, 0x759D,   // 0x2310 (8976)
0x1C38, 0x0C39, 0x1C5B, 0x0BBA, 0x243D, 0x037A, 0x13FC, 0x0B7B, 0x1BDD, 0x139D, 0x243F, 0x0B3C, 0x02BA, 0x0ABA, 0x0A99, 0x2B3B,   // 0x2320 (8992)
0x2B3B, 0x1236, 0x008E, 0x008E, 0x00AE, 0x00CF, 0x00F1, 0x3277, 0x2215, 0x00AF, 0x0110, 0x32D7, 0x32B7, 0x0131, 0x008E, 0x00CF,   // 0x2330 (9008)
0x008E, 0x0150, 0x3B97, 0x64DA, 0x222E, 0x0046, 0x0004, 0x0802, 0x0000, 0x0040, 0x0040, 0x0020, 0x0060, 0x0060, 0x0020, 0x7BEC,   // 0x2340 (9024)
0xF759, 0xF739, 0xF718, 0xEED7, 0x942D, 0x7B4A, 0xEEF8, 0xC593, 0x20A0, 0xD615, 0xF719, 0xF6F8, 0xFED8, 0xF676, 0xF676, 0xE593,   // 0x2350 (9040)
0xEE15, 0xE572, 0xDD11, 0xD4D0, 0xDD12, 0xF595, 0xE514, 0xC431, 0xBC12, 0xB3D3, 0xAC15, 0x8B32, 0x8B73, 0xACD9, 0x9437, 0x7375,   // 0x2360 (9056)
0x5AD3, 0x4AB3, 0x3A51, 0x3A92, 0x3251, 0x21F0, 0x2231, 0x2252, 0x1A32, 0x1A52, 0x0A11, 0x01D0, 0x1252, 0x09F0, 0x1211, 0x11D0,   // 0x2370 (9072)
0x32B3, 0x19CF, 0x11CF, 0x19F0, 0x11F0, 0x098F, 0x11B0, 0x1A11, 0x014E, 0x014E, 0x00ED, 0x00ED, 0x00ED, 0x00ED, 0x012E, 0x010D,   // 0x2380 (9088)
0x0AFC, 0x027A, 0x01F9, 0x01D9, 0x0A1A, 0x01FA, 0x0A1C, 0x1ABC, 0x545E, 0x2B58, 0x0297, 0x1BBB, 0x1379, 0x44FD, 0x655C, 0x659D,   // 0x2390 (9104)
0x459E, 0x1CBB, 0x0358, 0x1BFB, 0x0339, 0x241D, 0x0B5B, 0x1BFD, 0x0B7B, 0x243F, 0x0B9D, 0x243F, 0x0B1B, 0x0AB9, 0x22B9, 0x2AB8,   // 0x23A0 (9120)
0x0994, 0x00B0, 0x008E, 0x00CE, 0x00AE, 0x0910, 0x3297, 0x19D5, 0x00D0, 0x0952, 0x0151, 0x0971, 0x00EF, 0x008E, 0x00EF, 0x00AE,   // 0x23B0 (9136)
0x010F, 0x5C1A, 0x5C99, 0x43B3, 0x00A5, 0x0044, 0x0002, 0x0002, 0x0821, 0x0000, 0x0040, 0x0080, 0x0020, 0x0020, 0x0840, 0xD676,   // 0x23C0 (9152)
0xF718, 0xF6F7, 0xEED7, 0xEEF7, 0xFF7A, 0x5A45, 0x7B4A, 0xEED8, 0x732A, 0x3122, 0xDE77, 0xF6F9, 0xF6D8, 0xEE36, 0xEE36, 0xEDF5,   // 0x23D0 (9168)
0xF635, 0xD511, 0xD4D0, 0xE553, 0xF5B5, 0xE513, 0xCC51, 0xCC73, 0xC475, 0x9331, 0x9373, 0x8354, 0x7B33, 0x6B13, 0x62D2, 0x5291,   // 0x23E0 (9184)
0x4A92, 0x42B3, 0x3A92, 0x2210, 0x2251, 0x1A11, 0x2252, 0x2232, 0x1A52, 0x2293, 0x1252, 0x1231, 0x22D3, 0x09AF, 0x11AF, 0x11AF,   // 0x23F0 (9200)
0x32B3, 0x2210, 0x1A10, 0x11AF, 0x098F, 0x096E, 0x096E, 0x014E, 0x010D, 0x012E, 0x00ED, 0x090E, 0x010E, 0x00CD, 0x092E, 0x010D,   // 0x2400 (9216)
0x0279, 0x0A9B, 0x127C, 0x01BA, 0x01B9, 0x0A3B, 0x0A5C, 0x023A, 0x441D, 0x12F7, 0x02B7, 0x02F8, 0x4D9F, 0x2C7A, 0x44BA, 0x8F1F,   // 0x2410 (9232)
0x2439, 0x1C5A, 0x247C, 0x02D8, 0x1BDC, 0x0B3B, 0x1BDD, 0x139C, 0x1BFD, 0x13DC, 0x245F, 0x13BC, 0x2C1D, 0x1B19, 0x2236, 0x2A35,   // 0x2420 (9248)
0x00AF, 0x00AF, 0x00CF, 0x00CF, 0x1172, 0x00CF, 0x0952, 0x00B0, 0x11D5, 0x32B8, 0x11B3, 0x00AE, 0x00CE, 0x00CE, 0x00CE, 0x0171,   // 0x2430 (9264)
0x0150, 0x4376, 0x32F1, 0x00A5, 0x0021, 0x0000, 0x0001, 0x0001, 0x0000, 0x0000, 0x0040, 0x0020, 0x0040, 0x0000, 0x1040, 0xEED8,   // 0x2440 (9280)
0xF718, 0xEEB6, 0xFF17, 0xFF59, 0xEEB6, 0xEEB7, 0x3942, 0x5A46, 0xDEB8, 0x3963, 0x3984, 0xDE77, 0xE657, 0xF698, 0xE5F5, 0xE5D5,   // 0x2450 (9296)
0xDD73, 0xDD52, 0xF5F5, 0xFE16, 0xED95, 0xCC72, 0xD4B4, 0xB3D2, 0xA392, 0xB477, 0x9BD5, 0xA499, 0x62B2, 0x6B54, 0x5291, 0x4271,   // 0x2460 (9312)
0x42B3, 0x42F4, 0x2A52, 0x3AF4, 0x2252, 0x2252, 0x1A11, 0x2273, 0x2AD4, 0x2AF4, 0x22F4, 0x1A92, 0x09EF, 0x018E, 0x11CF, 0x19D0,   // 0x2470 (9328)
0x42F4, 0x21F0, 0x19CF, 0x11CF, 0x014E, 0x012D, 0x012D, 0x010D, 0x010D, 0x010D, 0x00ED, 0x00CC, 0x00ED, 0x010D, 0x00ED, 0x00EC,   // 0x2480 (9344)
0x0A79, 0x233D, 0x0A1B, 0x09FC, 0x01DA, 0x01DA, 0x0A5C, 0x023A, 0x33DC, 0x1B38, 0x02F8, 0x0339, 0x1C5B, 0x2CDC, 0x4D5D, 0x5D7D,   // 0x2490 (9360)
0x451D, 0x2C9C, 0x0358, 0x1BFC, 0x02D9, 0x1BBC, 0x135B, 0x2BFE, 0x1BDC, 0x241D, 0x13BB, 0x243D, 0x23BB, 0x337A, 0x0110, 0x3A55,   // 0x24A0 (9376)
0x00AF, 0x00AF, 0x00AE, 0x19D3, 0x32D7, 0x0131, 0x00B0, 0x11D4, 0x32B9, 0x0973, 0x00D0, 0x00AE, 0x008D, 0x00CD, 0x11F3, 0x649D,   // 0x24B0 (9392)
0x32F5, 0x012B, 0x0065, 0x0022, 0x0020, 0x0020, 0x0021, 0x0020, 0x0020, 0x0000, 0x0840, 0x0020, 0x0040, 0x0840, 0x7B2B, 0xFEF9,   // 0x24C0 (9408)
0xF6D7, 0xFF17, 0xF6F7, 0xEEB6, 0xF6F7, 0xEE96, 0xE676, 0x4183, 0x28E1, 0xA4F2, 0x1881, 0x3103, 0xCDD5, 0xCDB5, 0xD594, 0xD574,   // 0x24D0 (9424)
0xE5D5, 0xE5B4, 0xFE57, 0xEDD6, 0xD4F3, 0xC473, 0xABD1, 0xABD2, 0x9B93, 0xBCB9, 0x93D6, 0x62B2, 0x62D3, 0x7BF7, 0x4AB2, 0x52F4,   // 0x24E0 (9440)
0x3272, 0x3272, 0x2252, 0x3B55, 0x32F4, 0x1A52, 0x1A11, 0x2A93, 0x2AB3, 0x2293, 0x0A10, 0x1A92, 0x09EF, 0x1A10, 0x19CF, 0x21F0,   // 0x24F0 (9456)
0x3A92, 0x19AF, 0x11AF, 0x118F, 0x012D, 0x010C, 0x00EC, 0x00EC, 0x010D, 0x010D, 0x00ED, 0x00CC, 0x00CC, 0x08ED, 0x00ED, 0x00CC,   // 0x2500 (9472)
0x0A78, 0x33BE, 0x01B9, 0x09FC, 0x121C, 0x09FA, 0x01D9, 0x129B, 0x237B, 0x02F8, 0x0B7A, 0x0379, 0x0BF9, 0x351D, 0x1397, 0x659F,   // 0x2510 (9488)
0x659F, 0x0B17, 0x2C5D, 0x13BB, 0x033A, 0x0319, 0x241D, 0x23DC, 0x345E, 0x23FC, 0x23FC, 0x2BDB, 0x1296, 0x00EF, 0x010F, 0x3AB6,   // 0x2520 (9504)
0x00CF, 0x00D0, 0x0111, 0x2A76, 0x00D0, 0x0111, 0x1193, 0x0132, 0x00F1, 0x00B0, 0x008E, 0x00AE, 0x00EE, 0x00EE, 0x3B58, 0x5C1A,   // 0x2530 (9520)
0x220F, 0x0044, 0x0022, 0x0000, 0x0000, 0x0061, 0x0020, 0x0040, 0x0020, 0x0000, 0x0020, 0x0820, 0x20C2, 0x942F, 0xF6D9, 0xF6B8,   // 0x2540 (9536)
0xF6D7, 0xFF17, 0xF6B6, 0xF6B6, 0xEE96, 0xFF18, 0xF6F8, 0xEEF9, 0x4A06, 0x1040, 0x2923, 0x0800, 0x1020, 0x1820, 0x2881, 0x8B6C,   // 0x2550 (9552)
0xDDB5, 0xF658, 0xEDF7, 0xD514, 0xC493, 0xBC53, 0xB434, 0x8B11, 0x8332, 0x8354, 0x6B13, 0x5292, 0x52D3, 0x7C18, 0x6396, 0x4B14,   // 0x2560 (9568)
0x2A31, 0x2A72, 0x4B96, 0x2292, 0x1A72, 0x1231, 0x09AF, 0x11F0, 0x11D0, 0x1A51, 0x0A30, 0x3B95, 0x11EF, 0x19EF, 0x198E, 0x3A72,   // 0x2570 (9584)
0x2A11, 0x118F, 0x118F, 0x116E, 0x010D, 0x010D, 0x010D, 0x00EC, 0x010D, 0x00ED, 0x00CC, 0x00AC, 0x00CC, 0x08ED, 0x00ED, 0x00CC,   // 0x2580 (9600)
0x0A76, 0x2B3B, 0x125B, 0x123C, 0x09DB, 0x125C, 0x01F9, 0x0259, 0x1B5B, 0x0319, 0x249F, 0x143D, 0x13FB, 0x0B98, 0x2C5C, 0x447D,   // 0x2590 (9616)
0x33BA, 0x447D, 0x0B38, 0x0B7A, 0x2C9F, 0x033A, 0x135A, 0x23FC, 0x2C1C, 0x23BA, 0x33BB, 0x1235, 0x0110, 0x00CF, 0x00EE, 0x3AB6,   // 0x25A0 (9632)
0x0111, 0x2A97, 0x0172, 0x00CF, 0x09B3, 0x3AF9, 0x3297, 0x00B0, 0x00D0, 0x00AF, 0x00AF, 0x00EF, 0x3AF6, 0x2A94, 0x014F, 0x096D,   // 0x25B0 (9648)
0x0024, 0x0042, 0x0000, 0x0820, 0x0061, 0x0020, 0x0020, 0x0040, 0x0860, 0x0020, 0x0820, 0x5A89, 0xEE98, 0xFEF9, 0xF6B8, 0xF6D7,   // 0x25C0 (9664)
0xF6F7, 0xEEB6, 0xF6D6, 0xF696, 0xF6B6, 0xEE76, 0xF6D8, 0xDE56, 0xCDF6, 0x0820, 0x0000, 0x0820, 0x0000, 0x0820, 0x0800, 0x1820,   // 0x25D0 (9680)
0xEE58, 0xE617, 0xC4D3, 0xBCB3, 0xBC94, 0xB454, 0x9BB3, 0x8312, 0x72F2, 0x7B54, 0x6B54, 0x4A71, 0x4AB2, 0x7C79, 0x42B3, 0x3252,   // 0x25E0 (9696)
0x2A52, 0x3B35, 0x3335, 0x1A72, 0x1251, 0x09CF, 0x2252, 0x11F0, 0x09CF, 0x1210, 0x1230, 0x43B6, 0x1A30, 0x19AE, 0x196E, 0x4252,   // 0x25F0 (9712)
0x196E, 0x092D, 0x094D, 0x092D, 0x00EC, 0x00EC, 0x00EC, 0x00CC, 0x00ED, 0x00CC, 0x00AC, 0x00AB, 0x00CC, 0x08EC, 0x00CC, 0x00CB,   // 0x2600 (9728)
0x43DA, 0x1AB7, 0x01F8, 0x01FA, 0x0A1B, 0x1ABD, 0x01F9, 0x0259, 0x02B9, 0x2C3E, 0x0B9C, 0x1C3E, 0x037A, 0x0339, 0x0B19, 0x1318,   // 0x2610 (9744)
0x755F, 0x2B38, 0x1B59, 0x3C9E, 0x0339, 0x1C1C, 0x139A, 0x23DB, 0x2379, 0x3BFB, 0x09D3, 0x00AF, 0x008E, 0x00CF, 0x00EE, 0x3B17,   // 0x2620 (9760)
0x3B59, 0x2256, 0x00AF, 0x0110, 0x09B3, 0x2A56, 0x00F1, 0x00B0, 0x008E, 0x00AE, 0x010F, 0x3B57, 0x5419, 0x4B96, 0x00EB, 0x0005,   // 0x2630 (9776)
0x0002, 0x0000, 0x0020, 0x0000, 0x0000, 0x0041, 0x0040, 0x0020, 0x0000, 0x39C5, 0xC5B5, 0xF6FA, 0xF6B8, 0xFED8, 0xF6D6, 0xF6F6,   // 0x2640 (9792)
0xF6F7, 0xF6D6, 0xEE96, 0xFED7, 0xFEB6, 0xFEB7, 0xE636, 0xEE98, 0xD637, 0x18A1, 0x0000, 0x0041, 0x0020, 0x0020, 0x0000, 0x1000,   // 0x2650 (9808)
0x836D, 0xC555, 0xB4B3, 0xB4D5, 0xB4D6, 0x9393, 0x8353, 0x7333, 0x62F2, 0x8417, 0x52D2, 0x4AD3, 0x4AF3, 0x5376, 0x3272, 0x2A52,   // 0x2660 (9824)
0x2231, 0x32D4, 0x1A51, 0x1231, 0x09EF, 0x1A71, 0x1A31, 0x09AF, 0x1A10, 0x1210, 0x1A71, 0x2AF3, 0x11EF, 0x118E, 0x31CF, 0x4231,   // 0x2670 (9840)
0x110D, 0x00EC, 0x090D, 0x010D, 0x00EC, 0x00EC, 0x00CC, 0x00CB, 0x00CC, 0x00AC, 0x00AB, 0x00AB, 0x00AB, 0x00CB, 0x00CB, 0x00AB,   // 0x2680 (9856)
0x4BDA, 0x2296, 0x01D6, 0x1ABC, 0x0A7B, 0x021A, 0x129B, 0x0A9A, 0x0B1B, 0x02FA, 0x241F, 0x031B, 0x23DD, 0x02D9, 0x02B9, 0x0AB8,   // 0x2690 (9872)
0x43BA, 0x43FA, 0x3C3C, 0x02D7, 0x241C, 0x2C9D, 0x0B58, 0x1B58, 0x2B79, 0x0151, 0x00AF, 0x00D0, 0x00AF, 0x00AE, 0x00EF, 0x4399,   // 0x26A0 (9888)
0x2296, 0x00AF, 0x2275, 0x4B59, 0x00CF, 0x00F1, 0x008E, 0x008E, 0x00CF, 0x00EE, 0x2274, 0x5419, 0x4375, 0x010A, 0x0045, 0x0002,   // 0x26B0 (9904)
0x0000, 0x0840, 0x0040, 0x0020, 0x0020, 0x0000, 0x0820, 0x4A27, 0xA4F1, 0xF75A, 0xF6F9, 0xF6D8, 0xF697, 0xFED7, 0xF6F6, 0xF716,   // 0x26C0 (9920)
0xF6F7, 0xFF18, 0xEE96, 0xFEF7, 0xFED7, 0xF676, 0xEE56, 0xD5D5, 0xD617, 0x1040, 0x0000, 0x0000, 0x0000, 0x0020, 0x0020, 0x0000,   // 0x26D0 (9936)
0x1020, 0xACB3, 0xB4F5, 0xC558, 0xACB7, 0x8BD5, 0x7333, 0x6B13, 0x73B6, 0x5B34, 0x5313, 0x4B14, 0x3272, 0x3292, 0x2231, 0x2231,   // 0x26E0 (9952)
0x2252, 0x1A51, 0x3334, 0x1251, 0x1271, 0x2AF3, 0x11CF, 0x11AF, 0x1A31, 0x2292, 0x3334, 0x1250, 0x09AE, 0x114D, 0x4231, 0x39F0,   // 0x26F0 (9968)
0x110D, 0x00EC, 0x090D, 0x010D, 0x010C, 0x00EC, 0x00CC, 0x00CC, 0x00AB, 0x008B, 0x008B, 0x008B, 0x00AB, 0x00AB, 0x008B, 0x008A,   // 0x2700 (9984)
0x8D7F, 0x2275, 0x0A57, 0x12DB, 0x025A, 0x027B, 0x025A, 0x237D, 0x02BA, 0x02DA, 0x02DA, 0x1B3D, 0x0279, 0x235D, 0x029A, 0x0AB8,   // 0x2710 (10000)
0x3317, 0x859F, 0x1AD6, 0x2C3B, 0x1C1B, 0x13B9, 0x44FE, 0x2338, 0x0110, 0x008E, 0x008F, 0x00CF, 0x00F0, 0x32B7, 0x32B6, 0x0150,   // 0x2720 (10016)
0x014F, 0x22D5, 0x53BA, 0x1172, 0x008F, 0x006E, 0x00AE, 0x00CE, 0x01B1, 0x4C1A, 0x016F, 0x1A31, 0x010A, 0x0024, 0x0001, 0x0021,   // 0x2730 (10032)
0x0000, 0x0041, 0x0000, 0x0020, 0x1040, 0x62A9, 0xDE16, 0xEED8, 0xF719, 0xEED8, 0xF6D7, 0xFED7, 0xFEF8, 0xF6B6, 0xF716, 0xEEF6,   // 0x2740 (10048)
0xF6F7, 0xF6F7, 0xF6D7, 0xFEF8, 0xF676, 0xEE14, 0xE615, 0xEE77, 0x836C, 0x0000, 0x0020, 0x0041, 0x0020, 0x0000, 0x0040, 0x0000,   // 0x2750 (10064)
0x2903, 0x5209, 0xC598, 0x9C55, 0xBD7B, 0x83B5, 0x6B34, 0x6334, 0x52D3, 0x4AF3, 0x3AB2, 0x3292, 0x2A71, 0x2A93, 0x3B15, 0x2232,   // 0x2760 (10080)
0x19F0, 0x11F0, 0x2AF4, 0x22D3, 0x2314, 0x09CF, 0x09AF, 0x19F0, 0x2251, 0x2271, 0x2AF3, 0x09EF, 0x09AE, 0x19AE, 0x4231, 0x292E,   // 0x2770 (10096)
0x08CC, 0x00AC, 0x00EC, 0x010C, 0x00EC, 0x00EC, 0x00AB, 0x00AB, 0x00AB, 0x008B, 0x008B, 0x008A, 0x008A, 0x008A, 0x008A, 0x008A,   // 0x2780 (10112)
0x2A92, 0xB6DF, 0x5CBF, 0x12B9, 0x029A, 0x027A, 0x12DC, 0x029A, 0x1B5D, 0x029A, 0x02BA, 0x0A9A, 0x1B1D, 0x12DC, 0x131C, 0x0A98,   // 0x2790 (10128)
0x1A75, 0xA67F, 0x549C, 0x2BB8, 0x1B98, 0x44DE, 0x12D6, 0x010F, 0x00AE, 0x00AE, 0x00AF, 0x00AE, 0x3296, 0x4339, 0x11B2, 0x00CE,   // 0x27A0 (10144)
0x014F, 0x4BFA, 0x11B2, 0x00AE, 0x08AE, 0x006D, 0x00CE, 0x1212, 0x64FD, 0x547B, 0x1210, 0x00EA, 0x0045, 0x0022, 0x0000, 0x0000,   // 0x27B0 (10160)
0x0021, 0x0021, 0x0020, 0x0840, 0x734B, 0xF6F9, 0xF6D8, 0xFEF8, 0xF6D8, 0xF6F7, 0xF6B6, 0xFEF7, 0xF6B7, 0xF6D6, 0xF716, 0xF737,   // 0x27C0 (10176)
0xF6F7, 0xEE96, 0xFEF8, 0xF675, 0xF635, 0xF615, 0xE5B4, 0xEE57, 0x4164, 0x0820, 0x0020, 0x0000, 0x0020, 0x0040, 0x0000, 0x0040,   // 0x27D0 (10192)
0x0820, 0x0801, 0xACF6, 0xA4F8, 0x9457, 0x7375, 0x6334, 0x6355, 0x5B75, 0x3AB2, 0x32B2, 0x32D2, 0x2A51, 0x32D3, 0x32F4, 0x1A52,   // 0x27E0 (10208)
0x1231, 0x22B3, 0x2B34, 0x2B34, 0x1271, 0x1230, 0x098E, 0x11CF, 0x1A31, 0x09EF, 0x1210, 0x018E, 0x098D, 0x198E, 0x3210, 0x190D,   // 0x27F0 (10224)
0x08EC, 0x00CC, 0x00EC, 0x090D, 0x090D, 0x090D, 0x00CC, 0x00CC, 0x00AB, 0x00AB, 0x008B, 0x008A, 0x006A, 0x0069, 0x0069, 0x006A,   // 0x2800 (10240)
0x8DDC, 0x4395, 0xB71F, 0x3B7B, 0x0A58, 0x0A7A, 0x027B, 0x0ADC, 0x0ABB, 0x131C, 0x029A, 0x0259, 0x1B3C, 0x0ABA, 0x12DA, 0x2B5B,   // 0x2810 (10256)
0x1A76, 0x7D3F, 0x6D1C, 0x3B96, 0x5CBB, 0x0A12, 0x00CF, 0x00AE, 0x008E, 0x00AE, 0x0170, 0x2AB5, 0x0130, 0x00CF, 0x0172, 0x4379,   // 0x2820 (10272)
0x2214, 0x00CE, 0x008E, 0x008D, 0x00AE, 0x00EE, 0x1233, 0x016E, 0x4C38, 0x09EF, 0x21ED, 0x0024, 0x0002, 0x0021, 0x0000, 0x0020,   // 0x2830 (10288)
0x0000, 0x0041, 0x0000, 0x39C5, 0xEF19, 0xEEF8, 0xFF39, 0xF6D7, 0xFED7, 0xFF17, 0xFED7, 0xF6B6, 0xFED7, 0xF6F7, 0xF6D6, 0xEED6,   // 0x2840 (10304)
0xF6D7, 0xF6D7, 0xF656, 0xF635, 0xF5F5, 0xE594, 0xE594, 0xD554, 0x6AA9, 0x1020, 0x0020, 0x0020, 0x0040, 0x0000, 0x0000, 0x0000,   // 0x2850 (10320)
0x0820, 0x0000, 0x4A0B, 0x8C76, 0x7C37, 0x6B96, 0x5B33, 0x8499, 0x5BB6, 0x3B13, 0x3B55, 0x3B34, 0x32D2, 0x4375, 0x3334, 0x22D3,   // 0x2860 (10336)
0x1292, 0x2313, 0x2333, 0x22F3, 0x1210, 0x09AF, 0x116E, 0x11AF, 0x020F, 0x0210, 0x11D0, 0x012D, 0x098D, 0x11CE, 0x012C, 0x2210,   // 0x2870 (10352)
0x012C, 0x096E, 0x00EC, 0x090D, 0x00EC, 0x00CB, 0x00CC, 0x00AB, 0x008B, 0x008B, 0x008A, 0x006A, 0x004A, 0x006A, 0x006A, 0x008A,   // 0x2880 (10368)
0xA6DF, 0x7D5C, 0x22B3, 0x8DDF, 0x1277, 0x0A78, 0x0ABA, 0x0ADB, 0x0ABB, 0x027A, 0x1B3D, 0x0ABB, 0x0259, 0x131B, 0x131A, 0x235B,   // 0x2890 (10384)
0x1A97, 0x4399, 0xAE5F, 0x5BF7, 0x11D0, 0x008C, 0x08CF, 0x008F, 0x00AE, 0x0971, 0x4BD9, 0x1A74, 0x00CE, 0x0130, 0x4B9A, 0x4359,   // 0x28A0 (10400)
0x00CF, 0x008E, 0x00CE, 0x00AE, 0x012F, 0x4BF9, 0x64FD, 0x1AB2, 0x010B, 0x328F, 0x0003, 0x0022, 0x0021, 0x0000, 0x0840, 0x0000,   // 0x28B0 (10416)
0x0020, 0x0000, 0x0020, 0x6B2B, 0xF73A, 0xFF59, 0xEEB6, 0xFEF7, 0xFF17, 0xFED6, 0xF6B6, 0xF6D7, 0xFEF7, 0xF6B6, 0xEE95, 0xF6B6,   // 0x28C0 (10432)
0xEE75, 0xF697, 0xF615, 0xE594, 0xED94, 0xEDB5, 0xD4F2, 0xDD74, 0xD595, 0x28C2, 0x1881, 0x0840, 0x0000, 0x0020, 0x0820, 0x0820,   // 0x28D0 (10448)
0x0000, 0x0020, 0x0003, 0x8C76, 0x7417, 0x63D6, 0x63D6, 0x7457, 0x6417, 0x4B95, 0x3B76, 0x22D3, 0x4BB6, 0x3B33, 0x2313, 0x3395,   // 0x28E0 (10464)
0x3396, 0x1AD3, 0x1291, 0x1250, 0x1210, 0x016E, 0x11AF, 0x2231, 0x1271, 0x0A30, 0x096F, 0x114E, 0x092C, 0x096C, 0x098D, 0x855C,   // 0x28F0 (10480)
0x1A10, 0x19CF, 0x00EC, 0x090C, 0x00AB, 0x00AB, 0x08AC, 0x08CB, 0x008B, 0x00AB, 0x008A, 0x008A, 0x006A, 0x0069, 0x086A, 0x0869,   // 0x2900 (10496)
0x22D4, 0x3356, 0x4C18, 0x3356, 0x8E3F, 0x3399, 0x0A56, 0x0A98, 0x0ABA, 0x0AFC, 0x12FD, 0x029B, 0x0A9B, 0x02BA, 0x1BBD, 0x02F9,   // 0x2910 (10512)
0x33DC, 0x2AD6, 0xB5DF, 0xAD7C, 0x008A, 0x00CD, 0x006E, 0x00AF, 0x1192, 0x5C1C, 0x32B5, 0x00EE, 0x1A54, 0x0191, 0x19B3, 0x00AF,   // 0x2920 (10528)
0x00CE, 0x00AD, 0x00EF, 0x0150, 0x755F, 0x5CFC, 0x43D7, 0x098D, 0x114A, 0x0024, 0x0002, 0x0083, 0x0000, 0x0041, 0x0020, 0x0000,   // 0x2930 (10544)
0x0020, 0x0840, 0x0840, 0xCDF5, 0xF719, 0xF6D7, 0xFF17, 0xFF38, 0xFEF6, 0xF6B6, 0xF6D6, 0xF6F7, 0xF6D7, 0xF6B6, 0xF696, 0xF696,   // 0x2940 (10560)
0xFEB7, 0xF636, 0xE593, 0xED94, 0xEDB4, 0xD4B1, 0xE553, 0xE574, 0xDD95, 0xCD75, 0xE659, 0xACD3, 0x1862, 0x3165, 0x1882, 0x0000,   // 0x2950 (10576)
0x0020, 0x0000, 0x0042, 0x3A2C, 0x63D5, 0x5BD6, 0x63F7, 0x6416, 0x3B12, 0x3B34, 0x43D7, 0x3335, 0x22B2, 0x22D2, 0x33B6, 0x2B95,   // 0x2960 (10592)
0x3395, 0x1271, 0x09EF, 0x09EF, 0x1230, 0x09AE, 0x11F0, 0x2271, 0x2271, 0x11AF, 0x118E, 0x114D, 0x094C, 0x094C, 0x094C, 0x4333,   // 0x2970 (10608)
0x19CF, 0x096D, 0x00EB, 0x092C, 0x008B, 0x00AB, 0x008B, 0x00AB, 0x008A, 0x008A, 0x008A, 0x0089, 0x0069, 0x0069, 0x0869, 0x0069,   // 0x2980 (10624)
0x2B16, 0x3377, 0x3396, 0x4C58, 0x7DBE, 0x545A, 0x22D6, 0x1297, 0x0A99, 0x131C, 0x02BB, 0x133D, 0x131C, 0x02DA, 0x0319, 0x23FD,   // 0x2990 (10640)
0x12B7, 0x2A95, 0x4230, 0xCDFF, 0x5AD3, 0x08CD, 0x00EF, 0x19D4, 0x0131, 0x0992, 0x00EE, 0x4B98, 0x5C5B, 0x1A34, 0x00AF, 0x008E,   // 0x29A0 (10656)
0x008D, 0x010E, 0x11F2, 0x016F, 0x4439, 0x4417, 0x1A4F, 0x4B31, 0x0044, 0x0042, 0x0021, 0x0020, 0x0041, 0x0000, 0x0020, 0x0020,   // 0x29B0 (10672)
0x0000, 0x0000, 0x7B8C, 0xF6F9, 0xFEF9, 0xF6B6, 0xFF17, 0xFEF6, 0xF6D6, 0xEEB5, 0xEED6, 0xF717, 0xF6F7, 0xF6B7, 0xFEB6, 0xFE76,   // 0x29C0 (10688)
0xF636, 0xEDD5, 0xE573, 0xE573, 0xD4F1, 0xEDB4, 0xF5D5, 0xF5F6, 0xFE38, 0xDD76, 0xD556, 0xCD76, 0xB4D4, 0x1862, 0x2105, 0x0841,   // 0x29D0 (10704)
0x0000, 0x0020, 0x0001, 0x0044, 0x63F5, 0x5C17, 0x5C17, 0x3B33, 0x3312, 0x4BF6, 0x2B34, 0x22F3, 0x3375, 0x2B54, 0x1B13, 0x3395,   // 0x29E0 (10720)
0x1291, 0x1251, 0x0A10, 0x1210, 0x09CF, 0x0A0F, 0x09EF, 0x1210, 0x11CF, 0x116E, 0x112C, 0x114C, 0x116D, 0x094C, 0x3250, 0x2A30,   // 0x29F0 (10736)
0x010C, 0x00CB, 0x00EC, 0x114D, 0x00CB, 0x00AB, 0x008A, 0x008A, 0x008A, 0x008A, 0x0089, 0x0069, 0x0069, 0x0068, 0x0048, 0x0068,   // 0x2A00 (10752)
0x6CFE, 0x22F5, 0x4418, 0xAF5F, 0x1AD2, 0x64FC, 0x6CFE, 0x1276, 0x12B9, 0x0AFA, 0x135C, 0x033B, 0x139C, 0x0B7A, 0x137A, 0x1B59,   // 0x2A10 (10768)
0x1A97, 0x00EF, 0x086B, 0x9438, 0xA499, 0x106A, 0x2A55, 0x541D, 0x0951, 0x00AE, 0x4B98, 0x74BC, 0x012F, 0x00EF, 0x00AE, 0x00CE,   // 0x2A20 (10784)
0x00EE, 0x3316, 0x7DDF, 0x4459, 0x014C, 0x3312, 0x6414, 0x0003, 0x0001, 0x0020, 0x0081, 0x0020, 0x0000, 0x0041, 0x0020, 0x0000,   // 0x2A30 (10800)
0x0020, 0x3143, 0xEEF9, 0xEED8, 0xF6B7, 0xFF18, 0xFEF7, 0xF6D6, 0xEED6, 0xEEB5, 0xF717, 0xFF58, 0xFEF8, 0xF6B7, 0xFE76, 0xFE56,   // 0x2A40 (10816)
0xED94, 0xED74, 0xED74, 0xDD32, 0xEDD4, 0xE5B4, 0xF5D5, 0xFE17, 0xE555, 0xDD14, 0xD515, 0xCD36, 0xCD78, 0xACD5, 0x0002, 0x0021,   // 0x2A50 (10832)
0x0040, 0x0060, 0x0000, 0x0063, 0x32B0, 0x6498, 0x3BD5, 0x3BB5, 0x5CB8, 0x5498, 0x3395, 0x1B13, 0x2B75, 0x2B54, 0x2313, 0x1250,   // 0x2A60 (10848)
0x09EF, 0x1A71, 0x1A51, 0x1210, 0x01AE, 0x09EF, 0x09EF, 0x09CF, 0x096D, 0x114C, 0x31AE, 0x5291, 0x192C, 0x090C, 0x6BF7, 0x00EA,   // 0x2A70 (10864)
0x010B, 0x00EB, 0x114D, 0x116D, 0x00CB, 0x00AA, 0x00AA, 0x08CB, 0x00AA, 0x0089, 0x0089, 0x0069, 0x0068, 0x0068, 0x0048, 0x0068,   // 0x2A80 (10880)
0x1273, 0x9EBF, 0x547A, 0x22F3, 0x8E3F, 0x22D4, 0x5C9C, 0x64FF, 0x1AF8, 0x0AD8, 0x0B5A, 0x0BDB, 0x0379, 0x34BE, 0x341C, 0x1255,   // 0x2A90 (10896)
0x00F0, 0x008E, 0x00AC, 0x298E, 0xBD1B, 0x41AE, 0x2A34, 0x0172, 0x0130, 0x4B58, 0x012F, 0x00EE, 0x00AE, 0x00AE, 0x00AD, 0x010E,   // 0x2AA0 (10912)
0x012E, 0x5CBB, 0x657D, 0x12D2, 0x22B0, 0x0108, 0x0043, 0x0021, 0x0061, 0x0020, 0x0020, 0x0061, 0x0061, 0x0020, 0x0000, 0x0000,   // 0x2AB0 (10928)
0x0000, 0x83AC, 0xF6F9, 0xF6D8, 0xFED7, 0xFED7, 0xFF17, 0xF6F6, 0xEED5, 0xF737, 0xFF58, 0xF6F7, 0xF6B7, 0xFE97, 0xFE56, 0xEDB4,   // 0x2AC0 (10944)
0xED74, 0xED74, 0xDCF2, 0xFE36, 0xF615, 0xDD73, 0xE573, 0xE574, 0xD4D3, 0xE556, 0xCCD5, 0xD557, 0xD599, 0xA495, 0x5AEE, 0x0022,   // 0x2AD0 (10960)
0x0000, 0x0000, 0x0021, 0x0022, 0x0969, 0x4BF5, 0x3BD4, 0x4C97, 0x54D8, 0x653A, 0x4458, 0x2B95, 0x1AF3, 0x22F4, 0x1A71, 0x01CE,   // 0x2AE0 (10976)
0x09EE, 0x1A50, 0x1A92, 0x1211, 0x1210, 0x11EF, 0x1210, 0x09AF, 0x014C, 0x114C, 0x41CE, 0x49EF, 0x192C, 0x00CB, 0x6C17, 0x00EA,   // 0x2AF0 (10992)
0x010B, 0x010B, 0x19AE, 0x112D, 0x00CB, 0x00AA, 0x00AA, 0x08EB, 0x0089, 0x0089, 0x0068, 0x0068, 0x0068, 0x0068, 0x0048, 0x0068,   // 0x2B00 (11008)
0x8E3F, 0x3356, 0x3B98, 0x43B9, 0x3357, 0x757F, 0x2336, 0x443B, 0x6DDF, 0x1398, 0x0BB8, 0x1C3A, 0x34DD, 0x3C7C, 0x0A34, 0x00F0,   // 0x2B10 (11024)
0x008E, 0x006E, 0x00CE, 0x092E, 0x9C58, 0x93F6, 0x006B, 0x010F, 0x74FE, 0x4378, 0x00AE, 0x00AE, 0x00AE, 0x008D, 0x014F, 0x33B8,   // 0x2B20 (11040)
0x4419, 0x01EF, 0x022F, 0x64F8, 0x5391, 0x0043, 0x0000, 0x0060, 0x0020, 0x0020, 0x0061, 0x0000, 0x0000, 0x0000, 0x0840, 0x0840,   // 0x2B30 (11056)
0x1020, 0xA48F, 0xEED8, 0xF6D7, 0xFF59, 0xEE95, 0xEE95, 0xEEB5, 0xF6D6, 0xFF58, 0xFF38, 0xEE96, 0xF656, 0xFE56, 0xF5D5, 0xE533,   // 0x2B40 (11072)
0xE553, 0xDCF2, 0xF5D5, 0xEDB4, 0xE5B3, 0xEDD4, 0xEDB4, 0xD4F2, 0xDD14, 0xDD16, 0xD4F6, 0xBCB6, 0x93D3, 0x83D3, 0x8475, 0x2189,   // 0x2B50 (11088)
0x0022, 0x0000, 0x0021, 0x0042, 0x2A4C, 0x4BD3, 0x4C55, 0x54D8, 0x54D8, 0x4CD9, 0x3417, 0x3C38, 0x2355, 0x1AD3, 0x09EF, 0x1210,   // 0x2B60 (11104)
0x11EF, 0x1250, 0x1A72, 0x1231, 0x1210, 0x11CF, 0x11CF, 0x098E, 0x098D, 0x10EA, 0x520F, 0x5A0F, 0x190B, 0x114C, 0x3AD2, 0x012B,   // 0x2B70 (11120)
0x010B, 0x010B, 0x21CF, 0x00CB, 0x00CB, 0x00AA, 0x008A, 0x00AA, 0x0069, 0x0069, 0x0068, 0x0068, 0x0068, 0x0068, 0x0048, 0x0048,   // 0x2B80 (11136)
0x6D5E, 0x2B56, 0x3B99, 0x43DA, 0x3B79, 0x3BB9, 0x445A, 0x3438, 0x3CBA, 0x559D, 0x2459, 0x34DB, 0x3C5B, 0x01D2, 0x00AE, 0x1972,   // 0x2B90 (11152)
0x08AF, 0x00AF, 0x11F3, 0x4358, 0x318E, 0xACDB, 0x4210, 0x216E, 0x2212, 0x00EE, 0x00AE, 0x006E, 0x00AE, 0x0170, 0x4C5A, 0x7E3F,   // 0x2BA0 (11168)
0x3C37, 0x016C, 0x0A2D, 0x4370, 0x0022, 0x0000, 0x0860, 0x0000, 0x0040, 0x0060, 0x0020, 0x0021, 0x0000, 0x0820, 0x0000, 0x0000,   // 0x2BB0 (11184)
0x4183, 0xDE55, 0xF6D7, 0xFF18, 0xEE95, 0xF6D6, 0xF6D6, 0xF6D6, 0xFF38, 0xF6D6, 0xEE75, 0xF696, 0xFE77, 0xEDB4, 0xE533, 0xED54,   // 0x2BC0 (11200)
0xE533, 0xEDB4, 0xE573, 0xE573, 0xE573, 0xE594, 0xE574, 0xD4D2, 0xE556, 0xD4D5, 0xBC95, 0x9BD3, 0x8BD4, 0x8435, 0x9519, 0x7435,   // 0x2BD0 (11216)
0x10E6, 0x0022, 0x0002, 0x0042, 0x2A2A, 0x4B70, 0x124C, 0x6518, 0x4C97, 0x3C57, 0x3C78, 0x33F7, 0x1B14, 0x1271, 0x1A71, 0x1A30,   // 0x2BE0 (11232)
0x122F, 0x1A71, 0x1251, 0x0A10, 0x098E, 0x098F, 0x016D, 0x014C, 0x08EA, 0x298C, 0x49AD, 0x49AD, 0x10EA, 0x5BD5, 0x19AD, 0x010B,   // 0x2BF0 (11248)
0x092C, 0x090C, 0x21CF, 0x008A, 0x08CB, 0x08CA, 0x008A, 0x0089, 0x0089, 0x0069, 0x0069, 0x0089, 0x0089, 0x0068, 0x0068, 0x0068,   // 0x2C00 (11264)
0x1294, 0x861F, 0x22D6, 0x43DA, 0x43B9, 0x2315, 0x6DDE, 0x3478, 0x3D19, 0x455B, 0x557D, 0x2BB7, 0x0150, 0x008E, 0x00AF, 0x00D0,   // 0x2C10 (11280)
0x29D4, 0x00AF, 0x1A14, 0x0971, 0x00CE, 0x5AF5, 0xD63F, 0x396C, 0x08AB, 0x00AC, 0x00AE, 0x008E, 0x00EE, 0x22D4, 0x867F, 0x33F6,   // 0x2C20 (11296)
0x024E, 0x64F8, 0x0969, 0x0043, 0x0021, 0x0020, 0x0040, 0x0040, 0x0060, 0x0000, 0x0841, 0x0020, 0x0820, 0x0000, 0x0800, 0x5226,   // 0x2C30 (11312)
0xEEB7, 0xF6D7, 0xEEB6, 0xEEB6, 0xEED6, 0xF6D6, 0xF6D6, 0xFEF7, 0xF6B6, 0xF696, 0xF655, 0xFE77, 0xED94, 0xE533, 0xED34, 0xE513,   // 0x2C40 (11328)
0xED74, 0xE512, 0xDCF1, 0xEDB4, 0xDD32, 0xD4F2, 0xCCB2, 0xDCF4, 0xDD16, 0xCCF6, 0xA414, 0x8372, 0x8C16, 0xADBD, 0x7437, 0x63B4,   // 0x2C50 (11344)
0x63D3, 0x6391, 0x7C53, 0x1967, 0x0022, 0x0022, 0x00C6, 0x6CB7, 0x4C56, 0x3C37, 0x3C38, 0x2376, 0x0A92, 0x1271, 0x1A71, 0x1250,   // 0x2C60 (11360)
0x1250, 0x0A4F, 0x0A30, 0x01AE, 0x014D, 0x096E, 0x016D, 0x010B, 0x18EA, 0x49CE, 0x418D, 0x420E, 0x3A6F, 0x7CD8, 0x00EA, 0x010B,   // 0x2C70 (11376)
0x00EB, 0x00EB, 0x29EF, 0x00AA, 0x00AA, 0x0089, 0x0069, 0x0089, 0x0089, 0x0069, 0x0069, 0x0089, 0x0068, 0x0088, 0x0027, 0x0068,   // 0x2C80 (11392)
0x653F, 0x1294, 0x85DF, 0x1AD5, 0x549B, 0x651C, 0x2BF6, 0x86FF, 0x3477, 0x65DD, 0x4C7A, 0x010E, 0x008E, 0x00D0, 0x00AF, 0x00AF,   // 0x2C90 (11408)
0x3AD8, 0x2A96, 0x00CF, 0x00EF, 0x32B7, 0x5317, 0xC5DD, 0xC59B, 0x212B, 0x006A, 0x008D, 0x2254, 0x43D9, 0x01F0, 0x0A91, 0x12D0,   // 0x2CA0 (11424)
0x863C, 0x228D, 0x0023, 0x0001, 0x0861, 0x0020, 0x0020, 0x0040, 0x0020, 0x0000, 0x10A1, 0x0840, 0x0800, 0x1860, 0x836C, 0xF6D9,   // 0x2CB0 (11440)
0xEEB7, 0xF6F7, 0xF6F7, 0xEED6, 0xEED6, 0xF6F7, 0xF6F7, 0xFEF7, 0xFED7, 0xFE76, 0xFE76, 0xED93, 0xED53, 0xDCF2, 0xDCB2, 0xF595,   // 0x2CC0 (11456)
0xDCF2, 0xD4D1, 0xE513, 0xED53, 0xE513, 0xE513, 0xD4B3, 0xDCF5, 0xDD17, 0xBC76, 0x9C15, 0xB51A, 0x9CDA, 0x7C17, 0x5B55, 0x5BB5,   // 0x2CD0 (11472)
0x7477, 0x63D3, 0x84D6, 0x29CA, 0x0022, 0x0001, 0x0023, 0x3AEF, 0x5437, 0x33D6, 0x2B75, 0x12D3, 0x0230, 0x0A30, 0x1230, 0x1210,   // 0x2CE0 (11488)
0x01CE, 0x1A91, 0x09EE, 0x09EF, 0x098F, 0x11AF, 0x096D, 0x218D, 0x394C, 0x6250, 0x41CE, 0x3A2E, 0x6415, 0x5BF5, 0x012B, 0x00CA,   // 0x2CF0 (11504)
0x00CB, 0x00CB, 0x29CF, 0x008A, 0x00AA, 0x008A, 0x088A, 0x08AA, 0x0089, 0x0068, 0x0089, 0x0069, 0x0048, 0x0089, 0x0068, 0x0088,   // 0x2D00 (11520)
0x1294, 0x6D7F, 0x12B3, 0x863F, 0x2B95, 0x5D3B, 0x6DDE, 0x23B6, 0x9F3F, 0x2314, 0x00ED, 0x00AD, 0x00AE, 0x008E, 0x006E, 0x2A97,   // 0x2D10 (11536)
0x2AB7, 0x0110, 0x0130, 0x00F0, 0x2256, 0x0930, 0x7395, 0xCDDB, 0xBD7B, 0x10CA, 0x1A10, 0x545B, 0x7DDF, 0x0230, 0x016B, 0x7538,   // 0x2D20 (11552)
0x2AAC, 0x0083, 0x0021, 0x0821, 0x0000, 0x0020, 0x0040, 0x0020, 0x0800, 0x0800, 0x0800, 0x9C90, 0x9C8F, 0xCDF5, 0xFF1B, 0xEEB8,   // 0x2D30 (11568)
0xFF18, 0xF6F7, 0xEED6, 0xEED6, 0xF6F7, 0xFF38, 0xFF38, 0xFEF7, 0xFE76, 0xFE36, 0xF5B4, 0xED33, 0xE4F2, 0xD471, 0xED55, 0xED34,   // 0x2D40 (11584)
0xDCF3, 0xD4B1, 0xED13, 0xE4F3, 0xE4D3, 0xE4D4, 0xD494, 0xDCD6, 0xCCD7, 0xBCD8, 0xAC98, 0xACFA, 0x52B2, 0x5B34, 0x63B6, 0x7479,   // 0x2D50 (11600)
0x6C57, 0x851A, 0x118B, 0x00C7, 0x0084, 0x0022, 0x0023, 0x3AAF, 0x4BF6, 0x2334, 0x12B3, 0x0A51, 0x0210, 0x09EF, 0x09CF, 0x09AF,   // 0x2D60 (11616)
0x1230, 0x0A2F, 0x122F, 0x120F, 0x11EF, 0x19CF, 0x218D, 0x210B, 0x5A30, 0x49CE, 0x29CD, 0x328F, 0x8559, 0x11EC, 0x010B, 0x00AA,   // 0x2D70 (11632)
0x00CB, 0x08EB, 0x21CF, 0x008A, 0x0089, 0x0069, 0x008A, 0x08AA, 0x00AA, 0x0069, 0x00A9, 0x0088, 0x0048, 0x0089, 0x0089, 0x0089,   // 0x2D80 (11648)
0x759E, 0x0A72, 0x75BE, 0x2B75, 0x761E, 0x33D6, 0x4CBA, 0x7DDF, 0x09F1, 0x00AD, 0x00CE, 0x00AE, 0x008D, 0x1971, 0x21F4, 0x0131,   // 0x2D90 (11664)
0x0110, 0x0171, 0x4B9A, 0x21F4, 0x00D0, 0x006D, 0x10AA, 0xA51A, 0xDEBF, 0x8CB8, 0x010B, 0x3375, 0x01F0, 0x5499, 0x5434, 0x00C4,   // 0x2DA0 (11680)
0x0062, 0x0021, 0x0000, 0x0861, 0x0000, 0x0000, 0x0041, 0x0000, 0x0800, 0x1020, 0x2080, 0xEEF8, 0xEEF8, 0xF6F9, 0xE657, 0xFEFA,   // 0x2DB0 (11696)
0xFF38, 0xF6B6, 0xEEB6, 0xF717, 0xFF38, 0xFF18, 0xFEF8, 0xFEB7, 0xF615, 0xED94, 0xED53, 0xE4D2, 0xD450, 0xE4F3, 0xED14, 0xE4F3,   // 0x2DC0 (11712)
0xED55, 0xE4F4, 0xE4F4, 0xE4D4, 0xE4B4, 0xDC74, 0xD454, 0xDCF7, 0xDD5A, 0xCD3B, 0x93D6, 0x5AD2, 0x5B13, 0x5314, 0x63D7, 0x84FB,   // 0x2DD0 (11728)
0x851B, 0x95FE, 0x5415, 0x1A0C, 0x0043, 0x0002, 0x0107, 0x6456, 0x3354, 0x12B3, 0x0A71, 0x0A31, 0x0A10, 0x09CF, 0x098E, 0x016E,   // 0x2DE0 (11744)
0x018E, 0x09EF, 0x01CE, 0x120E, 0x2230, 0x21CF, 0x210C, 0x49EF, 0x51EE, 0x290A, 0x2A4F, 0x4BB3, 0x8DBB, 0x00C8, 0x00EA, 0x00CA,   // 0x2DF0 (11760)
0x090B, 0x112C, 0x29EF, 0x008A, 0x0069, 0x0048, 0x0069, 0x0089, 0x08AA, 0x0089, 0x00A9, 0x0089, 0x0068, 0x0068, 0x0069, 0x0068,   // 0x2E00 (11776)
0x2B34, 0x7DFE, 0x1AF2, 0x6D7C, 0x3C17, 0x5D3C, 0x3398, 0x11F3, 0x00AF, 0x008E, 0x008E, 0x00AE, 0x3AD5, 0x749D, 0x2213, 0x00CF,   // 0x2E10 (11792)
0x00EF, 0x4B9A, 0x2255, 0x00F0, 0x00AF, 0x00CE, 0x00AC, 0x5313, 0x8CD7, 0xE7DF, 0x4B73, 0x00C9, 0x3354, 0x7D9B, 0x2A6C, 0x0021,   // 0x2E20 (11808)
0x0000, 0x0000, 0x0081, 0x0020, 0x0841, 0x0821, 0x0000, 0x0820, 0x0000, 0x3984, 0xE676, 0xF6F8, 0xF719, 0xF6F8, 0xF6B8, 0xFEF9,   // 0x2E30 (11824)
0xEEB6, 0xF6D6, 0xFF38, 0xFF58, 0xFEF8, 0xF697, 0xF676, 0xF615, 0xED94, 0xED73, 0xDCD1, 0xD470, 0xD470, 0xE4F3, 0xDCB3, 0xE4F4,   // 0x2E40 (11840)
0xED55, 0xED76, 0xDCD4, 0xE4D5, 0xD474, 0xD455, 0xD476, 0xD4F9, 0xD53B, 0xBD1B, 0x7334, 0x5AB2, 0x52F3, 0x42D2, 0x7CBA, 0x851B,   // 0x2E50 (11856)
0x7D3C, 0x7D7C, 0x3332, 0x1A6E, 0x0128, 0x32EF, 0x5415, 0x3B74, 0x1AD3, 0x0A92, 0x0A71, 0x0A10, 0x09F0, 0x09CF, 0x094E, 0x094D,   // 0x2E60 (11872)
0x014D, 0x016D, 0x1A2F, 0x11CE, 0x21CE, 0x296D, 0x49CE, 0x5A51, 0x292B, 0x10E9, 0x3B31, 0x64B7, 0x53F5, 0x00E9, 0x010A, 0x094C,   // 0x2E70 (11888)
0x094C, 0x114C, 0x21CE, 0x00A9, 0x0089, 0x0068, 0x0068, 0x0068, 0x0088, 0x0089, 0x0068, 0x0088, 0x0088, 0x0068, 0x0068, 0x0068,   // 0x2E80 (11904)
0x651B, 0x4438, 0x759E, 0x3BF7, 0x4C7A, 0x5CBB, 0x0150, 0x008E, 0x00AF, 0x008F, 0x008E, 0x21F3, 0x3B17, 0x11D1, 0x00CD, 0x11B1,   // 0x2E90 (11920)
0x19D3, 0x00EF, 0x00CF, 0x00AE, 0x00CE, 0x00EE, 0x00AD, 0x5BD8, 0xAE7E, 0xA61B, 0xB6DE, 0x2A6D, 0x1A2D, 0x19EB, 0x0022, 0x0021,   // 0x2EA0 (11936)
0x0820, 0x0000, 0x0040, 0x0040, 0x0020, 0x0000, 0x0800, 0x0800, 0x8C0E, 0xE6B8, 0xF6F8, 0xF6D7, 0xEE96, 0xEE96, 0xF6B7, 0xEE96,   // 0x2EB0 (11952)
0xF6B6, 0xFF17, 0xFF38, 0xFEF7, 0xF697, 0xF657, 0xF616, 0xED94, 0xE553, 0xDCF2, 0xD470, 0xDCB1, 0xED13, 0xDCB2, 0xE4F4, 0xD493,   // 0x2EC0 (11968)
0xDCF4, 0xF5B8, 0xDCF5, 0xD4B5, 0xC434, 0xC455, 0xCC97, 0xC4B9, 0xCD3C, 0x8BB6, 0x5A71, 0x5B13, 0x4AF3, 0x8D3C, 0xA63F, 0x5C17,   // 0x2ED0 (11984)
0x5437, 0x3BB5, 0x3BD5, 0x3BF4, 0x5476, 0x3392, 0x33B5, 0x1B14, 0x1293, 0x0A72, 0x1251, 0x09CF, 0x01AF, 0x09AF, 0x094E, 0x114E,   // 0x2EE0 (12000)
0x116E, 0x098E, 0x11CE, 0x19CE, 0x296D, 0x4A0F, 0x7B75, 0x312C, 0x192B, 0x092A, 0x5415, 0x8DFC, 0x11CD, 0x014B, 0x092B, 0x112C,   // 0x2EF0 (12016)
0x090B, 0x090B, 0x196C, 0x0089, 0x0068, 0x0068, 0x0068, 0x0068, 0x0068, 0x192B, 0x0068, 0x0088, 0x00A9, 0x0068, 0x0068, 0x0048,   // 0x2F00 (12032)
0x43F8, 0x6D5D, 0x43F8, 0x5CBB, 0x4C19, 0x00CD, 0x00EE, 0x00EE, 0x008D, 0x00F0, 0x42D7, 0x0931, 0x010F, 0x00CD, 0x53D8, 0x855F,   // 0x2F10 (12048)
0x1130, 0x006E, 0x00CE, 0x00AD, 0x00CD, 0x1A33, 0x0190, 0x1A72, 0x5C56, 0x5BF3, 0xC75F, 0x9DB9, 0x08C6, 0x0023, 0x0001, 0x0041,   // 0x2F20 (12064)
0x0020, 0x0020, 0x0020, 0x0000, 0x0021, 0x0000, 0x1880, 0xBD74, 0xEEF9, 0xEEF8, 0xEEF8, 0xEED8, 0xF6B7, 0xF6B7, 0xFED6, 0xF6B6,   // 0x2F30 (12080)
0xFF17, 0xFF17, 0xFED7, 0xF676, 0xF636, 0xF616, 0xEDB5, 0xE553, 0xE533, 0xD490, 0xED53, 0xED54, 0xED34, 0xE514, 0xDCD3, 0xD493,   // 0x2F40 (12096)
0xCCD4, 0xE5B8, 0xDD37, 0xCC95, 0xBC14, 0xBC35, 0xBC78, 0xBCD9, 0xBCDB, 0x6AB2, 0x6314, 0x6355, 0x8D1B, 0xA63F, 0x74F9, 0x4BD5,   // 0x2F50 (12112)
0x4416, 0x3C16, 0x4CD8, 0x4497, 0x33F4, 0x2B94, 0x1B14, 0x0293, 0x0A73, 0x1232, 0x11F0, 0x09AE, 0x01AF, 0x09D0, 0x096E, 0x116E,   // 0x2F60 (12128)
0x096E, 0x094D, 0x11AE, 0x29CF, 0x5A30, 0x9BD6, 0x41CE, 0x194B, 0x114B, 0x1A0D, 0x7519, 0x961D, 0x016C, 0x016C, 0x092B, 0x00CA,   // 0x2F70 (12144)
0x00CA, 0x00A9, 0x08EA, 0x0068, 0x0068, 0x0068, 0x0068, 0x0067, 0x0088, 0x3A4F, 0x00A9, 0x0088, 0x00A9, 0x0068, 0x0068, 0x0047,   // 0x2F80 (12160)
0x3377, 0x5CDC, 0x64DC, 0x4BB8, 0x00ED, 0x00CD, 0x008C, 0x00AD, 0x0930, 0x5379, 0x4318, 0x00CF, 0x00CE, 0x4316, 0x53D8, 0x11D0,   // 0x2F90 (12176)
0x00AD, 0x00AE, 0x00AE, 0x00AE, 0x2AB5, 0x4BFA, 0x43FA, 0x010D, 0x224F, 0xC75F, 0x8D77, 0xAE19, 0x0001, 0x0021, 0x0021, 0x0000,   // 0x2FA0 (12192)
0x0020, 0x0020, 0x0000, 0x0840, 0x0000, 0x2903, 0xCDD5, 0xEED8, 0xF739, 0xEEF7, 0xEED7, 0xFF39, 0xF6D7, 0xFEB7, 0xFED7, 0xF6B6,   // 0x2FB0 (12208)
0xF6B6, 0xF6B6, 0xF676, 0xF656, 0xFE16, 0xED94, 0xDD13, 0xE533, 0xD4D1, 0xF5D5, 0xFDF5, 0xFDD5, 0xE4F3, 0xDCB2, 0xDCB3, 0xDCD4,   // 0x2FC0 (12224)
0xD4D5, 0xE578, 0xDD58, 0xC4B6, 0xB436, 0xAC16, 0xB478, 0xC53C, 0xACDB, 0x7375, 0x8438, 0x84B9, 0x9DDD, 0x74F9, 0x3312, 0x4C36,   // 0x2FD0 (12240)
0x4457, 0x4498, 0x3456, 0x3436, 0x1B53, 0x12F3, 0x0293, 0x0A94, 0x1252, 0x1211, 0x09CF, 0x09CE, 0x0A10, 0x0A11, 0x09AF, 0x098E,   // 0x2FE0 (12256)
0x096D, 0x094C, 0x198E, 0x5AD3, 0xA459, 0x51CF, 0x210B, 0x092B, 0x012A, 0x4393, 0x7D5A, 0x53F4, 0x014B, 0x010B, 0x08EA, 0x090A,   // 0x2FF0 (12272)
0x00C9, 0x0088, 0x00C9, 0x0047, 0x0088, 0x0068, 0x0068, 0x0068, 0x0088, 0x4AF1, 0x08E9, 0x0088, 0x0088, 0x0068, 0x0068, 0x0047,   // 0x3000 (12288)
0x43F8, 0x64BB, 0x3B36, 0x00CC, 0x00AC, 0x00AD, 0x008C, 0x1130, 0x0930, 0x21F4, 0x00AF, 0x0930, 0x3254, 0x092F, 0x090F, 0x008D,   // 0x3010 (12304)
0x00AD, 0x00CE, 0x00AF, 0x0110, 0x3338, 0x43FA, 0x01B0, 0x2AF3, 0x014B, 0x8D59, 0xA5D9, 0x08A3, 0x52AA, 0x0020, 0x0000, 0x0020,   // 0x3020 (12320)
0x0020, 0x0000, 0x0820, 0x0820, 0x3944, 0xEEF9, 0xEEB8, 0xFF19, 0xF6F7, 0xF738, 0xF718, 0xF6F8, 0xFF18, 0xF6B7, 0xEE96, 0xFEF8,   // 0x3030 (12336)
0xF696, 0xFEB7, 0xFE77, 0xF616, 0xED54, 0xE534, 0xED75, 0xE574, 0xED94, 0xF5F4, 0xFE36, 0xFE16, 0xE513, 0xDCD3, 0xDCB3, 0xDCB4,   // 0x3040 (12352)
0xD4B5, 0xD4B6, 0xD4F8, 0xC4B8, 0xC4BA, 0xA418, 0x8BB6, 0xBD5D, 0x7BB6, 0x8437, 0x9D5B, 0xA5FD, 0x7CF9, 0x43B4, 0x4BF6, 0x4417,   // 0x3050 (12368)
0x2354, 0x2374, 0x2BB5, 0x3417, 0x2B96, 0x12D3, 0x0A52, 0x1252, 0x09CF, 0x09EF, 0x0A0F, 0x0A30, 0x0A71, 0x0A71, 0x0A10, 0x09AE,   // 0x3060 (12384)
0x098C, 0x114A, 0x4A50, 0xACFB, 0x4A10, 0x18CB, 0x18EC, 0x092C, 0x01AC, 0x5CB8, 0x961D, 0x118C, 0x094B, 0x092B, 0x00EA, 0x00EA,   // 0x3070 (12400)
0x00C9, 0x0088, 0x0068, 0x0088, 0x0088, 0x0088, 0x0068, 0x0068, 0x0088, 0x31EE, 0x08A8, 0x0088, 0x0067, 0x0067, 0x0026, 0x0067,   // 0x3080 (12416)
0x7D5E, 0x3AF5, 0x00CD, 0x00CD, 0x090E, 0x002B, 0x29D2, 0x953F, 0x1171, 0x00CE, 0x11B2, 0x6C7C, 0x745C, 0x008D, 0x008E, 0x00EF,   // 0x3090 (12432)
0x00EE, 0x0970, 0x4379, 0x2AF7, 0x012F, 0x01D1, 0x3BB7, 0x755C, 0x3AF0, 0x00A6, 0xC67B, 0x7C10, 0x2123, 0x5288, 0x0820, 0x0820,   // 0x30A0 (12448)
0x0020, 0x0021, 0x0000, 0x0800, 0xBD53, 0xEEB8, 0xF6F8, 0xF6D7, 0xF6D7, 0xFF38, 0xFF18, 0xF6D7, 0xEEB7, 0xF6B7, 0xF6B8, 0xFEF8,   // 0x30B0 (12464)
0xFEB7, 0xF656, 0xF616, 0xED74, 0xED54, 0xE554, 0xE574, 0xE553, 0xE593, 0xF615, 0xF5F5, 0xED94, 0xDCD3, 0xDCB3, 0xE4D5, 0xDC75,   // 0x30C0 (12480)
0xD495, 0xD4D7, 0xBC57, 0xBC98, 0xB4DB, 0x8396, 0x83B7, 0x8C59, 0x94DA, 0x9D5C, 0x8D1A, 0x74B8, 0x4394, 0x3B94, 0x4C58, 0x1AF3,   // 0x30D0 (12496)
0x12D2, 0x2B95, 0x3417, 0x2BB6, 0x12F3, 0x0A51, 0x0A10, 0x11F0, 0x11F0, 0x120F, 0x1250, 0x0A50, 0x022F, 0x0A30, 0x1210, 0x09AE,   // 0x30E0 (12512)
0x118B, 0x320D, 0x8BF6, 0x310C, 0x212D, 0x110C, 0x090D, 0x096D, 0x1B12, 0x4CB7, 0x751A, 0x096B, 0x090A, 0x090A, 0x012B, 0x010A,   // 0x30F0 (12528)
0x00A8, 0x0088, 0x0088, 0x0088, 0x0088, 0x0068, 0x0067, 0x0068, 0x0047, 0x194B, 0x0067, 0x0087, 0x0067, 0x0067, 0x0046, 0x0087,   // 0x3100 (12544)
0x00CD, 0x1150, 0x00EE, 0x008C, 0x00ED, 0x42F5, 0x84FE, 0x116F, 0x00AD, 0x19D1, 0x19D2, 0x2213, 0x00EF, 0x00AD, 0x00AD, 0x006C,   // 0x3110 (12560)
0x0990, 0x5C1A, 0x9E1F, 0x3B56, 0x01F0, 0x016E, 0x5CDA, 0x5C56, 0x1148, 0x0042, 0x5AAB, 0xEF3C, 0x83CE, 0x41A6, 0x9C50, 0x1861,   // 0x3120 (12576)
0x0800, 0x0000, 0x0000, 0x1000, 0xDE57, 0xEEB8, 0xEEB7, 0xFF18, 0xF6F7, 0xF6F7, 0xF6D6, 0xEE96, 0xF6B7, 0xFEF8, 0xFED8, 0xFEB8,   // 0x3130 (12592)
0xFEB8, 0xF636, 0xE5B4, 0xEDB4, 0xE593, 0xEDB3, 0xD511, 0xDD31, 0xDD52, 0xE573, 0xED75, 0xE514, 0xE4B5, 0xDC75, 0xDC75, 0xDC76,   // 0x3140 (12608)
0xDCF8, 0xC477, 0xB478, 0xA438, 0x7B96, 0x7396, 0x5B34, 0x7459, 0x5355, 0x7499, 0x4B95, 0x4BB5, 0x43B6, 0x2B34, 0x0A71, 0x12D3,   // 0x3150 (12624)
0x1B34, 0x2BB5, 0x2BB6, 0x1313, 0x0A71, 0x0A30, 0x1210, 0x09F0, 0x09D0, 0x11F0, 0x1210, 0x1A30, 0x1A4F, 0x1A2F, 0x11CE, 0x11AD,   // 0x3160 (12640)
0x426F, 0x8C77, 0x294C, 0x212C, 0x00EB, 0x012D, 0x096E, 0x01AE, 0x2BD5, 0x54D8, 0x3312, 0x010A, 0x090A, 0x090A, 0x00EA, 0x0089,   // 0x3170 (12656)
0x0088, 0x0088, 0x0088, 0x0088, 0x0088, 0x0068, 0x0067, 0x0068, 0x0047, 0x08A9, 0x0047, 0x0087, 0x0887, 0x0067, 0x0046, 0x0067,   // 0x3180 (12672)
0x08CF, 0x110F, 0x008D, 0x00CE, 0x00EE, 0x3294, 0x1190, 0x00ED, 0x2A52, 0x9DFF, 0x010E, 0x00AE, 0x00EF, 0x00EE, 0x00CD, 0x010D,   // 0x3190 (12688)
0x2233, 0x6CBD, 0x4397, 0x0A10, 0x5C99, 0x1AB1, 0x09CC, 0x0169, 0x0022, 0x0000, 0x0000, 0xBD54, 0xDE18, 0x6A89, 0x832B, 0xC595,   // 0x31A0 (12704)
0x49E7, 0x1040, 0x0800, 0x4184, 0xEEB9, 0xEEB8, 0xF6F8, 0xEE96, 0xF6F7, 0xEEB6, 0xEE96, 0xF6D7, 0xFEF8, 0xFEF8, 0xFED8, 0xF697,   // 0x31B0 (12720)
0xF657, 0xE594, 0xEDF5, 0xEDD4, 0xF635, 0xDD92, 0xCD10, 0xDD71, 0xE593, 0xCCD1, 0xDCF4, 0xDCB4, 0xE4D6, 0xD496, 0xC415, 0xCC77,   // 0x31C0 (12736)
0xCCF9, 0xCD3B, 0xC57C, 0x8395, 0x6355, 0x5314, 0x6418, 0x5C18, 0x4355, 0x3B14, 0x3B35, 0x3355, 0x1A92, 0x22F4, 0x1AD3, 0x2314,   // 0x31D0 (12752)
0x2B95, 0x2375, 0x1B33, 0x0AB2, 0x0A71, 0x1251, 0x1231, 0x1210, 0x11D0, 0x11D0, 0x09AE, 0x11CE, 0x19EE, 0x118C, 0x196C, 0x31EE,   // 0x31E0 (12768)
0x7BF6, 0x298C, 0x194C, 0x092C, 0x094D, 0x016E, 0x012D, 0x020F, 0x2394, 0x5D3A, 0x018C, 0x012B, 0x092B, 0x090B, 0x00CA, 0x0068,   // 0x31F0 (12784)
0x0088, 0x0088, 0x0088, 0x0088, 0x0088, 0x0068, 0x0068, 0x0068, 0x0067, 0x0067, 0x0067, 0x0067, 0x0067, 0x0067, 0x0026, 0x0046,   // 0x3200 (12800)
0x008E, 0x0910, 0x0950, 0x959F, 0x4AF7, 0x008D, 0x00CD, 0x42F5, 0x959F, 0x4335, 0x00CE, 0x008D, 0x00CE, 0x00AD, 0x3B56, 0x5418,   // 0x3210 (12816)
0x012E, 0x1A12, 0x1271, 0x757C, 0x9E7F, 0x5BD4, 0x00A6, 0x0022, 0x0061, 0x0040, 0x0820, 0x49A5, 0xE5B6, 0xE595, 0x61E7, 0x5A07,   // 0x3220 (12832)
0xB533, 0x9C50, 0x28E2, 0xD5F6, 0xEE98, 0xF6D8, 0xF6B7, 0xF6D7, 0xEE96, 0xEEB6, 0xFEF7, 0xFF18, 0xFEF8, 0xFEB7, 0xF696, 0xF656,   // 0x3230 (12848)
0xE5B4, 0xE5B4, 0xEDD4, 0xF5F4, 0xE593, 0xE5B3, 0xCD30, 0xDDD3, 0xDD94, 0xDD75, 0xED97, 0xDCF6, 0xCC76, 0xB415, 0xB456, 0xC4D9,   // 0x3240 (12864)
0xA417, 0x7B54, 0x7B95, 0x5AF3, 0x6BD7, 0x5BD7, 0x53D7, 0x32F4, 0x1A31, 0x1A52, 0x2294, 0x2293, 0x2AD4, 0x3335, 0x22D4, 0x22D3,   // 0x3250 (12880)
0x1B34, 0x1B33, 0x1B13, 0x1AD2, 0x1292, 0x1251, 0x1210, 0x11F0, 0x098E, 0x098D, 0x09AE, 0x11EE, 0x19CE, 0x218C, 0x524F, 0x8BF5,   // 0x3260 (12896)
0x41EE, 0x190B, 0x112C, 0x010C, 0x014D, 0x018E, 0x01AE, 0x1B54, 0x1B94, 0x4498, 0x016B, 0x014B, 0x010A, 0x00A9, 0x0069, 0x0089,   // 0x3270 (12912)
0x0068, 0x0088, 0x0088, 0x0088, 0x0068, 0x0068, 0x0068, 0x0068, 0x0068, 0x0067, 0x0888, 0x0047, 0x0066, 0x0066, 0x0046, 0x0025,   // 0x3280 (12928)
0x008E, 0x00AF, 0x4B58, 0x3275, 0x00CE, 0x00EE, 0x090E, 0x5398, 0x094E, 0x2211, 0x008D, 0x00AD, 0x00AD, 0x2AB4, 0x43D7, 0xA6BF,   // 0x3290 (12944)
0x1211, 0x010C, 0x5458, 0x6CF9, 0x7D18, 0x1168, 0x0022, 0x0021, 0x0020, 0x0040, 0x0040, 0x1820, 0x82AA, 0xD513, 0xCCF3, 0x4923,   // 0x32A0 (12960)
0x2860, 0x940E, 0xE677, 0xEED8, 0xF6F8, 0xF6B8, 0xEEB7, 0xEEB6, 0xEE96, 0xF6F7, 0xFF38, 0xFF18, 0xFED7, 0xFE97, 0xF635, 0xEDF4,   // 0x32B0 (12976)
0xE5D4, 0xEDF5, 0xFE16, 0xDD12, 0xDD32, 0xDD73, 0xE5B4, 0xDDD5, 0xE5F6, 0xEDF8, 0xD4F6, 0xCCB6, 0xD519, 0xCCF9, 0xBCF9, 0x83B5,   // 0x32C0 (12992)
0x7334, 0x7395, 0x6375, 0x7418, 0x5395, 0x32F3, 0x2A92, 0x2293, 0x22B4, 0x2294, 0x2294, 0x2AD4, 0x2AD5, 0x1A72, 0x2AF5, 0x1A92,   // 0x32D0 (13008)
0x1AF2, 0x1B33, 0x1B13, 0x1AB2, 0x1271, 0x1231, 0x11F0, 0x09AF, 0x096D, 0x014C, 0x11AD, 0x11AD, 0x196C, 0x52D1, 0x7332, 0x41CD,   // 0x32E0 (13024)
0x190B, 0x194C, 0x092C, 0x118E, 0x010C, 0x016D, 0x23B5, 0x1BB5, 0x3457, 0x1B32, 0x014B, 0x010A, 0x00EA, 0x0089, 0x0068, 0x0869,   // 0x32F0 (13040)
0x0068, 0x0068, 0x0088, 0x0068, 0x0067, 0x0067, 0x0067, 0x0047, 0x0067, 0x0047, 0x0067, 0x0046, 0x0046, 0x0066, 0x0046, 0x0025,   // 0x3300 (13056)
0x11D3, 0x2A76, 0x0110, 0x00AE, 0x014F, 0x7D3E, 0x2A73, 0x00AD, 0x008C, 0x090F, 0x00ED, 0x096F, 0x4335, 0x012D, 0x5419, 0x01AF,   // 0x3310 (13072)
0x3374, 0x4C16, 0x016B, 0x63F4, 0x00A5, 0x0022, 0x0020, 0x0020, 0x0020, 0x0081, 0x0000, 0x0000, 0x1820, 0x8B0A, 0xDCF3, 0xCCB2,   // 0x3320 (13088)
0x8B4B, 0xE656, 0xFF19, 0xF6F9, 0xFF19, 0xF6D7, 0xF6F8, 0xE696, 0xF6D7, 0xFF38, 0xFF38, 0xF6D7, 0xFEB6, 0xF696, 0xEE14, 0xE5F4,   // 0x3330 (13104)
0xEE15, 0xF635, 0xED73, 0xD4B1, 0xCC51, 0xE575, 0xE5D7, 0xDDB7, 0xD597, 0xD557, 0xC495, 0xCCD8, 0xCD19, 0xBCF9, 0x9457, 0x5AF2,   // 0x3340 (13120)
0x5313, 0x5B96, 0x7C99, 0x4B54, 0x32F3, 0x32F4, 0x1A51, 0x2292, 0x1A72, 0x22B4, 0x22B4, 0x2293, 0x1252, 0x0A31, 0x3355, 0x1292,   // 0x3350 (13136)
0x1AF2, 0x1B12, 0x12D2, 0x0A71, 0x0A30, 0x1210, 0x11D0, 0x096E, 0x118E, 0x116D, 0x114B, 0x424F, 0x73D4, 0x6332, 0x31AD, 0x192B,   // 0x3360 (13152)
0x196C, 0x092C, 0x114D, 0x010C, 0x014D, 0x01EF, 0x2C57, 0x1C15, 0x4498, 0x12B0, 0x012B, 0x010A, 0x00E9, 0x00C9, 0x0889, 0x0048,   // 0x3370 (13168)
0x0048, 0x0088, 0x0888, 0x0088, 0x0068, 0x0047, 0x0047, 0x0067, 0x0047, 0x0067, 0x0046, 0x0066, 0x0025, 0x0045, 0x0045, 0x0025,   // 0x3380 (13184)
0x435A, 0x11B3, 0x008E, 0x00EF, 0x5C1A, 0x3B15, 0x19F1, 0x00CD, 0x008D, 0x090F, 0x19F1, 0x5418, 0x857D, 0x32F4, 0x00ED, 0x4376,   // 0x3390 (13200)
0x6D3A, 0x8E1C, 0x4311, 0x0044, 0x0043, 0x0000, 0x0040, 0x0020, 0x0040, 0x0020, 0x0020, 0x0040, 0x0800, 0x2040, 0x8A8A, 0xE534,   // 0x33A0 (13216)
0xFEB8, 0xF6D8, 0xEEB7, 0xF6D8, 0xF6F8, 0xFF59, 0xFF59, 0xEED7, 0xF718, 0xFF59, 0xFF38, 0xF6D7, 0xF696, 0xEE35, 0xEDF4, 0xF655,   // 0x33B0 (13232)
0xEE34, 0xE5B3, 0xD4B1, 0xC410, 0xD452, 0xE516, 0xEDD9, 0xDD78, 0xD537, 0xAC34, 0xBC96, 0xCCF9, 0xB498, 0x9417, 0x62F2, 0x52F3,   // 0x33C0 (13248)
0x5B95, 0x63F7, 0x4B75, 0x32D3, 0x32D3, 0x2292, 0x1A72, 0x1A72, 0x2AF4, 0x3315, 0x22D3, 0x1231, 0x0A10, 0x01EF, 0x1291, 0x1291,   // 0x33D0 (13264)
0x1AD1, 0x12D1, 0x1291, 0x0A51, 0x0A10, 0x09CF, 0x118F, 0x116E, 0x112D, 0x218E, 0x6BB5, 0x8C98, 0x52D1, 0x214B, 0x196C, 0x116D,   // 0x33E0 (13280)
0x012C, 0x094C, 0x092D, 0x090D, 0x010C, 0x0A91, 0x3498, 0x2C56, 0x33D5, 0x2AD1, 0x00EA, 0x010A, 0x0088, 0x00A8, 0x0889, 0x0027,   // 0x33F0 (13296)
0x0047, 0x0088, 0x08A9, 0x08A8, 0x0067, 0x0067, 0x0067, 0x0067, 0x0067, 0x0087, 0x0046, 0x0066, 0x0045, 0x0025, 0x0045, 0x0045,   // 0x3400 (13312)
0x0972, 0x00F0, 0x1A35, 0x2234, 0x012F, 0x00AD, 0x3253, 0x00AD, 0x00AD, 0x0970, 0x643A, 0x8DDF, 0x3B55, 0x11EF, 0x2272, 0x1A31,   // 0x3410 (13328)
0x64D8, 0x6CB5, 0x0927, 0x0022, 0x0001, 0x0801, 0x0000, 0x0020, 0x0020, 0x0020, 0x0040, 0x0020, 0x0800, 0x1800, 0x2000, 0xEDF5,   // 0x3420 (13344)
0xFEF8, 0xF6D7, 0xF6D7, 0xF6D7, 0xEEB6, 0xEEF7, 0xFF79, 0xFF79, 0xFF9A, 0xFF59, 0xFF18, 0xF6B6, 0xEE76, 0xEE35, 0xEE35, 0xF676,   // 0x3430 (13360)
0xD572, 0xCD11, 0xD4B1, 0xD472, 0xE4B4, 0xDC95, 0xF579, 0xD4D7, 0xC476, 0xBC97, 0xAC36, 0x8B54, 0x7B14, 0x62B3, 0x7396, 0x847A,   // 0x3440 (13376)
0x5B96, 0x3AB3, 0x32B3, 0x32B4, 0x2A73, 0x1A32, 0x32D5, 0x2293, 0x2AD4, 0x2AF4, 0x22B3, 0x1251, 0x01EF, 0x01EF, 0x0210, 0x0230,   // 0x3450 (13392)
0x12B1, 0x12B1, 0x1271, 0x0A30, 0x09D0, 0x098F, 0x114E, 0x216D, 0x39CE, 0xAD3B, 0x8437, 0x29AD, 0x198D, 0x118D, 0x096C, 0x096C,   // 0x3460 (13408)
0x096D, 0x010C, 0x092D, 0x012C, 0x012C, 0x2374, 0x1BF5, 0x3CD8, 0x3B74, 0x19AD, 0x00EA, 0x0088, 0x0088, 0x00A8, 0x0047, 0x00C8,   // 0x3470 (13424)
0x0067, 0x08C8, 0x10C9, 0x0888, 0x0067, 0x0067, 0x0067, 0x0067, 0x0887, 0x0067, 0x0046, 0x0045, 0x0045, 0x0025, 0x0025, 0x0024,   // 0x3480 (13440)
0x00F0, 0x32D7, 0x3318, 0x0151, 0x008E, 0x08CE, 0x112F, 0x00AD, 0x4B78, 0x016F, 0x4397, 0x2AD3, 0x2291, 0x5C78, 0x9E5F, 0x1A6F,   // 0x3490 (13456)
0x228D, 0x00E5, 0x0042, 0x0021, 0x0001, 0x0800, 0x0000, 0x0021, 0x0000, 0x0060, 0x0040, 0x0020, 0x0000, 0x0800, 0xA42F, 0xFED8,   // 0x34A0 (13472)
0xFEB7, 0xFEF7, 0xF6D7, 0xEED6, 0xF6F7, 0xE6B6, 0xEED7, 0xFF9A, 0xFF9A, 0xFF59, 0xFF18, 0xEE76, 0xEE35, 0xF676, 0xF656, 0xE5D4,   // 0x34B0 (13488)
0xCD11, 0xDD53, 0xCC91, 0xD472, 0xDC94, 0xECF6, 0xED39, 0xE53A, 0xC4B8, 0xAC57, 0x8354, 0x6AD3, 0x62F4, 0x6356, 0x7C39, 0x5315,   // 0x34C0 (13504)
0x4314, 0x32D3, 0x2A73, 0x2253, 0x2273, 0x2253, 0x2274, 0x2AD4, 0x2AD4, 0x1A92, 0x1230, 0x0A10, 0x09EF, 0x01EF, 0x0A10, 0x0A30,   // 0x34D0 (13520)
0x12B2, 0x1271, 0x1230, 0x11F0, 0x118F, 0x092D, 0x196E, 0x3A30, 0xC63F, 0x6333, 0x216C, 0x21AE, 0x118E, 0x016D, 0x09AE, 0x014C,   // 0x34E0 (13536)
0x012C, 0x118D, 0x012C, 0x012C, 0x1A70, 0x2332, 0x1352, 0x4456, 0x3B12, 0x110B, 0x00C9, 0x0088, 0x0067, 0x0047, 0x0087, 0x00C8,   // 0x34F0 (13552)
0x00A8, 0x0087, 0x216B, 0x0087, 0x0067, 0x0047, 0x0067, 0x0087, 0x0066, 0x0066, 0x0045, 0x0045, 0x0025, 0x0024, 0x0024, 0x0024,   // 0x3500 (13568)
0x1A95, 0x3317, 0x0951, 0x006E, 0x088F, 0x088F, 0x008E, 0x4B57, 0x74BC, 0x7D1D, 0x00CC, 0x1A30, 0x5CB9, 0xA71F, 0x5C97, 0x7D58,   // 0x3510 (13584)
0x00A4, 0x0021, 0x0041, 0x0000, 0x0000, 0x0000, 0x0841, 0x0000, 0x0021, 0x0020, 0x0000, 0x0020, 0x0020, 0x8C2E, 0xFF3A, 0xF6D8,   // 0x3520 (13600)
0xF6D7, 0xF6D6, 0xF717, 0xFF38, 0xF717, 0xEEF6, 0xF737, 0xFF99, 0xFF38, 0xFF59, 0xFF59, 0xF6B7, 0xF676, 0xFE77, 0xEDF5, 0xDD73,   // 0x3530 (13616)
0xD513, 0xCCB2, 0xDD14, 0xDD14, 0xE4F5, 0xED77, 0xFE3C, 0xE57A, 0xBCB8, 0x93F7, 0x6334, 0x5315, 0x5356, 0x6C5A, 0x42D5, 0x3AB4,   // 0x3540 (13632)
0x3B14, 0x2292, 0x2293, 0x1A73, 0x1A53, 0x1253, 0x1A94, 0x1AB4, 0x1252, 0x1231, 0x1230, 0x1230, 0x11F0, 0x11F0, 0x1A32, 0x2293,   // 0x3550 (13648)
0x0A51, 0x1272, 0x1210, 0x096E, 0x112D, 0x298E, 0x3A50, 0x4AF2, 0x21EF, 0x118D, 0x118D, 0x096C, 0x096D, 0x096D, 0x012D, 0x012D,   // 0x3560 (13664)
0x094D, 0x012C, 0x012C, 0x01AD, 0x22D1, 0x1AF1, 0x5C98, 0x09CD, 0x4AF2, 0x00A9, 0x0088, 0x0067, 0x0047, 0x0026, 0x00C8, 0x0086,   // 0x3570 (13680)
0x0067, 0x0005, 0x29AC, 0x0046, 0x0026, 0x0026, 0x0046, 0x0046, 0x0046, 0x0045, 0x0045, 0x0025, 0x0025, 0x0024, 0x0024, 0x0024,   // 0x3580 (13696)
0x0130, 0x0110, 0x008E, 0x08F0, 0x004E, 0x00CF, 0x0951, 0x4357, 0x645A, 0x2271, 0x2AF3, 0x014C, 0x7D7C, 0x64B7, 0x8DDA, 0x00A4,   // 0x3590 (13712)
0x0021, 0x0040, 0x0020, 0x0020, 0x0020, 0x0000, 0x0040, 0x0000, 0x0000, 0x0000, 0x0840, 0x0020, 0x5B09, 0xEF5A, 0xEF19, 0xEEF7,   // 0x35A0 (13728)
0xF6F7, 0xF6D6, 0xFF37, 0xFF58, 0xF717, 0xF758, 0xFF99, 0xFF58, 0xF6F7, 0xF6F8, 0xF6B7, 0xF697, 0xFEB8, 0xEE15, 0xCCF1, 0xCCD1,   // 0x35B0 (13744)
0xDD14, 0xDD15, 0xDD14, 0xE535, 0xD4F4, 0xEDB8, 0xDD38, 0xCD19, 0xA457, 0x6B34, 0x5314, 0x4315, 0x3B15, 0x32D4, 0x3AF5, 0x32D4,   // 0x35C0 (13760)
0x4396, 0x22B3, 0x1A93, 0x22B4, 0x22F5, 0x1AB4, 0x2B15, 0x0A52, 0x01F0, 0x1251, 0x1271, 0x1230, 0x09CF, 0x09B0, 0x11D1, 0x1211,   // 0x35D0 (13776)
0x1252, 0x1231, 0x1A11, 0x3231, 0x3A51, 0x31EF, 0x198D, 0x096C, 0x09AE, 0x09CE, 0x09AE, 0x096D, 0x116D, 0x094D, 0x010D, 0x012D,   // 0x35E0 (13792)
0x010C, 0x010B, 0x016C, 0x120E, 0x1A6F, 0x22B0, 0x53D5, 0x010A, 0x322F, 0x0088, 0x0087, 0x0087, 0x0067, 0x0046, 0x00A7, 0x0045,   // 0x35F0 (13808)
0x0046, 0x0066, 0x29AB, 0x0046, 0x0066, 0x0046, 0x0045, 0x0045, 0x0025, 0x0025, 0x0025, 0x0024, 0x0024, 0x0044, 0x0024, 0x0024,   // 0x3600 (13824)
0x00AE, 0x00AE, 0x006E, 0x00CF, 0x0192, 0x43DA, 0x4399, 0x010E, 0x01AF, 0x43F6, 0x863E, 0x5457, 0x096B, 0x7475, 0x00A4, 0x0082,   // 0x3610 (13840)
0x0061, 0x0000, 0x0000, 0x0000, 0x0000, 0x0040, 0x0040, 0x0040, 0x0820, 0x0821, 0x0000, 0x3143, 0xE6F8, 0xEF59, 0xEF18, 0xEED7,   // 0x3620 (13856)
0xF6F7, 0xFF38, 0xF717, 0xEEF6, 0xF737, 0xF757, 0xF738, 0xFF79, 0xFF38, 0xF6D7, 0xFEB7, 0xF677, 0xEDF5, 0xD533, 0xCD12, 0xE575,   // 0x3630 (13872)
0xF5B7, 0xE516, 0xED77, 0xD4F5, 0xDD77, 0xCD37, 0xC4F7, 0xACB7, 0x7394, 0x52F3, 0x5335, 0x4314, 0x3B14, 0x32F4, 0x3B34, 0x2AB2,   // 0x3640 (13888)
0x22B1, 0x2AF3, 0x1A71, 0x22B2, 0x22F3, 0x22B3, 0x2AF4, 0x1251, 0x09F0, 0x1231, 0x1231, 0x1210, 0x09D0, 0x09D0, 0x09D0, 0x11B0,   // 0x3650 (13904)
0x1A11, 0x3AF4, 0x42F5, 0x2A10, 0x114D, 0x116D, 0x09AD, 0x09AD, 0x016C, 0x11EE, 0x09AE, 0x094D, 0x094E, 0x094E, 0x092D, 0x00EC,   // 0x3660 (13920)
0x010B, 0x096D, 0x09AD, 0x11EE, 0x11AC, 0x5BD5, 0x196C, 0x08E9, 0x08C9, 0x0087, 0x00C8, 0x00C8, 0x0067, 0x0046, 0x0046, 0x0045,   // 0x3670 (13936)
0x0045, 0x2149, 0x1929, 0x0025, 0x0066, 0x0046, 0x0025, 0x0045, 0x0025, 0x0025, 0x0025, 0x0024, 0x0044, 0x0044, 0x0024, 0x0024,   // 0x3680 (13952)
0x00AF, 0x00AF, 0x008E, 0x11F3, 0x547D, 0x4C5C, 0x22F6, 0x01F1, 0x01AF, 0x6D7C, 0x6D5A, 0x8E3D, 0x328D, 0x0064, 0x0021, 0x0000,   // 0x3690 (13968)
0x0000, 0x0020, 0x0020, 0x0020, 0x0040, 0x0020, 0x0020, 0x0000, 0x0000, 0x0800, 0x28E2, 0xD615, 0xFFBB, 0xEF17, 0xE6B6, 0xFF79,   // 0x36A0 (13984)
0xFF17, 0xF6F7, 0xF6F6, 0xEEF6, 0xEF16, 0xEF16, 0xF737, 0xFF79, 0xFF17, 0xE655, 0xEE35, 0xE5B4, 0xC4B1, 0xCCF2, 0xEDD6, 0xFE38,   // 0x36B0 (14000)
0xED77, 0xD4B5, 0xDCF6, 0xDD37, 0xC4B6, 0xBCD6, 0x9C35, 0x83F5, 0x73B5, 0x5B34, 0x4AD3, 0x42B3, 0x4AF4, 0x63B6, 0x3AB1, 0x42D2,   // 0x36C0 (14016)
0x3291, 0x4313, 0x2A71, 0x3AF3, 0x3291, 0x4334, 0x4314, 0x11AF, 0x19CF, 0x11D0, 0x11D0, 0x11D0, 0x018F, 0x014E, 0x016E, 0x11CF,   // 0x36D0 (14032)
0x19D0, 0x19AF, 0x116E, 0x092D, 0x092D, 0x014D, 0x016D, 0x01AD, 0x1A2F, 0x1A0F, 0x014D, 0x092D, 0x118F, 0x010D, 0x00CB, 0x090C,   // 0x36E0 (14048)
0x010C, 0x118D, 0x018C, 0x098C, 0x19ED, 0x6BF6, 0x08C9, 0x0088, 0x0067, 0x00A8, 0x00A8, 0x00A8, 0x0047, 0x0046, 0x0046, 0x0066,   // 0x36F0 (14064)
0x0045, 0x3A2D, 0x0886, 0x0004, 0x0025, 0x0025, 0x0004, 0x0045, 0x0025, 0x0024, 0x0024, 0x0024, 0x0044, 0x0044, 0x0024, 0x0024,   // 0x3700 (14080)
0x00AE, 0x00EF, 0x0151, 0x1233, 0x4C3B, 0x12B5, 0x0273, 0x447B, 0x1AF4, 0x020F, 0x859B, 0x6C75, 0x00C4, 0x0000, 0x0000, 0x0000,   // 0x3710 (14096)
0x0000, 0x0840, 0x0000, 0x0060, 0x0000, 0x0020, 0x0020, 0x0820, 0x0840, 0x4205, 0xDE76, 0xFF7A, 0xF6F8, 0xEEB6, 0xFF99, 0xF6F7,   // 0x3720 (14112)
0xF6F6, 0xEE95, 0xF6D6, 0xF737, 0xEF16, 0xF737, 0xFF58, 0xFF38, 0xFF18, 0xEE35, 0xDD93, 0xD512, 0xDD33, 0xFE37, 0xFE99, 0xFE59,   // 0x3730 (14128)
0xE577, 0xE537, 0xDCD7, 0xD4B7, 0xCCD8, 0x9BD5, 0x7333, 0x73D5, 0x73D6, 0x5B14, 0x62D3, 0x7B15, 0x8B96, 0x7313, 0x83D5, 0x6B12,   // 0x3740 (14144)
0x41EF, 0x5251, 0x7334, 0x8395, 0x5A50, 0x7313, 0x7B55, 0x5272, 0x4211, 0x3A11, 0x31F2, 0x21D1, 0x118F, 0x014E, 0x098E, 0x120F,   // 0x3750 (14160)
0x09EE, 0x09CE, 0x094D, 0x010D, 0x094E, 0x118F, 0x098F, 0x096E, 0x3B13, 0x11AE, 0x092C, 0x092C, 0x090C, 0x090C, 0x012C, 0x00EB,   // 0x3760 (14176)
0x00CB, 0x19AD, 0x012B, 0x014B, 0x4B53, 0x21CD, 0x0088, 0x090A, 0x00C9, 0x00A8, 0x0067, 0x0026, 0x0067, 0x0046, 0x0066, 0x0066,   // 0x3770 (14192)
0x0066, 0x4ACE, 0x0086, 0x0045, 0x0045, 0x0065, 0x0045, 0x0045, 0x0045, 0x0024, 0x0024, 0x0024, 0x0024, 0x0024, 0x0024, 0x0024,   // 0x3780 (14208)
0x00EF, 0x32D7, 0x5C9D, 0x01D2, 0x016F, 0x12F5, 0x4D1D, 0x553C, 0x54DA, 0x22D1, 0x220C, 0x0063, 0x0020, 0x0020, 0x0000, 0x0800,   // 0x3790 (14224)
0x0840, 0x0000, 0x0020, 0x0040, 0x0000, 0x9CB1, 0xC5D6, 0xB553, 0xC5F4, 0xE6F8, 0xFF9A, 0xF719, 0xF6B7, 0xFF39, 0xFEF7, 0xF6F6,   // 0x37A0 (14240)
0xEE95, 0xF6D6, 0xF6D6, 0xF6F7, 0xFF58, 0xFF78, 0xF6F7, 0xEEB6, 0xEE35, 0xF676, 0xE5D4, 0xDD33, 0xF5F6, 0xFE99, 0xFE59, 0xFE5A,   // 0x37B0 (14256)
0xE577, 0xD4F7, 0xC435, 0xC477, 0x9BB5, 0x7B34, 0x5AF3, 0x6BD6, 0x8479, 0x8438, 0x8C19, 0x83B7, 0xA479, 0x9C58, 0xBD7C, 0xD63F,   // 0x37C0 (14272)
0xBD3C, 0xA459, 0xACDA, 0xA479, 0x9C58, 0x9C38, 0x7B35, 0x49F0, 0x398F, 0x316F, 0x214F, 0x112E, 0x092E, 0x098F, 0x11AF, 0x09AE,   // 0x37D0 (14288)
0x09CE, 0x016D, 0x012D, 0x094E, 0x116E, 0x092D, 0x010D, 0x094E, 0x4375, 0x096D, 0x012C, 0x092C, 0x00EB, 0x092C, 0x010C, 0x012C,   // 0x37E0 (14304)
0x092C, 0x116C, 0x012B, 0x010A, 0x5373, 0x00C9, 0x00A8, 0x00C8, 0x00A8, 0x0047, 0x0867, 0x0026, 0x0867, 0x0025, 0x0087, 0x0045,   // 0x37F0 (14320)
0x0045, 0x4AAE, 0x0065, 0x0045, 0x0024, 0x0045, 0x0045, 0x0024, 0x0044, 0x0024, 0x0024, 0x0024, 0x0024, 0x0024, 0x0023, 0x0023,   // 0x3800 (14336)
0x1213, 0x5C7D, 0x3B99, 0x01B1, 0x0170, 0x2376, 0x5D5D, 0x551A, 0x657A, 0x3370, 0x0083, 0x0020, 0x0000, 0x0000, 0x0841, 0x0000,   // 0x3810 (14352)
0x0020, 0x0040, 0x0000, 0x0020, 0x0800, 0xDE98, 0xEED9, 0xF719, 0xF719, 0xFF7A, 0xFF5A, 0xF6F8, 0xF6D7, 0xFF18, 0xFF17, 0xF6D6,   // 0x3820 (14368)
0xEEB6, 0xF6B7, 0xFF18, 0xFF59, 0xFF18, 0xFEF7, 0xF6B7, 0xEE35, 0xF635, 0xF615, 0xE594, 0xEDD6, 0xFEDA, 0xFEBB, 0xF639, 0xD556,   // 0x3830 (14384)
0xD537, 0xBC55, 0xBC77, 0xA3D5, 0x7B34, 0x7BB7, 0x6B76, 0x5335, 0x5335, 0x747A, 0x4B14, 0x4B75, 0x5375, 0x4B55, 0x4AD3, 0x94FB,   // 0x3840 (14400)
0x73D7, 0x7C17, 0x5B54, 0x42B2, 0x21CF, 0x19AF, 0x21AF, 0x21AF, 0x196F, 0x116F, 0x116E, 0x092E, 0x094E, 0x098F, 0x096F, 0x118F,   // 0x3850 (14416)
0x014E, 0x014E, 0x094E, 0x114E, 0x092E, 0x010C, 0x010C, 0x014D, 0x3AD3, 0x012C, 0x012C, 0x010C, 0x010C, 0x010C, 0x010C, 0x00EB,   // 0x3860 (14432)
0x21EE, 0x118B, 0x092A, 0x4B12, 0x114B, 0x00A8, 0x00A8, 0x08E9, 0x0088, 0x0067, 0x0047, 0x0046, 0x0046, 0x0045, 0x0025, 0x0025,   // 0x3870 (14448)
0x0066, 0x426D, 0x0045, 0x0004, 0x0065, 0x0024, 0x0044, 0x0023, 0x0024, 0x0023, 0x0023, 0x0023, 0x0023, 0x0023, 0x0023, 0x0023,   // 0x3880 (14464)
0x0171, 0x1A95, 0x0191, 0x33B8, 0x445B, 0x01AE, 0x3C37, 0x75DC, 0x3B91, 0x00A4, 0x0041, 0x0040, 0x0020, 0x0020, 0x0000, 0x0021,   // 0x3890 (14480)
0x0000, 0x0020, 0x0000, 0x0000, 0x20C1, 0xE697, 0xFF19, 0xF6F8, 0xFF39, 0xFF59, 0xF739, 0xEEF8, 0xF6F7, 0xFF18, 0xFEF7, 0xF6B6,   // 0x38A0 (14496)
0xEE96, 0xFEF8, 0xFF19, 0xFF38, 0xFEF8, 0xEE55, 0xE5F4, 0xF636, 0xF615, 0xE594, 0xE594, 0xEDD6, 0xF638, 0xEDF8, 0xE5B8, 0xCD36,   // 0x38B0 (14512)
0xBC95, 0xBC76, 0x9BD4, 0x8374, 0x7B95, 0x6B96, 0x5B76, 0x3AD4, 0x4B56, 0x647A, 0x3B55, 0x1AB2, 0x1AB2, 0x22B3, 0x2252, 0x32B3,   // 0x38C0 (14528)
0x7CDA, 0x3B13, 0x32F2, 0x1A71, 0x1A51, 0x1A51, 0x2252, 0x2231, 0x19D0, 0x096E, 0x096E, 0x014E, 0x096E, 0x098E, 0x094E, 0x096F,   // 0x38D0 (14544)
0x096F, 0x096F, 0x094E, 0x092D, 0x092C, 0x00AB, 0x008A, 0x090C, 0x2210, 0x00EC, 0x010C, 0x00EC, 0x00EB, 0x00EB, 0x090C, 0x090B,   // 0x38E0 (14560)
0x2A4F, 0x0909, 0x092A, 0x5B73, 0x0067, 0x08C9, 0x08C9, 0x0067, 0x0067, 0x0047, 0x0046, 0x0046, 0x0045, 0x0025, 0x0025, 0x0025,   // 0x38F0 (14576)
0x1929, 0x29CA, 0x0065, 0x0024, 0x0044, 0x0024, 0x0023, 0x0023, 0x0023, 0x0023, 0x0023, 0x0023, 0x0023, 0x0023, 0x0023, 0x0023,   // 0x3900 (14592)
0x1274, 0x010E, 0x2378, 0x551D, 0x4CFC, 0x2BD6, 0x016B, 0x3310, 0x00A5, 0x0021, 0x0021, 0x0000, 0x0020, 0x0040, 0x0020, 0x0000,   // 0x3910 (14608)
0x0020, 0x0020, 0x0860, 0x1060, 0xC5B4, 0xF719, 0xF6D8, 0xFF59, 0xFF59, 0xF718, 0xEEF8, 0xEEF8, 0xF718, 0xFF18, 0xF6D7, 0xF6B7,   // 0x3920 (14624)
0xFEF8, 0xFF19, 0xFEF8, 0xFEB7, 0xF676, 0xE5D4, 0xDD73, 0xE5B4, 0xE593, 0xE594, 0xEDB5, 0xDD55, 0xEDD7, 0xEDF9, 0xE598, 0xCCD5,   // 0x3930 (14640)
0xBC54, 0xB455, 0x9BF5, 0x9C57, 0x7C37, 0x42F2, 0x3B34, 0x3314, 0x4376, 0x3315, 0x1A92, 0x1272, 0x1292, 0x1272, 0x1A72, 0x2AB3,   // 0x3940 (14656)
0x6D3B, 0x2B73, 0x1AF2, 0x12D2, 0x1AF3, 0x1292, 0x1A52, 0x11F0, 0x11D0, 0x096E, 0x096D, 0x016D, 0x014D, 0x014D, 0x012C, 0x096D,   // 0x3950 (14672)
0x094D, 0x098E, 0x012C, 0x00CA, 0x00CA, 0x00CA, 0x00AA, 0x08CA, 0x112B, 0x00AA, 0x00AA, 0x00AA, 0x00CB, 0x00CB, 0x010C, 0x012B,   // 0x3960 (14688)
0x3AB0, 0x092A, 0x4B11, 0x112A, 0x00A8, 0x0088, 0x08C9, 0x0026, 0x0067, 0x0066, 0x0046, 0x0046, 0x0025, 0x0025, 0x0025, 0x0045,   // 0x3970 (14704)
0x31EB, 0x08C6, 0x0045, 0x0044, 0x0024, 0x0044, 0x0023, 0x0044, 0x0023, 0x0023, 0x0023, 0x0023, 0x0023, 0x0023, 0x0023, 0x0023,   // 0x3980 (14720)
0x0233, 0x2357, 0x0190, 0x345A, 0x551C, 0x759C, 0x226D, 0x0043, 0x0001, 0x0862, 0x0000, 0x0041, 0x0020, 0x0000, 0x0040, 0x0000,   // 0x3990 (14736)
0x0061, 0x0000, 0x0840, 0xC5D5, 0xEEF9, 0xFF39, 0xFF39, 0xFF39, 0xF718, 0xEED8, 0xEEF8, 0xFF39, 0xFF59, 0xFF18, 0xF6D7, 0xF6B7,   // 0x39A0 (14752)
0xFF19, 0xFEF8, 0xFEB8, 0xEE36, 0xE594, 0xE594, 0xE574, 0xD4F2, 0xD512, 0xE595, 0xDD75, 0xD4F4, 0xE576, 0xDD77, 0xDD37, 0xD4F7,   // 0x39B0 (14768)
0xCCF8, 0xBC97, 0xACB8, 0x9C97, 0x6BF5, 0x4333, 0x4374, 0x2AD3, 0x2AD3, 0x2293, 0x1AB3, 0x1AB3, 0x1AF4, 0x2314, 0x2B15, 0x22B2,   // 0x39C0 (14784)
0x3BF5, 0x4C97, 0x1312, 0x1312, 0x1B13, 0x1292, 0x1252, 0x11F0, 0x11AF, 0x096E, 0x096E, 0x014D, 0x012C, 0x012C, 0x010C, 0x096D,   // 0x39D0 (14800)
0x11AE, 0x016C, 0x010B, 0x00EA, 0x00CA, 0x00A9, 0x0089, 0x08AA, 0x0089, 0x08A9, 0x0089, 0x0089, 0x00CA, 0x00CA, 0x00EB, 0x010B,   // 0x39E0 (14816)
0x4311, 0x114A, 0x42F0, 0x0087, 0x0088, 0x0067, 0x0067, 0x0067, 0x0067, 0x0066, 0x0046, 0x0045, 0x0025, 0x0024, 0x0024, 0x0045,   // 0x39F0 (14832)
0x424D, 0x0044, 0x0024, 0x0024, 0x0023, 0x0044, 0x0023, 0x0843, 0x0023, 0x0023, 0x0023, 0x0023, 0x0023, 0x0022, 0x0023, 0x0022,   // 0x3A00 (14848)
0x451D, 0x4D1D, 0x1335, 0x01EF, 0x651A, 0x3310, 0x0023, 0x0042, 0x0841, 0x0000, 0x0000, 0x0841, 0x0000, 0x0020, 0x0020, 0x0020,   // 0x3A10 (14864)
0x0000, 0x0820, 0x83CD, 0xEEF9, 0xFF5A, 0xEED8, 0xFF39, 0xEED7, 0xF6F7, 0xEED7, 0xF718, 0xFF5A, 0xFF59, 0xFEF8, 0xF6B7, 0xFEB7,   // 0x3A20 (14880)
0xF6D8, 0xF6B8, 0xF677, 0xE5B5, 0xDD33, 0xE554, 0xED75, 0xDCF3, 0xE575, 0xE5B6, 0xDD55, 0xD536, 0xD516, 0xBC54, 0xD4F7, 0xDD59,   // 0x3A30 (14896)
0xC4B8, 0xB498, 0xAC98, 0x8C57, 0x6394, 0x4333, 0x4375, 0x2B13, 0x22B3, 0x22D4, 0x22F4, 0x1B14, 0x2375, 0x3417, 0x33B6, 0x2313,   // 0x3A40 (14912)
0x2312, 0x64F9, 0x2332, 0x1AD1, 0x0A71, 0x01F0, 0x09D0, 0x096F, 0x096F, 0x096F, 0x096F, 0x012D, 0x010D, 0x010D, 0x00EC, 0x010C,   // 0x3A50 (14928)
0x010B, 0x00EB, 0x00EB, 0x00EB, 0x00AA, 0x00AA, 0x08EB, 0x08CA, 0x0089, 0x08C9, 0x0068, 0x0088, 0x08C9, 0x00CA, 0x00CA, 0x00EA,   // 0x3A60 (14944)
0x3A6F, 0x29CC, 0x08E8, 0x08C8, 0x0046, 0x0087, 0x0046, 0x0087, 0x0067, 0x0066, 0x0066, 0x0066, 0x0045, 0x0044, 0x0024, 0x0044,   // 0x3A70 (14960)
0x3A2C, 0x0064, 0x0024, 0x0023, 0x0023, 0x0023, 0x0003, 0x0023, 0x0023, 0x0022, 0x0022, 0x0022, 0x0022, 0x0022, 0x0022, 0x0022,   // 0x3A80 (14976)
0x3D1C, 0x3CBA, 0x553B, 0x12B0, 0x0109, 0x0065, 0x0022, 0x0000, 0x0000, 0x0000, 0x1061, 0x0000, 0x0000, 0x0041, 0x0020, 0x0000,   // 0x3A90 (14992)
0x0820, 0x3143, 0xDE98, 0xFF5A, 0xFF39, 0xEED7, 0xF6F7, 0xF6F8, 0xF718, 0xF718, 0xFF39, 0xFF59, 0xFF19, 0xF6B7, 0xF697, 0xFEB8,   // 0x3AA0 (15008)
0xFEB8, 0xF697, 0xEDD5, 0xDD54, 0xED74, 0xED55, 0xE514, 0xE535, 0xED96, 0xF5F8, 0xE5D8, 0xCCF6, 0xBC75, 0xBC96, 0xCCF8, 0xAC15,   // 0x3AB0 (15024)
0x9BB5, 0xA458, 0x9C78, 0x94DA, 0x7C98, 0x53D5, 0x4BB6, 0x4396, 0x3335, 0x2AF4, 0x2314, 0x3BB7, 0x4417, 0x4BF7, 0x3B34, 0x3AF3,   // 0x3AC0 (15040)
0x32D1, 0x4B94, 0x2AF1, 0x1250, 0x09EF, 0x09AF, 0x098F, 0x092E, 0x094F, 0x092E, 0x092E, 0x010D, 0x010D, 0x012D, 0x00CC, 0x00AB,   // 0x3AD0 (15056)
0x00CA, 0x00AA, 0x00CB, 0x00EB, 0x00CB, 0x00EB, 0x08EC, 0x00AA, 0x0089, 0x08A9, 0x0067, 0x0067, 0x08A8, 0x00A9, 0x0088, 0x00EA,   // 0x3AE0 (15072)
0x3A8F, 0x29CC, 0x0067, 0x0025, 0x0087, 0x0067, 0x0067, 0x0046, 0x0066, 0x0066, 0x0066, 0x0066, 0x0065, 0x0044, 0x0044, 0x0044,   // 0x3AF0 (15088)
0x2189, 0x0065, 0x0023, 0x0003, 0x0043, 0x0023, 0x0003, 0x0022, 0x0022, 0x0022, 0x0022, 0x0022, 0x0022, 0x0022, 0x0022, 0x0022,   // 0x3B00 (15104)
0x34FA, 0x44F9, 0x54B8, 0x228E, 0x0085, 0x0002, 0x0000, 0x0040, 0x0000, 0x0861, 0x0820, 0x0000, 0x0840, 0x0000, 0x0000, 0x0040,   // 0x3B10 (15120)
0x1880, 0xDE56, 0xF719, 0xE6B7, 0xF6F8, 0xFF38, 0xE6B6, 0xF718, 0xF738, 0xF738, 0xFF38, 0xFF18, 0xF6D8, 0xF697, 0xF697, 0xFE97,   // 0x3B20 (15136)
0xFE97, 0xEE16, 0xDD53, 0xE534, 0xF595, 0xED75, 0xE535, 0xED56, 0xE556, 0xE5B8, 0xDD78, 0xAC34, 0xAC56, 0xC4D8, 0xAC36, 0x7B13,   // 0x3B30 (15152)
0x9418, 0x7BD7, 0x5AF3, 0x42B2, 0x4333, 0x6458, 0x5438, 0x4BD7, 0x3335, 0x3315, 0x4397, 0x5C39, 0x6C19, 0x73D7, 0x5AB3, 0x5230,   // 0x3B40 (15168)
0x420F, 0x31AD, 0x29EE, 0x116C, 0x116D, 0x096E, 0x092E, 0x092E, 0x092E, 0x00ED, 0x00ED, 0x00EC, 0x00EC, 0x090C, 0x10EC, 0x210C,   // 0x3B50 (15184)
0x18A9, 0x1889, 0x1089, 0x10AA, 0x08AB, 0x006A, 0x008A, 0x08EB, 0x0089, 0x0068, 0x0067, 0x0087, 0x0088, 0x08A8, 0x0068, 0x112B,   // 0x3B60 (15200)
0x4AD0, 0x0087, 0x0067, 0x0067, 0x0066, 0x0046, 0x0066, 0x0066, 0x0066, 0x0045, 0x0045, 0x0065, 0x0065, 0x0044, 0x0044, 0x0044,   // 0x3B70 (15216)
0x08A5, 0x0043, 0x0023, 0x0022, 0x0023, 0x0023, 0x0023, 0x0022, 0x0022, 0x0022, 0x0022, 0x0022, 0x0022, 0x0042, 0x0022, 0x0042,   // 0x3B80 (15232)
0x3416, 0x54F8, 0x22AE, 0x0064, 0x0022, 0x0000, 0x0021, 0x0020, 0x0861, 0x0840, 0x0000, 0x0820, 0x0000, 0x0820, 0x0020, 0x0020,   // 0x3B90 (15248)
0xB532, 0xF6F9, 0xFF19, 0xF6F8, 0xEED7, 0xEEB7, 0xF738, 0xF717, 0xFF59, 0xFF38, 0xF718, 0xF6D8, 0xF697, 0xF697, 0xF677, 0xFE57,   // 0x3BA0 (15264)
0xF5F5, 0xE573, 0xE553, 0xED75, 0xE555, 0xED56, 0xF597, 0xF5B8, 0xED99, 0xD517, 0xBC96, 0xA3F4, 0xBCF9, 0xAC99, 0x7313, 0x8C18,   // 0x3BB0 (15280)
0x73D8, 0x4293, 0x42B3, 0x3AD3, 0x32F3, 0x6499, 0x3B95, 0x3375, 0x22D3, 0x1A93, 0x3B96, 0x5C39, 0x7479, 0x8C79, 0x9439, 0x9C38,   // 0x3BC0 (15296)
0x93F7, 0x7313, 0x62D2, 0x39EF, 0x298E, 0x192C, 0x10EC, 0x190D, 0x190C, 0x10CB, 0x10EB, 0x10CA, 0x10A9, 0x18EA, 0x312B, 0x49AD,   // 0x3BD0 (15312)
0x6A2E, 0xA3B4, 0x8B53, 0x392C, 0x0849, 0x088A, 0x006A, 0x0068, 0x0088, 0x0047, 0x0087, 0x0888, 0x0088, 0x08A8, 0x0088, 0x218C,   // 0x3BE0 (15328)
0x112A, 0x0087, 0x0046, 0x0046, 0x08A7, 0x0066, 0x0046, 0x0066, 0x0046, 0x0045, 0x0045, 0x0045, 0x0064, 0x0044, 0x0044, 0x0043,   // 0x3BF0 (15344)
0x0043, 0x0022, 0x0063, 0x0023, 0x0002, 0x0043, 0x0022, 0x0022, 0x0022, 0x0022, 0x0022, 0x0022, 0x0042, 0x0042, 0x0042, 0x0042,   // 0x3C00 (15360)
0x018A, 0x1A0C, 0x0084, 0x0021, 0x0061, 0x0040, 0x0000, 0x0861, 0x0020, 0x0020, 0x0000, 0x0020, 0x0000, 0x0000, 0x0861, 0x62CA,   // 0x3C10 (15376)
0xF6F9, 0xFF19, 0xF6F8, 0xF6D8, 0xFF18, 0xFF38, 0xF718, 0xFF38, 0xFF58, 0xFF38, 0xF6D7, 0xF6B7, 0xF697, 0xF697, 0xF637, 0xF616,   // 0x3C20 (15392)
0xED94, 0xD4B1, 0xDCD2, 0xE514, 0xE555, 0xED97, 0xFE3A, 0xEDB9, 0xCCD6, 0xC4D7, 0xB497, 0xA436, 0xA4B9, 0x6B34, 0x6B75, 0x73F8,   // 0x3C30 (15408)
0x3AB4, 0x3AF5, 0x32F4, 0x2AD3, 0x43B6, 0x5C79, 0x64DA, 0x2334, 0x12D3, 0x33B6, 0x2BD6, 0x2B75, 0x3354, 0x32F2, 0x42F2, 0x5B12,   // 0x3C40 (15424)
0x8354, 0xA417, 0xB4BA, 0xB51B, 0xACDA, 0xACDB, 0x9C79, 0xA499, 0x9C38, 0x7B54, 0xACD9, 0x9C56, 0x5A0D, 0x4929, 0xBC96, 0xD4F7,   // 0x3C50 (15440)
0xD474, 0xDC95, 0xD518, 0xC519, 0x394B, 0x1089, 0x0889, 0x0048, 0x0088, 0x0088, 0x08A8, 0x0067, 0x0888, 0x0067, 0x00A8, 0x320E,   // 0x3C60 (15456)
0x0087, 0x0086, 0x0066, 0x0046, 0x0046, 0x0045, 0x0045, 0x0045, 0x0045, 0x0024, 0x0024, 0x0044, 0x0044, 0x0044, 0x0044, 0x0043,   // 0x3C70 (15472)
0x0023, 0x0023, 0x0023, 0x0022, 0x0022, 0x0022, 0x0022, 0x0022, 0x0022, 0x0022, 0x0022, 0x0022, 0x0022, 0x0021, 0x0021, 0x0021,   // 0x3C80 (15488)
0x0907, 0x00A5, 0x0021, 0x0041, 0x0020, 0x0040, 0x0060, 0x0000, 0x0841, 0x0000, 0x0000, 0x0020, 0x0840, 0x0840, 0x0000, 0xD616,   // 0x3C90 (15504)
0xF719, 0xFEF8, 0xF6D8, 0xF6F8, 0xFF18, 0xF718, 0xF718, 0xFF38, 0xF6F7, 0xFF59, 0xF6B7, 0xF697, 0xFEB8, 0xEE16, 0xF637, 0xDD34,   // 0x3CA0 (15520)
0xD491, 0xD491, 0xED34, 0xF596, 0xE555, 0xE577, 0xE578, 0xCCD6, 0xBC55, 0xB477, 0xA437, 0x93F6, 0x62F3, 0x52D3, 0x5B56, 0x3AB4,   // 0x3CB0 (15536)
0x3AD4, 0x32F5, 0x2AD3, 0x22F3, 0x22F3, 0x2B74, 0x5CDA, 0x33D6, 0x33F7, 0x3417, 0x23B6, 0x2395, 0x2B74, 0x22F2, 0x1A2F, 0x19AD,   // 0x3CC0 (15552)
0x290B, 0x30EB, 0x312C, 0x398D, 0x41AE, 0x396D, 0x28EB, 0x20AA, 0x2089, 0x28EA, 0x396B, 0x7331, 0x3929, 0x6A6D, 0xAC34, 0xE558,   // 0x3CD0 (15568)
0xF577, 0xF556, 0xDD16, 0xCD38, 0x418B, 0x0847, 0x0047, 0x0889, 0x0068, 0x0088, 0x08A8, 0x0067, 0x0087, 0x0087, 0x0088, 0x218B,   // 0x3CE0 (15584)
0x0087, 0x0066, 0x0046, 0x0045, 0x0045, 0x0045, 0x0045, 0x0045, 0x0024, 0x0024, 0x0024, 0x0044, 0x0044, 0x0044, 0x0044, 0x0023,   // 0x3CF0 (15600)
0x0023, 0x0022, 0x0022, 0x0022, 0x0022, 0x0022, 0x0022, 0x0022, 0x0022, 0x0022, 0x0022, 0x0021, 0x0021, 0x0021, 0x0021, 0x0021,   // 0x3D00 (15616)
0x0021, 0x0001, 0x0000, 0x0041, 0x0020, 0x0020, 0x0040, 0x0020, 0x0000, 0x0061, 0x0061, 0x0000, 0x0000, 0x0840, 0x730A, 0xFF5A,   // 0x3D10 (15632)
0xFEF8, 0xF6D7, 0xF6D8, 0xFF18, 0xFF19, 0xF718, 0xF6F8, 0xF6F8, 0xF6F7, 0xFEF8, 0xF6B7, 0xF697, 0xEE36, 0xF616, 0xD4F2, 0xD4B2,   // 0x3D20 (15648)
0xCC30, 0xF555, 0xED55, 0xDD15, 0xD4F5, 0xD516, 0xC495, 0xBC96, 0xBCB8, 0xB4B9, 0x8B95, 0x7B95, 0x5B35, 0x4AF4, 0x42F5, 0x3AD4,   // 0x3D30 (15664)
0x3AD4, 0x4315, 0x2AF3, 0x2B54, 0x2B54, 0x12D2, 0x33D6, 0x54DA, 0x23B5, 0x2396, 0x1B55, 0x1B55, 0x2314, 0x1A71, 0x11EF, 0x094D,   // 0x3D40 (15680)
0x116E, 0x114E, 0x118E, 0x19AF, 0x19AE, 0x112D, 0x10EC, 0x10EC, 0x10CC, 0x10EB, 0x10EB, 0x10EA, 0x192A, 0x214A, 0x5AD0, 0x8371,   // 0x3D50 (15696)
0xD577, 0xEE19, 0xEE5B, 0x8371, 0x1066, 0x10C8, 0x08A8, 0x0068, 0x0088, 0x0088, 0x00A8, 0x0067, 0x0067, 0x0087, 0x0087, 0x08E8,   // 0x3D60 (15712)
0x0066, 0x0045, 0x0045, 0x0025, 0x0025, 0x0045, 0x0045, 0x0044, 0x0024, 0x0024, 0x0024, 0x0023, 0x0044, 0x0043, 0x0043, 0x0023,   // 0x3D70 (15728)
0x0022, 0x0022, 0x0022, 0x0022, 0x0022, 0x0022, 0x0022, 0x0022, 0x0022, 0x0022, 0x0022, 0x0021, 0x0021, 0x0021, 0x0021, 0x0041,   // 0x3D80 (15744)
0x0000, 0x0000, 0x0000, 0x0020, 0x0020, 0x0000, 0x0040, 0x0040, 0x0060, 0x0020, 0x0020, 0x0060, 0x18C1, 0x9C90, 0xFF7A, 0xF6D8,   // 0x3D90 (15760)
0xF6D8, 0xF6D7, 0xFF18, 0xFF59, 0xF718, 0xF6F8, 0xF6F8, 0xF6D7, 0xF6D7, 0xFED7, 0xF697, 0xF636, 0xF636, 0xCCF2, 0xD4F2, 0xD4D2,   // 0x3DA0 (15776)
0xE514, 0xED35, 0xE4F5, 0xDCF5, 0xCCD5, 0xB433, 0xB435, 0xD57A, 0xC53A, 0x93F6, 0x7B75, 0x6B75, 0x5B76, 0x4B56, 0x4B77, 0x32F5,   // 0x3DB0 (15792)
0x32D4, 0x2292, 0x3375, 0x3C37, 0x2B95, 0x1B13, 0x1B13, 0x4458, 0x1B34, 0x1B55, 0x1B54, 0x1AF4, 0x1252, 0x09D0, 0x09D0, 0x098F,   // 0x3DC0 (15808)
0x018F, 0x018E, 0x016E, 0x016E, 0x016D, 0x012D, 0x010D, 0x08EC, 0x00CC, 0x114D, 0x00CB, 0x00EB, 0x010B, 0x00C9, 0x0088, 0x1087,   // 0x3DD0 (15824)
0x20C5, 0x520A, 0x9C74, 0x2108, 0x0887, 0x0046, 0x08C9, 0x0068, 0x0068, 0x0068, 0x00A8, 0x0067, 0x0067, 0x0087, 0x0066, 0x0066,   // 0x3DE0 (15840)
0x0045, 0x0045, 0x0045, 0x0045, 0x0025, 0x0024, 0x0044, 0x0044, 0x0024, 0x0023, 0x0023, 0x0023, 0x0023, 0x0023, 0x0023, 0x0023,   // 0x3DF0 (15856)
0x0022, 0x0022, 0x0022, 0x0022, 0x0022, 0x0022, 0x0022, 0x0022, 0x0022, 0x0022, 0x0021, 0x0021, 0x0021, 0x0021, 0x0041, 0x0041,   // 0x3E00 (15872)
0x0040, 0x0000, 0x0000, 0x0000, 0x0000, 0x0000, 0x0860, 0x0000, 0x0040, 0x0040, 0x0040, 0x630A, 0xDE98, 0xFF5A, 0xEEB7, 0xFEF8,   // 0x3E10 (15888)
0xF6D7, 0xFEF8, 0xFF39, 0xFF39, 0xF6D8, 0xF6D8, 0xF6F8, 0xF6D8, 0xF6B7, 0xFEF8, 0xEE56, 0xF656, 0xDD73, 0xD513, 0xDD34, 0xED96,   // 0x3E20 (15904)
0xED56, 0xDCF5, 0xE516, 0xCC94, 0xB3D3, 0xBC55, 0xDD7A, 0xCD3A, 0xBCFA, 0x7B33, 0x7B96, 0x7C39, 0x6BF8, 0x3AD4, 0x2AD4, 0x43B7,   // 0x3E30 (15920)
0x1A92, 0x2313, 0x33F6, 0x2BF6, 0x1B34, 0x1AF3, 0x0A51, 0x1AD3, 0x2314, 0x2334, 0x1AF3, 0x1292, 0x09F0, 0x09D0, 0x09F1, 0x018F,   // 0x3E40 (15936)
0x016E, 0x018D, 0x014C, 0x098D, 0x094D, 0x00EB, 0x00EB, 0x08EC, 0x08EC, 0x112D, 0x010C, 0x00AA, 0x092C, 0x00EB, 0x00EA, 0x08C9,   // 0x3E50 (15952)
0x0087, 0x08C7, 0x0087, 0x0067, 0x00A8, 0x0088, 0x00A8, 0x0068, 0x0068, 0x0067, 0x0088, 0x0087, 0x0067, 0x0066, 0x0045, 0x0045,   // 0x3E60 (15968)
0x0045, 0x0045, 0x0045, 0x0045, 0x0045, 0x0044, 0x0024, 0x0024, 0x0023, 0x0023, 0x0023, 0x0023, 0x0023, 0x0023, 0x0023, 0x0022,   // 0x3E70 (15984)
0x0022, 0x0022, 0x0022, 0x0022, 0x0022, 0x0022, 0x0022, 0x0022, 0x0022, 0x0022, 0x0021, 0x0021, 0x0021, 0x0041, 0x0041, 0x0041,   // 0x3E80 (16000)
0x0000, 0x0020, 0x0020, 0x0000, 0x0000, 0x0020, 0x0020, 0x0000, 0x0000, 0x31C5, 0xCE77, 0xF75B, 0xFF5A, 0xF719, 0xF6D8, 0xF6F8,   // 0x3E90 (16016)
0xFF18, 0xFF39, 0xFF39, 0xF6F8, 0xEED8, 0xF6D8, 0xF6F9, 0xF6D8, 0xF6D7, 0xF697, 0xFEB7, 0xDD93, 0xD533, 0xDD33, 0xED95, 0xEDB7,   // 0x3EA0 (16032)
0xDD15, 0xCC73, 0xCC75, 0xC455, 0xCC96, 0xD519, 0xDD5B, 0xAC37, 0x8374, 0x7B95, 0x8C99, 0x6BF7, 0x3A93, 0x2AB3, 0x2AB4, 0x22B3,   // 0x3EB0 (16048)
0x2B54, 0x4478, 0x3437, 0x23B6, 0x1B14, 0x1272, 0x09F0, 0x1231, 0x1AB2, 0x1AD3, 0x12B2, 0x0A51, 0x09F0, 0x1211, 0x1232, 0x0990,   // 0x3EC0 (16064)
0x014E, 0x014D, 0x014C, 0x11CE, 0x19EF, 0x00EB, 0x00CB, 0x090C, 0x08CC, 0x00EC, 0x010C, 0x010C, 0x010C, 0x00EB, 0x00AA, 0x00AA,   // 0x3ED0 (16080)
0x0089, 0x00A9, 0x00A8, 0x0067, 0x00C9, 0x0067, 0x0088, 0x0088, 0x0067, 0x0047, 0x0067, 0x00A7, 0x0067, 0x0045, 0x0045, 0x0045,   // 0x3EE0 (16096)
0x0045, 0x0045, 0x0045, 0x0044, 0x0044, 0x0044, 0x0024, 0x0023, 0x0023, 0x0023, 0x0023, 0x0023, 0x0023, 0x0023, 0x0023, 0x0022,   // 0x3EF0 (16112)
0x0022, 0x0022, 0x0022, 0x0022, 0x0022, 0x0022, 0x0022, 0x0022, 0x0022, 0x0022, 0x0021, 0x0021, 0x0021, 0x0021, 0x0021, 0x0021,   // 0x3F00 (16128)
0x0000, 0x0040, 0x0040, 0x0020, 0x0040, 0x0000, 0x0000, 0x0840, 0x0000, 0x9470, 0xF73A, 0xFF39, 0xF6F8, 0xF6D7, 0xF6F8, 0xFF38,   // 0x3F10 (16144)
0xFF39, 0xFF18, 0xF6F8, 0xEED8, 0xF6F9, 0xF719, 0xF6F8, 0xF6B8, 0xF697, 0xFED8, 0xE5D4, 0xE593, 0xD512, 0xE554, 0xF5D6, 0xDD14,   // 0x3F20 (16160)
0xBC52, 0xD4F6, 0xD4D7, 0xD4B7, 0xED7B, 0xED9C, 0xBC57, 0x82D2, 0x8BB5, 0x9CB9, 0x7C17, 0x5334, 0x32B2, 0x32B3, 0x2272, 0x2B15,   // 0x3F30 (16176)
0x4438, 0x4458, 0x3418, 0x33D7, 0x1273, 0x09D1, 0x1A12, 0x11F0, 0x1251, 0x12B2, 0x12B1, 0x0A70, 0x01EF, 0x09D0, 0x09D0, 0x096F,   // 0x3F40 (16192)
0x094F, 0x00ED, 0x00EC, 0x096E, 0x32B2, 0x094D, 0x090C, 0x00EC, 0x00CC, 0x00AB, 0x00EC, 0x010C, 0x00EC, 0x00EB, 0x08AB, 0x088A,   // 0x3F50 (16208)
0x0069, 0x0049, 0x0889, 0x0068, 0x0068, 0x0888, 0x0046, 0x0087, 0x0066, 0x0066, 0x0066, 0x0066, 0x0066, 0x0045, 0x0025, 0x0025,   // 0x3F60 (16224)
0x0044, 0x0045, 0x0045, 0x0044, 0x0044, 0x0024, 0x0024, 0x0023, 0x0023, 0x0023, 0x0023, 0x0023, 0x0023, 0x0022, 0x0022, 0x0022,   // 0x3F70 (16240)
0x0022, 0x0022, 0x0022, 0x0022, 0x0022, 0x0022, 0x0022, 0x0022, 0x0042, 0x0022, 0x0021, 0x0021, 0x0021, 0x0021, 0x0021, 0x0021,   // 0x3F80 (16256)
0x0882, 0x0000, 0x0040, 0x0040, 0x0020, 0x0020, 0x0041, 0x0000, 0x0800, 0x838C, 0xFF3A, 0xF6B7, 0xF6F7, 0xF6F7, 0xF718, 0xFF39,   // 0x3F90 (16272)
0xFF39, 0xF6F8, 0xEEB7, 0xEED8, 0xFF3A, 0xFF3A, 0xF6D8, 0xEE97, 0xFEB8, 0xEE15, 0xE5B4, 0xDD32, 0xDD53, 0xEDB5, 0xEDB6, 0xCCB3,   // 0x3FA0 (16288)
0xD516, 0xE578, 0xE539, 0xED7A, 0xE55B, 0xCC98, 0xA394, 0x9374, 0xB51B, 0x8C58, 0x4AD2, 0x3AB2, 0x2A71, 0x2272, 0x32F4, 0x3335,   // 0x3FB0 (16304)
0x3376, 0x33D7, 0x2BB7, 0x1AF4, 0x1232, 0x11F2, 0x11B0, 0x11D0, 0x0A30, 0x12B1, 0x0AD1, 0x0A70, 0x01EF, 0x016E, 0x016F, 0x012F,   // 0x3FC0 (16320)
0x090E, 0x090E, 0x094E, 0x014D, 0x3AB3, 0x092D, 0x114D, 0x090C, 0x00EC, 0x00AB, 0x00CC, 0x010C, 0x00EC, 0x00CB, 0x006A, 0x0049,   // 0x3FD0 (16336)
0x006A, 0x088A, 0x0869, 0x0047, 0x0847, 0x0866, 0x0886, 0x0025, 0x0066, 0x0086, 0x0046, 0x0046, 0x0046, 0x0045, 0x0025, 0x0004,   // 0x3FE0 (16352)
0x0024, 0x0044, 0x0044, 0x0024, 0x0024, 0x0024, 0x0024, 0x0024, 0x0023, 0x0023, 0x0023, 0x0023, 0x0022, 0x0022, 0x0022, 0x0042,   // 0x3FF0 (16368)
0x0022, 0x0022, 0x0022, 0x0022, 0x0022, 0x0022, 0x0022, 0x0022, 0x0042, 0x0022, 0x0021, 0x0021, 0x0021, 0x0021, 0x0020, 0x0020,   // 0x4000 (16384)
};
