// Generated by  : ImageConverter 565 v1.1
// Generated from: 6.PNG
// Time generated: 2026/8/30 13:16:39
// Dimensions    : 128x128 pixels
// Size          : 32,768 Bytes

#include <avr/pgmspace.h>

prog_uint16_t 6[0x4000] PROGMEM ={
0x41CA, 0x41CA, 0x41CA, 0x41CA, 0x41EA, 0x41EB, 0x41EB, 0x49EB, 0x4A0B, 0x4A0B, 0x4A0C, 0x520B, 0x520B, 0x522B, 0x522C, 0x5A2C,   // 0x0010 (16)
0x5A2C, 0x622C, 0x622C, 0x624C, 0x6A4C, 0x6A4C, 0x726B, 0x726B, 0x7A6B, 0x7A8B, 0x828B, 0x8AAB, 0x8AAB, 0x92CB, 0x92CB, 0xA2EC,   // 0x0020 (32)
0xA30C, 0xAB0C, 0xAB0C, 0xAB2C, 0xBB4C, 0xC36C, 0xD3AC, 0xE3EC, 0xE3EC, 0xDBCC, 0xE3CC, 0xE3CC, 0xDBCC, 0xDBAC, 0xC36D, 0x92CD,   // 0x0030 (48)
0x7A8D, 0x82AD, 0x82AC, 0x82AC, 0x6A6D, 0x624D, 0x5A4D, 0x5A4D, 0x5A4D, 0x5A4D, 0x5A6D, 0x626D, 0x5A6D, 0x5A6D, 0x5A6E, 0x5A8E,   // 0x0040 (64)
0x5AAF, 0x5AAF, 0x62CF, 0x62D0, 0x62D0, 0x5AD1, 0x5AF1, 0x52D1, 0x4AB0, 0x4290, 0x3A70, 0x3270, 0x324F, 0x322E, 0x3A2E, 0x3A2D,   // 0x0050 (80)
0x3A0C, 0x39EC, 0x39EC, 0x39EB, 0x39CB, 0x39CB, 0x39CB, 0x39CA, 0x39EB, 0x3A0C, 0x3A0C, 0x420C, 0x4A2C, 0x4A4D, 0x524D, 0x524C,   // 0x0060 (96)
0x522C, 0x5A4C, 0x626D, 0x626D, 0x5A2B, 0x5A2B, 0x5A0B, 0x520B, 0x49EA, 0x49EA, 0x49EA, 0x49EA, 0x41EA, 0x41EB, 0x41EB, 0x420B,   // 0x0070 (112)
0x420C, 0x424D, 0x426E, 0x426F, 0x3A6F, 0x3270, 0x2A70, 0x2270, 0x2A4F, 0x324F, 0x3270, 0x2270, 0x1A70, 0x1A50, 0x322E, 0x424D,   // 0x0080 (128)
0x41CA, 0x41CA, 0x41CA, 0x41EB, 0x41EB, 0x41EB, 0x41EB, 0x49EB, 0x49EB, 0x4A0C, 0x4A0C, 0x520C, 0x520B, 0x522C, 0x522C, 0x5A2C,   // 0x0090 (144)
0x5A2C, 0x622C, 0x622C, 0x6A4B, 0x6A4B, 0x6A6B, 0x726B, 0x7A6B, 0x7A6B, 0x7A8B, 0x828B, 0x8AAB, 0x8AAB, 0x92CB, 0x92CB, 0x9ACC,   // 0x00A0 (160)
0x9AEC, 0x9AEC, 0xA30C, 0xB32D, 0xBB4D, 0xC36D, 0xD3AC, 0xDBCC, 0xDBCC, 0xD3AC, 0xEBEC, 0xF40C, 0xEBEC, 0xDBAC, 0xC36C, 0xA30C,   // 0x00B0 (176)
0x9AED, 0x92ED, 0x8AAC, 0x7A8C, 0x6A4D, 0x624C, 0x5A4D, 0x5A4D, 0x5A4C, 0x5A4D, 0x5A4D, 0x5A6D, 0x5A6D, 0x5A6D, 0x5A6D, 0x5A6E,   // 0x00C0 (192)
0x5A8F, 0x5AAF, 0x5AAF, 0x5AAF, 0x62D0, 0x5AD1, 0x5AF1, 0x52D1, 0x4AD1, 0x4AB0, 0x3A90, 0x3270, 0x3A6F, 0x3A4F, 0x3A4E, 0x3A2D,   // 0x00D0 (208)
0x3A2D, 0x3A0C, 0x39EC, 0x39EC, 0x39EB, 0x39EB, 0x39EB, 0x39CB, 0x39CB, 0x39EB, 0x420C, 0x420C, 0x422C, 0x4A4D, 0x4A4D, 0x4A4D,   // 0x00E0 (224)
0x524C, 0x5A6D, 0x5A6E, 0x5A6C, 0x5A4C, 0x5A2C, 0x522B, 0x520B, 0x49EA, 0x49EA, 0x49EB, 0x4A0B, 0x420C, 0x420C, 0x3A2C, 0x422C,   // 0x00F0 (240)
0x422D, 0x426F, 0x428F, 0x4290, 0x3A6F, 0x2A70, 0x2A70, 0x2271, 0x2A70, 0x3270, 0x2A70, 0x1270, 0x1A71, 0x2A4F, 0x3A0D, 0x420C,   // 0x0100 (256)
0x41CA, 0x41CA, 0x41CA, 0x41CB, 0x41EB, 0x41EB, 0x41EB, 0x49EB, 0x4A0B, 0x4A0C, 0x4A0C, 0x520B, 0x520B, 0x522C, 0x522C, 0x522C,   // 0x0110 (272)
0x5A2C, 0x5A2C, 0x622B, 0x6A4B, 0x6A4B, 0x726B, 0x726C, 0x726B, 0x7A8B, 0x7A8B, 0x828B, 0x8AAC, 0x8AAB, 0x92CB, 0x92CB, 0x92CC,   // 0x0120 (288)
0x92EC, 0x92ED, 0x9AED, 0xA30D, 0xB32D, 0xC36D, 0xD3CC, 0xDBCD, 0xE3EC, 0xE3CC, 0xEC0C, 0xFC2B, 0xFC2C, 0xEBEC, 0xDBAC, 0xBB4D,   // 0x0130 (304)
0x9AEC, 0x8ACC, 0x7A8C, 0x726C, 0x6A4C, 0x624C, 0x624D, 0x5A4D, 0x5A4D, 0x5A4D, 0x5A4D, 0x5A6D, 0x5A6D, 0x5A6D, 0x5A6D, 0x5A6E,   // 0x0140 (320)
0x5A8E, 0x5A8E, 0x5A8E, 0x5AAF, 0x5AAF, 0x5AD0, 0x5AF1, 0x52D1, 0x4AD1, 0x4AB1, 0x42B1, 0x3A91, 0x3A90, 0x3A6F, 0x3A4F, 0x3A4E,   // 0x0150 (336)
0x422E, 0x3A2D, 0x3A0D, 0x3A0C, 0x39EC, 0x39EC, 0x39EC, 0x39EB, 0x39CB, 0x39EB, 0x3A0C, 0x420C, 0x422C, 0x4A2D, 0x4A6E, 0x4A6E,   // 0x0160 (352)
0x4A6E, 0x526E, 0x528F, 0x526E, 0x526D, 0x524D, 0x522C, 0x4A0C, 0x4A0B, 0x4A0B, 0x4A0B, 0x420C, 0x422D, 0x3A2D, 0x3A2D, 0x3A2D,   // 0x0170 (368)
0x3A4E, 0x428F, 0x428F, 0x32B0, 0x3270, 0x2A71, 0x2A71, 0x2A70, 0x2A70, 0x2A71, 0x1A70, 0x2250, 0x2A4F, 0x322E, 0x3A0D, 0x41EC,   // 0x0180 (384)
0x41CA, 0x41CB, 0x41CB, 0x41EB, 0x41EB, 0x41EB, 0x420C, 0x420C, 0x4A0C, 0x4A0C, 0x4A0C, 0x520C, 0x520C, 0x520C, 0x522C, 0x522C,   // 0x0190 (400)
0x5A2C, 0x5A2C, 0x622C, 0x624B, 0x6A4C, 0x726B, 0x726C, 0x7A8C, 0x7A8C, 0x7A8C, 0x7A8C, 0x82AC, 0x8AAC, 0x92CC, 0x8ACC, 0x8ACC,   // 0x01A0 (416)
0x8ACC, 0x92CD, 0x9AED, 0x9B0D, 0xAB2D, 0xBB4D, 0xCB8D, 0xD3AD, 0xE3EC, 0xEC0C, 0xF42C, 0xFC2C, 0xFC4C, 0xEBEC, 0xD3AD, 0xB34D,   // 0x01B0 (432)
0x82AD, 0x726C, 0x6A4C, 0x6A4C, 0x6A4C, 0x6A4C, 0x624D, 0x624D, 0x5A4D, 0x5A4D, 0x5A4D, 0x5A4C, 0x5A4C, 0x5A6D, 0x5A6D, 0x5A6D,   // 0x01C0 (448)
0x5A8E, 0x5A6E, 0x5A8E, 0x5A8E, 0x5A8F, 0x5AB0, 0x5AD0, 0x52D0, 0x52B0, 0x4AD1, 0x4AB1, 0x42B1, 0x4290, 0x4290, 0x3A6F, 0x426F,   // 0x01D0 (464)
0x424F, 0x3A4E, 0x422D, 0x3A2D, 0x3A2D, 0x3A0D, 0x3A0C, 0x39EC, 0x39EB, 0x39EB, 0x39EB, 0x420C, 0x422C, 0x424D, 0x4A6E, 0x424E,   // 0x01E0 (480)
0x426E, 0x4A8F, 0x4AB0, 0x4A8F, 0x4A6E, 0x4A4D, 0x4A2C, 0x4A0C, 0x4A0B, 0x4A0C, 0x4A2C, 0x422D, 0x422D, 0x3A2D, 0x3A2D, 0x3A2D,   // 0x01F0 (496)
0x3A4E, 0x426F, 0x4290, 0x32B1, 0x2A70, 0x2A70, 0x2A70, 0x3270, 0x3270, 0x2A50, 0x2250, 0x426F, 0x322E, 0x322D, 0x39EC, 0x39EB,   // 0x0200 (512)
0x41CB, 0x41CB, 0x41EB, 0x41EB, 0x41EB, 0x420C, 0x420C, 0x4A0C, 0x4A0C, 0x4A0C, 0x4A0C, 0x4A2C, 0x4A2C, 0x520C, 0x522C, 0x522C,   // 0x0210 (528)
0x5A2C, 0x5A4C, 0x5A4C, 0x624C, 0x6A4C, 0x726C, 0x7A8B, 0x7A8B, 0x7A8C, 0x7A8C, 0x7A8C, 0x7A8C, 0x82AC, 0x8ACC, 0x8ACD, 0x82AD,   // 0x0220 (544)
0x8ACD, 0x8ACD, 0x8ACD, 0x92ED, 0xA32D, 0xB34D, 0xC36D, 0xD3AD, 0xDBCD, 0xE3EC, 0xEC0C, 0xF42C, 0xF42C, 0xDBCC, 0xB32D, 0x82AC,   // 0x0230 (560)
0x6A6C, 0x6A4C, 0x6A4C, 0x6A4C, 0x6A4C, 0x6A4C, 0x6A4C, 0x624D, 0x626D, 0x624D, 0x5A6D, 0x5A4C, 0x5A4C, 0x5A4D, 0x5A6D, 0x5A6D,   // 0x0240 (576)
0x5A6D, 0x5A6E, 0x5A6E, 0x5A6E, 0x5A8E, 0x5AAF, 0x5AB0, 0x52B0, 0x52B0, 0x52B0, 0x4AD1, 0x4AB0, 0x4290, 0x4290, 0x4290, 0x4290,   // 0x0250 (592)
0x4290, 0x426F, 0x426E, 0x3A4E, 0x3A4E, 0x3A2E, 0x3A2D, 0x3A0C, 0x39EC, 0x41EB, 0x41EB, 0x420B, 0x422C, 0x424D, 0x426E, 0x424E,   // 0x0260 (608)
0x426F, 0x428F, 0x42B0, 0x3A90, 0x426E, 0x422D, 0x4A0C, 0x49EC, 0x4A0C, 0x4A2C, 0x422C, 0x422D, 0x422D, 0x3A2D, 0x3A4D, 0x3A2D,   // 0x0270 (624)
0x424E, 0x426E, 0x4290, 0x3A90, 0x324F, 0x324F, 0x3A90, 0x3A70, 0x3A6F, 0x3A4E, 0x3A4F, 0x426E, 0x3A2E, 0x31ED, 0x39CB, 0x39CA,   // 0x0280 (640)
0x41CB, 0x41EB, 0x41EB, 0x41EB, 0x420C, 0x420C, 0x420C, 0x4A0C, 0x4A0C, 0x4A0C, 0x4A2C, 0x4A2C, 0x522D, 0x522C, 0x522C, 0x522C,   // 0x0290 (656)
0x5A2C, 0x5A2C, 0x5A4C, 0x624C, 0x6A4C, 0x726C, 0x7A6B, 0x7A8B, 0x7A8C, 0x7A8C, 0x7A8C, 0x7AAD, 0x7AAD, 0x82CD, 0x82AD, 0x7AAD,   // 0x02A0 (672)
0x7AAE, 0x7AAE, 0x82CE, 0x8AEE, 0x9B0E, 0xAB2D, 0xBB6D, 0xC38D, 0xCB8D, 0xD3AD, 0xE3CD, 0xEBEC, 0xEBEC, 0xDBAC, 0xB32C, 0xA30C,   // 0x02B0 (688)
0x92CC, 0x7A6C, 0x6A4B, 0x6A4C, 0x724C, 0x726C, 0x726C, 0x6A6C, 0x626D, 0x626D, 0x626D, 0x5A6D, 0x5A4C, 0x5A4C, 0x5A4C, 0x5A4C,   // 0x02C0 (704)
0x5A4D, 0x5A6D, 0x5A6D, 0x5A6E, 0x5A8E, 0x5A8F, 0x5AAF, 0x52B0, 0x52B0, 0x52B0, 0x52B0, 0x52B0, 0x4AB0, 0x4AB0, 0x4AB1, 0x4AB0,   // 0x02D0 (720)
0x4290, 0x4290, 0x426F, 0x3A6F, 0x3A6F, 0x326F, 0x322E, 0x3A2D, 0x420C, 0x420C, 0x420C, 0x420C, 0x422C, 0x424D, 0x424D, 0x424E,   // 0x02E0 (736)
0x426F, 0x426F, 0x426F, 0x426E, 0x424E, 0x422D, 0x420C, 0x420C, 0x4A0C, 0x422C, 0x422D, 0x422D, 0x422C, 0x422D, 0x424D, 0x3A4E,   // 0x02F0 (752)
0x424E, 0x426E, 0x426F, 0x3A4F, 0x3A4F, 0x426F, 0x4A8F, 0x528F, 0x4A6E, 0x424E, 0x4A4E, 0x3A2E, 0x3A0D, 0x31EB, 0x31AA, 0x39A9,   // 0x0300 (768)
0x41EB, 0x41EB, 0x41EB, 0x41EB, 0x420C, 0x420C, 0x4A0C, 0x4A0C, 0x4A0C, 0x4A0C, 0x4A0C, 0x4A2C, 0x4A2D, 0x4A4D, 0x524D, 0x524D,   // 0x0310 (784)
0x524D, 0x5A4C, 0x5A4C, 0x5A4C, 0x624C, 0x726C, 0x82AC, 0x82AB, 0x82AB, 0x7A8C, 0x7A8C, 0x7A8D, 0x728D, 0x7AAD, 0x7AAD, 0x7AAD,   // 0x0320 (800)
0x7AAD, 0x7AAE, 0x82CE, 0x8AEE, 0x92EE, 0x9B2D, 0xB34D, 0xBB6D, 0xBB4D, 0xC38D, 0xD38D, 0xE3CD, 0xE3CC, 0xDBAC, 0xCB6C, 0xDBCD,   // 0x0330 (816)
0xBB4C, 0x92EC, 0x828B, 0x7A6B, 0x726C, 0x7A6C, 0x7A8C, 0x728C, 0x6A6C, 0x6A6C, 0x6A6C, 0x626D, 0x5A4C, 0x5A4C, 0x5A4C, 0x5A4C,   // 0x0340 (832)
0x5A4D, 0x5A4D, 0x5A6D, 0x5A6E, 0x5A6E, 0x528E, 0x528F, 0x52AF, 0x528F, 0x52AF, 0x52AF, 0x52B0, 0x52B0, 0x4AB0, 0x52D0, 0x4AB0,   // 0x0350 (848)
0x4AB0, 0x42B1, 0x3AB1, 0x3AB1, 0x3291, 0x3291, 0x3A6F, 0x424E, 0x422D, 0x422C, 0x420C, 0x422C, 0x422C, 0x422D, 0x424D, 0x424D,   // 0x0360 (864)
0x424E, 0x426E, 0x426E, 0x424E, 0x424D, 0x424D, 0x4A4D, 0x424D, 0x422D, 0x424D, 0x3A2D, 0x422C, 0x422C, 0x422D, 0x424D, 0x424E,   // 0x0370 (880)
0x424E, 0x424E, 0x424E, 0x424E, 0x3A6F, 0x528F, 0x5A8E, 0x5A8E, 0x526E, 0x4A6E, 0x4A4D, 0x3A2D, 0x31EC, 0x31AA, 0x31A9, 0x39A9,   // 0x0380 (896)
0x41EA, 0x41EB, 0x41EB, 0x41EB, 0x41EB, 0x420B, 0x420C, 0x4A0C, 0x4A0C, 0x4A0C, 0x4A2C, 0x4A2C, 0x4A2C, 0x524D, 0x524D, 0x524D,   // 0x0390 (912)
0x524D, 0x5A4D, 0x5A4D, 0x624C, 0x624C, 0x728B, 0x8AAB, 0x8ACB, 0x92CC, 0x82AC, 0x7A8C, 0x728C, 0x728D, 0x728D, 0x728D, 0x7ACE,   // 0x03A0 (928)
0x82CE, 0x82CE, 0x82CE, 0x8AEE, 0x930E, 0x9B0D, 0xAB4D, 0xAB2D, 0xAB2D, 0xB34D, 0xBB4D, 0xCB6D, 0xDBAC, 0xE3CC, 0xDBAC, 0xDBAC,   // 0x03B0 (944)
0xDBAC, 0xBB4C, 0xAB2C, 0x8AAC, 0x7A8B, 0x828B, 0x82AB, 0x82AC, 0x7AAC, 0x7A8C, 0x728C, 0x6A6D, 0x626D, 0x626D, 0x624C, 0x5A4C,   // 0x03C0 (960)
0x5A4D, 0x5A4D, 0x5A6D, 0x5A6D, 0x5A6E, 0x528E, 0x528F, 0x528F, 0x528F, 0x52AF, 0x52AF, 0x52AF, 0x52B0, 0x52D0, 0x52D0, 0x52D0,   // 0x03D0 (976)
0x4AD1, 0x4AD1, 0x3AD2, 0x2AD2, 0x22D3, 0x32B2, 0x4290, 0x4A8F, 0x4A6E, 0x4A4D, 0x4A2D, 0x422D, 0x4A2C, 0x4A2C, 0x4A2D, 0x422D,   // 0x03E0 (992)
0x424D, 0x424E, 0x424E, 0x424D, 0x4A4D, 0x4A4D, 0x426E, 0x426F, 0x3A4F, 0x3A2E, 0x3A2D, 0x422C, 0x422C, 0x422C, 0x422C, 0x424D,   // 0x03F0 (1008)
0x424D, 0x424D, 0x424E, 0x426F, 0x428F, 0x4A6D, 0x526D, 0x5A8E, 0x526E, 0x422D, 0x422D, 0x39EB, 0x31AA, 0x31A9, 0x39A9, 0x39A9,   // 0x0400 (1024)
0x41CA, 0x41EA, 0x41EB, 0x41EB, 0x41EB, 0x41EB, 0x49EB, 0x4A0B, 0x4A0B, 0x4A0B, 0x4A0B, 0x4A0C, 0x522C, 0x522D, 0x524D, 0x524D,   // 0x0410 (1040)
0x524D, 0x5A4D, 0x5A4D, 0x624C, 0x624C, 0x6A4C, 0x726B, 0x7A8B, 0x7AAC, 0x7A8C, 0x7AAC, 0x728C, 0x728D, 0x728D, 0x728E, 0x7AAE,   // 0x0420 (1056)
0x7ACE, 0x82CE, 0x8AEE, 0x8AEE, 0x9B0D, 0xA30D, 0xAB4D, 0xAB2D, 0xAB2D, 0xB34D, 0xC36D, 0xD3AD, 0xE3CC, 0xEBEC, 0xEBEC, 0xE3CC,   // 0x0430 (1072)
0xDBAC, 0xBB4C, 0xB32C, 0x92CB, 0x8AAB, 0x8AAB, 0x92CB, 0x8ACB, 0x8ACB, 0x82AC, 0x7AAC, 0x728C, 0x6A6C, 0x626C, 0x624C, 0x5A4C,   // 0x0440 (1088)
0x5A4D, 0x5A4D, 0x5A6D, 0x5A6D, 0x5A6D, 0x526E, 0x526E, 0x528E, 0x528F, 0x52AF, 0x52AF, 0x52AF, 0x5AAF, 0x52B0, 0x5AB0, 0x52D0,   // 0x0450 (1104)
0x52D1, 0x52F2, 0x42F2, 0x22F4, 0x2314, 0x4AF2, 0x52D0, 0x62D0, 0x5ACF, 0x528E, 0x526E, 0x4A6D, 0x4A4D, 0x4A4D, 0x4A4D, 0x4A4D,   // 0x0460 (1120)
0x4A4D, 0x4A4D, 0x4A4D, 0x4A4D, 0x4A6E, 0x4A6E, 0x426F, 0x3A4F, 0x324F, 0x3A4E, 0x422C, 0x422C, 0x4A2C, 0x4A2C, 0x4A2C, 0x4A4C,   // 0x0470 (1136)
0x4A4D, 0x4A6E, 0x428F, 0x42B0, 0x4A6E, 0x4A2C, 0x4A4C, 0x526D, 0x4A4D, 0x420C, 0x39EB, 0x31CA, 0x31A9, 0x31A9, 0x39A9, 0x39C9,   // 0x0480 (1152)
0x41CA, 0x41CA, 0x41EA, 0x41EA, 0x49EB, 0x49EB, 0x49EB, 0x49EA, 0x49EB, 0x49EB, 0x520B, 0x520B, 0x520C, 0x522C, 0x522C, 0x522C,   // 0x0490 (1168)
0x524D, 0x524C, 0x5A4C, 0x5A2C, 0x5A2C, 0x624C, 0x6A4B, 0x6A4C, 0x728C, 0x728C, 0x728C, 0x728D, 0x6A8D, 0x6AAE, 0x72AE, 0x72CE,   // 0x04A0 (1184)
0x7ACE, 0x82CE, 0x8ACE, 0x930D, 0xA30D, 0xB34D, 0xCB8D, 0xCB8D, 0xCB8D, 0xC36D, 0xC36D, 0xCB8D, 0xDBCD, 0xCB8C, 0xD3AC, 0xC36C,   // 0x04B0 (1200)
0xAB0C, 0x92CC, 0x92CB, 0x8AAB, 0x92AB, 0x9AEB, 0xA2EB, 0x9AEB, 0x9AEC, 0x8ACB, 0x82AC, 0x7AAC, 0x728C, 0x6A8C, 0x626C, 0x5A6D,   // 0x04C0 (1216)
0x5A4C, 0x5A6C, 0x5A6C, 0x5A6D, 0x5A6D, 0x5A6E, 0x526E, 0x528E, 0x528E, 0x52AF, 0x52AF, 0x528F, 0x5AAF, 0x5AAF, 0x5AAF, 0x5AD0,   // 0x04D0 (1232)
0x52F1, 0x5312, 0x5313, 0x4334, 0x4B54, 0x6333, 0x6B32, 0x6AF0, 0x62CF, 0x5ACF, 0x5AAE, 0x528E, 0x526D, 0x4A4D, 0x4A4D, 0x4A4D,   // 0x04E0 (1248)
0x4A4D, 0x4A4D, 0x4A4D, 0x4A4D, 0x526E, 0x528E, 0x424E, 0x3A4E, 0x3A4E, 0x422D, 0x422C, 0x4A2C, 0x4A2B, 0x4A2C, 0x4A2C, 0x524C,   // 0x04F0 (1264)
0x5A8D, 0x62CF, 0x6B11, 0x52D0, 0x4A6D, 0x4A2C, 0x4A2C, 0x4A2C, 0x420B, 0x39EB, 0x39CA, 0x31AA, 0x31A9, 0x39A9, 0x39A9, 0x39C9,   // 0x0500 (1280)
0x41CA, 0x41CA, 0x41EA, 0x49EA, 0x49EA, 0x49EA, 0x49EA, 0x49EB, 0x49EB, 0x49EB, 0x520B, 0x520B, 0x520B, 0x520C, 0x522C, 0x522C,   // 0x0510 (1296)
0x522C, 0x522C, 0x5A2C, 0x5A2C, 0x5A2C, 0x5A4C, 0x624C, 0x624C, 0x626C, 0x6A6C, 0x6A6D, 0x628D, 0x628E, 0x5AD0, 0x5AD0, 0x62B0,   // 0x0520 (1312)
0x6AAF, 0x72CE, 0x7ACE, 0x8AED, 0xAB2D, 0xBB6D, 0xD3AD, 0xDBCD, 0xD3AD, 0xC36D, 0xA30D, 0xA30D, 0xAB2C, 0x92CC, 0xAB2C, 0xA30C,   // 0x0530 (1328)
0x8AAC, 0x82AC, 0x8AAB, 0x92CB, 0x92EB, 0x9AEB, 0xA30B, 0xA30B, 0xA30C, 0x92EC, 0x82CC, 0x7AAC, 0x7AAC, 0x728C, 0x6A8D, 0x626D,   // 0x0540 (1344)
0x626D, 0x5A6D, 0x5A6D, 0x5A6D, 0x5A6D, 0x5A6E, 0x5A6E, 0x528E, 0x528E, 0x528F, 0x528F, 0x52AF, 0x528E, 0x5AAE, 0x5AAF, 0x5ACF,   // 0x0550 (1360)
0x52F1, 0x5312, 0x5B53, 0x5354, 0x6374, 0x7353, 0x7B52, 0x7B31, 0x730F, 0x62CE, 0x62AE, 0x5A8E, 0x526D, 0x526D, 0x526E, 0x526E,   // 0x0560 (1376)
0x528E, 0x526E, 0x526D, 0x524D, 0x526D, 0x5A8E, 0x4A8E, 0x422D, 0x422D, 0x422C, 0x4A2C, 0x4A2C, 0x4A2B, 0x524C, 0x524C, 0x62AE,   // 0x0570 (1392)
0x7B0F, 0x8B30, 0x7310, 0x5A8E, 0x4A4C, 0x420C, 0x420B, 0x41EB, 0x39CA, 0x39CA, 0x31AA, 0x31AA, 0x31A9, 0x39A9, 0x39A9, 0x39C9,   // 0x0580 (1408)
0x41EA, 0x41CA, 0x41EA, 0x41EA, 0x49EA, 0x49EA, 0x49EA, 0x49EB, 0x49EB, 0x49EB, 0x520B, 0x520B, 0x520B, 0x520B, 0x522B, 0x522C,   // 0x0590 (1424)
0x522C, 0x522C, 0x522C, 0x5A4C, 0x5A4C, 0x5A4C, 0x5A4C, 0x5A4C, 0x624C, 0x626D, 0x628E, 0x5A8F, 0x5AD0, 0x5AF1, 0x5AF1, 0x5AD1,   // 0x05A0 (1440)
0x62B0, 0x62AF, 0x62AF, 0x72AE, 0x82AD, 0x92ED, 0xAB2D, 0xAB4D, 0xA32D, 0x8AED, 0x7A8D, 0x7AAD, 0x7A8C, 0x728D, 0x7A8C, 0x7AAC,   // 0x05B0 (1456)
0x82AC, 0x8ACC, 0x92CC, 0x9AEC, 0x9AEC, 0x9B0C, 0x9B0C, 0x9AEC, 0x9AEB, 0x92EC, 0x82CC, 0x82AC, 0x7AAC, 0x72AD, 0x6A8D, 0x628D,   // 0x05C0 (1472)
0x626D, 0x626D, 0x5A6D, 0x5A6D, 0x5A6D, 0x5A6D, 0x5A6E, 0x5A8E, 0x5A8E, 0x528E, 0x528E, 0x528E, 0x528E, 0x5A8E, 0x62AE, 0x62AE,   // 0x05D0 (1488)
0x5AD0, 0x5B12, 0x5B33, 0x5B33, 0x6B33, 0x7B72, 0x8351, 0x8B71, 0x7B0F, 0x62CE, 0x62AE, 0x5A8E, 0x5AAE, 0x5AAE, 0x528E, 0x528F,   // 0x05E0 (1504)
0x62AF, 0x5A8E, 0x5A8E, 0x526D, 0x526D, 0x526D, 0x4A6E, 0x4A4D, 0x4A2C, 0x4A2C, 0x4A2C, 0x524C, 0x522C, 0x5A4C, 0x628D, 0x7B0F,   // 0x05F0 (1520)
0x9350, 0x8B50, 0x72CE, 0x5A8D, 0x4A2C, 0x420B, 0x41EB, 0x39CA, 0x39CA, 0x39CA, 0x31AA, 0x31AA, 0x39A9, 0x39A9, 0x39A9, 0x39C9,   // 0x0600 (1536)
0x41EA, 0x41EA, 0x41EA, 0x49EA, 0x49EB, 0x49EB, 0x4A0B, 0x4A0B, 0x4A0B, 0x4A0B, 0x520B, 0x522B, 0x522B, 0x522B, 0x522B, 0x522C,   // 0x0610 (1552)
0x522C, 0x522C, 0x524C, 0x524D, 0x524D, 0x526D, 0x526D, 0x5A6D, 0x5A6E, 0x5A6D, 0x5A8E, 0x5AAF, 0x5AF1, 0x5B12, 0x5AF2, 0x5AF1,   // 0x0620 (1568)
0x5AD1, 0x5AB0, 0x62AF, 0x628E, 0x6A8D, 0x728D, 0x7AAD, 0x7AAD, 0x728D, 0x6A8D, 0x626D, 0x6A6D, 0x6A6D, 0x6A6D, 0x728C, 0x7AAC,   // 0x0630 (1584)
0x82AC, 0x8ACC, 0x92CC, 0x9AEC, 0xA30C, 0xA30C, 0xA30C, 0xA30C, 0x9AEC, 0x8ACC, 0x8ACC, 0x82CD, 0x7AAD, 0x72AD, 0x728D, 0x6A8D,   // 0x0640 (1600)
0x628D, 0x628D, 0x626D, 0x5A6D, 0x5A6D, 0x5A6D, 0x5A6D, 0x5A8E, 0x5A6E, 0x526E, 0x526E, 0x528E, 0x528E, 0x5A8E, 0x5A8E, 0x62AE,   // 0x0650 (1616)
0x5AAF, 0x5AF0, 0x5B12, 0x6312, 0x6B31, 0x7B52, 0x7B51, 0x8B71, 0x7B10, 0x6ACE, 0x6ACE, 0x6ACE, 0x6ACF, 0x62CF, 0x5AD0, 0x5AD0,   // 0x0660 (1632)
0x62CF, 0x62AF, 0x5A8E, 0x5A8E, 0x524D, 0x524D, 0x4A4D, 0x4A4D, 0x4A2C, 0x4A4C, 0x524C, 0x524C, 0x524C, 0x5A6D, 0x6ACE, 0x8B50,   // 0x0670 (1648)
0x9370, 0x832F, 0x72CE, 0x5A6D, 0x4A2B, 0x41EB, 0x39EA, 0x39CA, 0x39CA, 0x39CA, 0x39CA, 0x39A9, 0x39A9, 0x39A9, 0x39A9, 0x39A9,   // 0x0680 (1664)
0x41EA, 0x41EA, 0x4A0B, 0x4A0A, 0x49EB, 0x4A0B, 0x4A0B, 0x4A0B, 0x4A0B, 0x522B, 0x522C, 0x522C, 0x524C, 0x524C, 0x522C, 0x522C,   // 0x0690 (1680)
0x522C, 0x524C, 0x524D, 0x526E, 0x526E, 0x526E, 0x526F, 0x528F, 0x5AAF, 0x5AAF, 0x5AD0, 0x5AF1, 0x5AF2, 0x5B12, 0x5AF2, 0x52F1,   // 0x06A0 (1696)
0x5AB0, 0x5AAF, 0x5AAF, 0x5A8E, 0x628E, 0x628D, 0x6A6D, 0x6A8D, 0x626D, 0x5A6D, 0x5A6D, 0x626D, 0x626D, 0x6A8D, 0x728C, 0x7AAC,   // 0x06B0 (1712)
0x82AC, 0x8ACC, 0x92EC, 0x9B0C, 0xA32C, 0xAB2C, 0xAB2C, 0xA32C, 0x9B0C, 0x8AEC, 0x8AEC, 0x82CD, 0x7ACD, 0x72AD, 0x72AD, 0x6A8D,   // 0x06C0 (1728)
0x6A8D, 0x628D, 0x628D, 0x626D, 0x626D, 0x5A8D, 0x5A6D, 0x5A8D, 0x5A8D, 0x5A6D, 0x526D, 0x526D, 0x526D, 0x5A6D, 0x5A8D, 0x628E,   // 0x06D0 (1744)
0x5AAE, 0x62CF, 0x62F0, 0x6311, 0x6B11, 0x7311, 0x7330, 0x7310, 0x72EF, 0x72EF, 0x730F, 0x7310, 0x7330, 0x6B10, 0x62F0, 0x62F1,   // 0x06E0 (1760)
0x6AF0, 0x62CF, 0x5AAE, 0x5A8E, 0x526D, 0x526D, 0x4A6E, 0x4A8E, 0x526D, 0x526D, 0x524D, 0x524C, 0x526D, 0x5A8E, 0x6ACE, 0x830F,   // 0x06F0 (1776)
0x7B0E, 0x6AAD, 0x628D, 0x524C, 0x4A0B, 0x41EB, 0x41EA, 0x41EA, 0x39EA, 0x39CA, 0x39C9, 0x39A9, 0x39A9, 0x39A9, 0x39A9, 0x39C9,   // 0x0700 (1792)
0x41EA, 0x41EA, 0x41EA, 0x4A0A, 0x4A0B, 0x4A0B, 0x4A0B, 0x4A0B, 0x4A2B, 0x4A2C, 0x524D, 0x524D, 0x526D, 0x526E, 0x526D, 0x526D,   // 0x0710 (1808)
0x526D, 0x526D, 0x526E, 0x526E, 0x528E, 0x52AF, 0x52D0, 0x52D0, 0x52D1, 0x52F1, 0x5B12, 0x5B12, 0x5AF1, 0x52F1, 0x5AD1, 0x52B0,   // 0x0720 (1824)
0x5A8F, 0x5AAF, 0x5A8F, 0x5A8E, 0x5A6E, 0x5A6E, 0x626D, 0x626D, 0x626D, 0x626D, 0x626D, 0x626D, 0x626D, 0x6A8C, 0x728C, 0x7AAC,   // 0x0730 (1840)
0x82CC, 0x8AED, 0x930C, 0xA30C, 0xB34C, 0xBB6C, 0xB36C, 0xA32C, 0x9B0C, 0x92EC, 0x8AEC, 0x82ED, 0x7ACD, 0x72AD, 0x72AE, 0x6AAD,   // 0x0740 (1856)
0x6A8D, 0x6A8D, 0x628D, 0x628D, 0x628D, 0x628D, 0x5A8D, 0x5A8D, 0x5A6D, 0x5A6D, 0x526D, 0x526D, 0x526D, 0x5A6D, 0x5A6D, 0x5A8D,   // 0x0750 (1872)
0x628E, 0x62AE, 0x62AF, 0x62CF, 0x6AF0, 0x6AF0, 0x6AEF, 0x6ACE, 0x6ACE, 0x72EF, 0x730F, 0x8350, 0x8350, 0x7310, 0x6B10, 0x6311,   // 0x0760 (1888)
0x62F0, 0x62CF, 0x5AAE, 0x5A6E, 0x526D, 0x526E, 0x528E, 0x528E, 0x526E, 0x526D, 0x526D, 0x526D, 0x528E, 0x528E, 0x62AE, 0x6ACE,   // 0x0770 (1904)
0x6AAE, 0x628D, 0x5A6C, 0x4A2B, 0x420B, 0x41EA, 0x41EA, 0x41EA, 0x41EA, 0x39CA, 0x39C9, 0x39A9, 0x39A9, 0x39A9, 0x39A8, 0x39A8,   // 0x0780 (1920)
0x420B, 0x420B, 0x420B, 0x4A0B, 0x420B, 0x4A0B, 0x4A0B, 0x4A2B, 0x4A2C, 0x522C, 0x524D, 0x526D, 0x528E, 0x528E, 0x52AF, 0x52AF,   // 0x0790 (1936)
0x52AF, 0x52AF, 0x52AF, 0x528F, 0x528F, 0x52B0, 0x52F1, 0x52F2, 0x5312, 0x5312, 0x5B12, 0x52F1, 0x52D1, 0x52D1, 0x52D0, 0x52B0,   // 0x07A0 (1952)
0x52AF, 0x528F, 0x528E, 0x526E, 0x526E, 0x5A6D, 0x5A6D, 0x5A6C, 0x624C, 0x626C, 0x626C, 0x6A6C, 0x728C, 0x7AAC, 0x7AAC, 0x82CC,   // 0x07B0 (1968)
0x8ACC, 0x92EC, 0xA32C, 0xB36C, 0xC36C, 0xC38C, 0xBB6D, 0xB34D, 0xAB4D, 0x930D, 0x8AED, 0x82ED, 0x82CD, 0x7ACE, 0x7AAE, 0x72AD,   // 0x07C0 (1984)
0x72AD, 0x728D, 0x6A8D, 0x6A8D, 0x628D, 0x628D, 0x626D, 0x5A6D, 0x5A6D, 0x5A6D, 0x526D, 0x526D, 0x524D, 0x524C, 0x5A6C, 0x5A6C,   // 0x07D0 (2000)
0x5A6D, 0x628D, 0x628D, 0x628E, 0x62AE, 0x6ACF, 0x6ACE, 0x6ACE, 0x6AEF, 0x72EF, 0x730F, 0x7B30, 0x7B50, 0x7330, 0x6B10, 0x6AF0,   // 0x07E0 (2016)
0x62CF, 0x62AE, 0x5A8E, 0x5A8E, 0x5A6E, 0x528E, 0x528E, 0x528E, 0x528E, 0x528E, 0x52AE, 0x528E, 0x5A8E, 0x5A8E, 0x5A8E, 0x628D,   // 0x07F0 (2032)
0x628D, 0x5A6C, 0x522B, 0x4A2B, 0x4A0A, 0x41EA, 0x41EA, 0x41EA, 0x41EA, 0x39C9, 0x39C9, 0x39C9, 0x41A9, 0x39A8, 0x39A8, 0x41A8,   // 0x0800 (2048)
0x420B, 0x420B, 0x420B, 0x4A0B, 0x4A0B, 0x4A0B, 0x4A2B, 0x4A2B, 0x4A2B, 0x4A2C, 0x524C, 0x526D, 0x526D, 0x526E, 0x528F, 0x52B0,   // 0x0810 (2064)
0x52B0, 0x52D0, 0x52B0, 0x528F, 0x528F, 0x52AF, 0x52D1, 0x5312, 0x5312, 0x5312, 0x52D1, 0x52D1, 0x52D1, 0x52D1, 0x52D1, 0x52D1,   // 0x0820 (2080)
0x52B0, 0x528F, 0x526E, 0x526E, 0x526E, 0x526D, 0x524D, 0x5A4C, 0x5A4C, 0x5A4C, 0x624C, 0x626C, 0x6A6C, 0x728B, 0x82AB, 0x8ACC,   // 0x0830 (2096)
0x92EC, 0xA30C, 0xBB6C, 0xC3AC, 0xD3AC, 0xD3CC, 0xCBAD, 0xBB8D, 0xC3AD, 0xBB8D, 0xA34D, 0xA34E, 0x8AEE, 0x7AEE, 0x7ACE, 0x7ACD,   // 0x0840 (2112)
0x72AD, 0x72AD, 0x6AAD, 0x6AAD, 0x6A8D, 0x628D, 0x628D, 0x626D, 0x5A6D, 0x5A6C, 0x5A6D, 0x526D, 0x524C, 0x524C, 0x5A4C, 0x5A4C,   // 0x0850 (2128)
0x5A6C, 0x626C, 0x628D, 0x5A8D, 0x628D, 0x6AAE, 0x6ACE, 0x6ACE, 0x6AEF, 0x72EF, 0x730F, 0x7330, 0x7310, 0x7330, 0x7331, 0x62CF,   // 0x0860 (2144)
0x62AE, 0x5A8E, 0x5A8E, 0x5A6D, 0x5A6D, 0x5A6D, 0x5A6D, 0x5A8D, 0x5AAF, 0x52D0, 0x52D0, 0x528F, 0x5A8E, 0x5AAE, 0x5A8D, 0x5A8D,   // 0x0870 (2160)
0x526C, 0x524B, 0x522B, 0x4A2B, 0x4A0B, 0x4A0A, 0x41EA, 0x41EA, 0x41C9, 0x41C9, 0x41C9, 0x41C9, 0x41C9, 0x41C9, 0x41A8, 0x41A8,   // 0x0880 (2176)
0x420B, 0x420B, 0x420B, 0x4A0B, 0x4A0B, 0x4A0B, 0x4A0B, 0x4A2B, 0x4A2B, 0x4A2C, 0x4A2C, 0x4A4C, 0x526C, 0x526D, 0x526D, 0x526E,   // 0x0890 (2192)
0x528E, 0x528E, 0x528E, 0x528E, 0x528E, 0x528E, 0x528F, 0x52B0, 0x52D0, 0x52D0, 0x52D0, 0x52D0, 0x52D0, 0x52D0, 0x52D1, 0x52D1,   // 0x08A0 (2208)
0x52B0, 0x52AF, 0x528F, 0x528E, 0x528E, 0x526D, 0x5A4D, 0x5A4C, 0x5A4C, 0x5A4C, 0x5A6C, 0x624C, 0x626C, 0x6A6C, 0x728C, 0x82AB,   // 0x08B0 (2224)
0x8ACC, 0xA32C, 0xCBAC, 0xE3EC, 0xEC4C, 0xEC2C, 0xDBCD, 0xBB8D, 0xC3AD, 0xD3ED, 0xD3EE, 0xD3EE, 0xC3AE, 0xAB6E, 0xA34E, 0x9B4E,   // 0x08C0 (2240)
0xAB6E, 0xA34E, 0x9B2E, 0x82ED, 0x6AAD, 0x62AD, 0x628D, 0x628D, 0x626D, 0x5A6C, 0x5A6C, 0x5A6D, 0x524C, 0x524C, 0x5A4C, 0x5A4C,   // 0x08D0 (2256)
0x5A4C, 0x5A6C, 0x5A6D, 0x5A6D, 0x5A8D, 0x628D, 0x62AD, 0x6AAE, 0x6ACE, 0x6AEF, 0x72EF, 0x7310, 0x6B0F, 0x6B10, 0x6B10, 0x62EF,   // 0x08E0 (2272)
0x62AE, 0x5A8E, 0x5A8E, 0x5A8E, 0x5A6D, 0x5A6D, 0x5A8D, 0x5A8E, 0x5AAE, 0x52AE, 0x52AF, 0x528E, 0x528E, 0x528E, 0x526D, 0x526C,   // 0x08F0 (2288)
0x524C, 0x524B, 0x524B, 0x522B, 0x4A0B, 0x4A0A, 0x49EA, 0x41EA, 0x41E9, 0x41C9, 0x41C9, 0x41E9, 0x49E9, 0x41C9, 0x41A8, 0x41C8,   // 0x0900 (2304)
0x4A0B, 0x4A0B, 0x4A0B, 0x4A0B, 0x4A0B, 0x4A0B, 0x4A0B, 0x4A2B, 0x4A2B, 0x4A2B, 0x4A2B, 0x4A4C, 0x4A4C, 0x524C, 0x524D, 0x526D,   // 0x0910 (2320)
0x526D, 0x526D, 0x526E, 0x526E, 0x528E, 0x526E, 0x526E, 0x528E, 0x528E, 0x528E, 0x528E, 0x528F, 0x528F, 0x528F, 0x528F, 0x528F,   // 0x0920 (2336)
0x528F, 0x528F, 0x528F, 0x528F, 0x528F, 0x528E, 0x5A6D, 0x5A6C, 0x5A4C, 0x5A4C, 0x5A6C, 0x624C, 0x626C, 0x626C, 0x6A6B, 0x728B,   // 0x0930 (2352)
0x82AB, 0x9AEB, 0xC36B, 0xE3EB, 0xF46B, 0xF46B, 0xEC2C, 0xD3CD, 0xBB8D, 0xD3EE, 0xDC0E, 0xE44E, 0xEC6E, 0xF48E, 0xEC4E, 0xE44E,   // 0x0940 (2368)
0xEC8E, 0xF4AE, 0xDC2E, 0xC3CE, 0x9B4E, 0x6AAD, 0x62AD, 0x628D, 0x628D, 0x626C, 0x5A6D, 0x5A6C, 0x5A4C, 0x524C, 0x5A4C, 0x5A4B,   // 0x0950 (2384)
0x5A4B, 0x5A4C, 0x5A6C, 0x5A6C, 0x5A6D, 0x626C, 0x626C, 0x628D, 0x62AD, 0x62AE, 0x6AAE, 0x62CE, 0x62AE, 0x62CF, 0x5ACF, 0x62AF,   // 0x0960 (2400)
0x62AE, 0x5AAE, 0x5AAE, 0x5AAE, 0x5A8D, 0x5A6C, 0x5A6D, 0x526D, 0x526D, 0x526D, 0x528E, 0x526D, 0x526D, 0x524D, 0x524C, 0x524C,   // 0x0970 (2416)
0x4A4B, 0x4A2B, 0x4A2B, 0x4A0B, 0x4A0A, 0x49EA, 0x49EA, 0x49E9, 0x49E9, 0x41EA, 0x41EA, 0x41EA, 0x49E9, 0x49C9, 0x49C9, 0x49C8,   // 0x0980 (2432)
0x4A2B, 0x4A2B, 0x4A2B, 0x4A2B, 0x4A0B, 0x4A2B, 0x4A2B, 0x4A2B, 0x4A2B, 0x4A2B, 0x4A2B, 0x4A2C, 0x4A2C, 0x4A2C, 0x4A4C, 0x4A4D,   // 0x0990 (2448)
0x524D, 0x524D, 0x526D, 0x526D, 0x526D, 0x526D, 0x526D, 0x526D, 0x4A6D, 0x4A6D, 0x4A6E, 0x4A6E, 0x526E, 0x526E, 0x526E, 0x4A6E,   // 0x09A0 (2464)
0x4A6E, 0x528E, 0x528E, 0x528F, 0x52AF, 0x5AAF, 0x5AAF, 0x5A8D, 0x5A6D, 0x5A6C, 0x5A4C, 0x5A4C, 0x5A4C, 0x624B, 0x624B, 0x726A,   // 0x09B0 (2480)
0x7AAA, 0x92CA, 0xAB2B, 0xC38B, 0xDBEB, 0xEC2B, 0xF44B, 0xEC2C, 0xDC0D, 0xDBED, 0xE42D, 0xD3EE, 0xF4CD, 0xFCED, 0xF4AE, 0xF48E,   // 0x09C0 (2496)
0xEC6E, 0xEC6E, 0xE44E, 0xC3CE, 0xA34E, 0x82ED, 0x6AAD, 0x6AAD, 0x628D, 0x628C, 0x626C, 0x5A6C, 0x5A4C, 0x5A4C, 0x5A2B, 0x5A2B,   // 0x09D0 (2512)
0x5A2B, 0x5A2B, 0x5A4C, 0x5A4C, 0x5A4C, 0x5A4C, 0x5A4C, 0x5A6C, 0x5A6C, 0x5A8C, 0x628D, 0x5A8D, 0x5A8D, 0x5A8E, 0x5A8E, 0x5A8E,   // 0x09E0 (2528)
0x5AAE, 0x5AAE, 0x5AAF, 0x5AAE, 0x5A8C, 0x5A6C, 0x5A4C, 0x526C, 0x526D, 0x526C, 0x524C, 0x4A4D, 0x4A4C, 0x4A4C, 0x524C, 0x524C,   // 0x09F0 (2544)
0x524C, 0x4A2B, 0x4A0B, 0x4A0A, 0x41EA, 0x41EA, 0x49EA, 0x49EA, 0x41EA, 0x41EA, 0x41EA, 0x41EA, 0x41E9, 0x49E9, 0x49C9, 0x49E9,   // 0x0A00 (2560)
0x4A2B, 0x4A2B, 0x4A2B, 0x4A2B, 0x4A2B, 0x4A2B, 0x4A2B, 0x4A2B, 0x4A2B, 0x4A2B, 0x4A2B, 0x4A4C, 0x4A4C, 0x522C, 0x4A4C, 0x4A4C,   // 0x0A10 (2576)
0x4A4C, 0x4A4C, 0x524C, 0x524C, 0x524D, 0x4A6D, 0x4A4D, 0x4A6D, 0x524D, 0x4A6D, 0x4A6D, 0x4A6D, 0x4A6D, 0x4A6D, 0x4A6D, 0x4A6D,   // 0x0A20 (2592)
0x4A6D, 0x4A4D, 0x4A6E, 0x526E, 0x528E, 0x528F, 0x52AF, 0x5AAE, 0x5A8E, 0x5A6D, 0x5A4C, 0x5A4C, 0x5A4B, 0x5A4B, 0x624A, 0x6A6A,   // 0x0A30 (2608)
0x726A, 0x82AA, 0x9AEA, 0xB34B, 0xCBAA, 0xDBEB, 0xEC2B, 0xF46B, 0xF48C, 0xF48D, 0xF46D, 0xDC2D, 0xEC8D, 0xFD0D, 0xFD0D, 0xF4AE,   // 0x0A40 (2624)
0xCBCE, 0xD40E, 0xB38E, 0xB3AE, 0x8B2E, 0x72CD, 0x6AAD, 0x6A8D, 0x628D, 0x628C, 0x626C, 0x5A6C, 0x5A4C, 0x5A4C, 0x5A4C, 0x5A2B,   // 0x0A50 (2640)
0x5A2B, 0x5A2B, 0x5A2B, 0x5A2B, 0x522B, 0x5A2B, 0x5A2B, 0x5A4B, 0x5A4C, 0x5A6C, 0x5A4C, 0x5A4C, 0x5A6C, 0x5A6C, 0x5A6C, 0x5A6C,   // 0x0A60 (2656)
0x5A8D, 0x5A8E, 0x5A8D, 0x5A6C, 0x5A6C, 0x5A4C, 0x524C, 0x524C, 0x4A4C, 0x4A4C, 0x4A4C, 0x4A2B, 0x4A2C, 0x524C, 0x524C, 0x524C,   // 0x0A70 (2672)
0x4A2B, 0x4A0B, 0x4A0A, 0x41EA, 0x41EA, 0x41EA, 0x41EA, 0x41EA, 0x41EA, 0x41EA, 0x41E9, 0x41E9, 0x41E9, 0x49E9, 0x49E9, 0x49E9,   // 0x0A80 (2688)
0x4A2B, 0x4A2B, 0x4A2B, 0x4A2B, 0x4A2B, 0x4A2B, 0x4A2B, 0x4A4B, 0x4A4C, 0x524C, 0x524C, 0x524C, 0x524C, 0x524C, 0x4A4C, 0x524C,   // 0x0A90 (2704)
0x524C, 0x524C, 0x524C, 0x524C, 0x524C, 0x4A4C, 0x4A4D, 0x4A4C, 0x4A4D, 0x4A4D, 0x4A4D, 0x4A4D, 0x4A4D, 0x4A4D, 0x4A4D, 0x4A4D,   // 0x0AA0 (2720)
0x4A4D, 0x4A4D, 0x4A4D, 0x4A4D, 0x4A4D, 0x4A4D, 0x524D, 0x526D, 0x526D, 0x526C, 0x524C, 0x5A2C, 0x5A2B, 0x5A4B, 0x624A, 0x624A,   // 0x0AB0 (2736)
0x6A6A, 0x7A8A, 0x8ACA, 0x9B0A, 0xAB4A, 0xC3AA, 0xDBEB, 0xEC4B, 0xF48B, 0xFCCC, 0xFCAC, 0xF48C, 0xF48D, 0xFCCD, 0xFD0D, 0xFD2D,   // 0x0AC0 (2752)
0xFCED, 0xF4CE, 0xA36E, 0x82EE, 0x8B0E, 0x7AED, 0x72AD, 0x6AAD, 0x6A8D, 0x628C, 0x626C, 0x5A6C, 0x5A4C, 0x5A4C, 0x5A4B, 0x5A4B,   // 0x0AD0 (2768)
0x5A2B, 0x5A2B, 0x5A2B, 0x5A2B, 0x522B, 0x522B, 0x522B, 0x5A2B, 0x522B, 0x522B, 0x522B, 0x522B, 0x522B, 0x522B, 0x524B, 0x5A4B,   // 0x0AE0 (2784)
0x5A4C, 0x5A6C, 0x5A4B, 0x5A4B, 0x5A4B, 0x524C, 0x524C, 0x4A2B, 0x4A2B, 0x4A2B, 0x4A2B, 0x4A2B, 0x4A2B, 0x524C, 0x524C, 0x4A2B,   // 0x0AF0 (2800)
0x4A0B, 0x41EA, 0x41EA, 0x41EA, 0x41EA, 0x41EA, 0x41EA, 0x41EA, 0x49EA, 0x41E9, 0x41EA, 0x41EA, 0x41E9, 0x41EA, 0x41E9, 0x49EA,   // 0x0B00 (2816)
0x524C, 0x524C, 0x522B, 0x524B, 0x524B, 0x4A2B, 0x524B, 0x524B, 0x522B, 0x524C, 0x524C, 0x524C, 0x524C, 0x524C, 0x524C, 0x524C,   // 0x0B10 (2832)
0x524C, 0x524C, 0x524C, 0x524C, 0x526C, 0x524C, 0x526C, 0x526D, 0x526D, 0x526D, 0x526D, 0x526D, 0x526D, 0x526D, 0x4A4D, 0x4A4D,   // 0x0B20 (2848)
0x4A4D, 0x4A4D, 0x4A4D, 0x4A4C, 0x522C, 0x524C, 0x524C, 0x524C, 0x524C, 0x524C, 0x524C, 0x5A2C, 0x5A4B, 0x5A4B, 0x624A, 0x624A,   // 0x0B30 (2864)
0x6A6A, 0x6A6A, 0x7A8A, 0x82CA, 0x92EA, 0xAB4A, 0xCBAA, 0xE40B, 0xF46B, 0xF4AB, 0xFCCB, 0xFCCC, 0xF4AC, 0xF4AD, 0xFCED, 0xFD0C,   // 0x0B40 (2880)
0xFD0D, 0xFD0D, 0xEC8E, 0xA36E, 0x82ED, 0x9B4E, 0x82ED, 0x6AAD, 0x6A8D, 0x6A8C, 0x626C, 0x626C, 0x624C, 0x5A4B, 0x5A4B, 0x5A4B,   // 0x0B50 (2896)
0x5A4B, 0x5A2B, 0x5A2B, 0x522B, 0x522A, 0x520A, 0x520A, 0x522B, 0x522B, 0x522B, 0x522A, 0x522A, 0x522A, 0x522B, 0x522B, 0x522B,   // 0x0B60 (2912)
0x5A4B, 0x5A4B, 0x5A4B, 0x5A4B, 0x522B, 0x522B, 0x522B, 0x522B, 0x524B, 0x4A2B, 0x4A2B, 0x4A2B, 0x4A2B, 0x4A2B, 0x4A2B, 0x4A0B,   // 0x0B70 (2928)
0x49EA, 0x49EA, 0x49EA, 0x49EA, 0x49EA, 0x49EA, 0x49E9, 0x49E9, 0x49E9, 0x41EA, 0x41EA, 0x41EA, 0x41E9, 0x41E9, 0x41E9, 0x41EA,   // 0x0B80 (2944)
0x524C, 0x524C, 0x524C, 0x524C, 0x524B, 0x524B, 0x524C, 0x524C, 0x524C, 0x524C, 0x524C, 0x526C, 0x526C, 0x5A4C, 0x526C, 0x526D,   // 0x0B90 (2960)
0x526D, 0x526D, 0x526D, 0x526D, 0x526D, 0x526D, 0x526D, 0x526D, 0x526D, 0x528D, 0x528E, 0x528E, 0x528E, 0x526E, 0x526D, 0x526D,   // 0x0BA0 (2976)
0x526D, 0x4A6D, 0x524C, 0x524C, 0x524C, 0x524C, 0x524C, 0x524C, 0x524C, 0x524C, 0x5A4C, 0x5A4C, 0x5A4B, 0x5A4B, 0x5A4B, 0x624A,   // 0x0BB0 (2992)
0x626A, 0x6A6A, 0x728A, 0x7A8A, 0x82AA, 0x930A, 0xAB4A, 0xC3AB, 0xDBEB, 0xEC2B, 0xF46B, 0xF46C, 0xF48C, 0xF4AD, 0xF4CD, 0xFD0C,   // 0x0BC0 (3008)
0xFD2C, 0xFD0D, 0xF4CE, 0xE44E, 0xA36E, 0xAB6E, 0x8B0D, 0x72AD, 0x6A8D, 0x6A6C, 0x626C, 0x626C, 0x624C, 0x624B, 0x624B, 0x5A4B,   // 0x0BD0 (3024)
0x5A4B, 0x5A2B, 0x5A2B, 0x5A2B, 0x5A2B, 0x5A2A, 0x522A, 0x522A, 0x5A0B, 0x5A0A, 0x5A0A, 0x520A, 0x522B, 0x5A2B, 0x5A4B, 0x5A4B,   // 0x0BE0 (3040)
0x5A4B, 0x5A4B, 0x5A4B, 0x5A4B, 0x522B, 0x522B, 0x524B, 0x522B, 0x4A2B, 0x4A2B, 0x4A2B, 0x4A2B, 0x4A2B, 0x4A2B, 0x4A0B, 0x4A0A,   // 0x0BF0 (3056)
0x4A0A, 0x49EA, 0x49EA, 0x49EA, 0x49E9, 0x49E9, 0x49C9, 0x49E9, 0x49E9, 0x49E9, 0x49E9, 0x49E9, 0x49E9, 0x49E9, 0x41E9, 0x41EA,   // 0x0C00 (3072)
0x524C, 0x524C, 0x526C, 0x526C, 0x526C, 0x526C, 0x526C, 0x526C, 0x5A6C, 0x5A6C, 0x5A6C, 0x5A6D, 0x5A6D, 0x5A8D, 0x5A8D, 0x5A8D,   // 0x0C10 (3088)
0x5A8D, 0x5A8D, 0x5A8D, 0x5A8D, 0x5A8D, 0x528E, 0x5A8E, 0x5A8E, 0x528E, 0x52AE, 0x52AE, 0x52AF, 0x52AF, 0x52AF, 0x52AF, 0x52AE,   // 0x0C20 (3104)
0x528E, 0x528D, 0x526D, 0x526C, 0x526C, 0x526C, 0x526C, 0x526C, 0x5A4C, 0x5A4C, 0x5A4C, 0x5A4C, 0x5A4C, 0x5A4B, 0x5A4B, 0x5A4B,   // 0x0C30 (3120)
0x624A, 0x626A, 0x626A, 0x6A6A, 0x728A, 0x7AAA, 0x8AEA, 0x9B0A, 0xAB4A, 0xBB8B, 0xCBAB, 0xDBEC, 0xEC4C, 0xF4AC, 0xFCEC, 0xFD2C,   // 0x0C40 (3136)
0xFD2C, 0xFCED, 0xEC6E, 0xCC0E, 0xC3CE, 0xCBEE, 0xB38D, 0x82ED, 0x72AD, 0x6A8C, 0x6A8C, 0x626C, 0x626C, 0x626C, 0x626C, 0x624B,   // 0x0C50 (3152)
0x5A4B, 0x5A4B, 0x5A4B, 0x5A2A, 0x5A2B, 0x5A2A, 0x5A2A, 0x5A2A, 0x5A2A, 0x5A2A, 0x5A2A, 0x5A2B, 0x5A2B, 0x5A4B, 0x5A4B, 0x5A4A,   // 0x0C60 (3168)
0x5A4B, 0x624A, 0x624B, 0x5A4B, 0x524B, 0x524B, 0x522B, 0x4A2B, 0x4A2B, 0x4A0B, 0x4A0B, 0x4A0B, 0x4A0B, 0x4A0B, 0x4A0A, 0x4A0A,   // 0x0C70 (3184)
0x49EA, 0x49EA, 0x49EA, 0x49EA, 0x49E9, 0x49E9, 0x51E9, 0x51E9, 0x51E9, 0x51E9, 0x51E9, 0x49E9, 0x49E9, 0x49E9, 0x41E9, 0x41EA,   // 0x0C80 (3200)
0x5A6D, 0x5A6D, 0x5A6D, 0x5A8D, 0x5A8C, 0x5A8C, 0x5A8C, 0x5A6C, 0x5A8D, 0x5A8D, 0x5A8D, 0x628D, 0x62AD, 0x62AD, 0x62AD, 0x5AAD,   // 0x0C90 (3216)
0x5AAD, 0x5AAE, 0x5AAE, 0x5AAE, 0x5AAE, 0x5AAE, 0x5ACE, 0x5ACF, 0x5ACF, 0x5ACF, 0x5ACF, 0x5AEF, 0x5AF0, 0x5AF0, 0x5AF0, 0x5ACF,   // 0x0CA0 (3232)
0x52AE, 0x52AE, 0x528E, 0x528D, 0x526D, 0x526C, 0x526C, 0x526C, 0x526C, 0x526C, 0x524C, 0x5A6C, 0x5A4C, 0x5A4C, 0x5A4B, 0x5A4B,   // 0x0CB0 (3248)
0x5A4B, 0x624A, 0x624A, 0x626A, 0x6A6A, 0x6A8A, 0x72AA, 0x82AA, 0x82CA, 0x92EA, 0xA32B, 0xB36B, 0xCBCB, 0xDC0C, 0xEC6C, 0xFCCC,   // 0x0CC0 (3264)
0xFCEC, 0xFCEC, 0xEC8D, 0xDC2E, 0xEC6E, 0xE44E, 0xBBAD, 0x82ED, 0x72AC, 0x72AC, 0x6A8C, 0x6A8C, 0x6A6C, 0x626B, 0x626B, 0x626B,   // 0x0CD0 (3280)
0x624B, 0x624B, 0x5A4B, 0x5A4A, 0x5A2B, 0x5A2B, 0x5A4A, 0x5A4A, 0x5A2A, 0x5A2A, 0x5A2A, 0x5A4A, 0x5A4B, 0x5A4B, 0x624B, 0x624B,   // 0x0CE0 (3296)
0x626B, 0x626B, 0x624B, 0x5A4B, 0x5A4B, 0x522B, 0x522B, 0x522A, 0x4A0A, 0x4A0A, 0x4A0A, 0x4A0A, 0x4A0A, 0x4A0A, 0x4A0A, 0x4A0A,   // 0x0CF0 (3312)
0x49EA, 0x49EA, 0x49EA, 0x49E9, 0x51E9, 0x51E9, 0x51E9, 0x5209, 0x5209, 0x51E9, 0x520A, 0x49E9, 0x49E9, 0x49EA, 0x49EA, 0x4A0A,   // 0x0D00 (3328)
0x39C8, 0x526C, 0x628D, 0x5AAD, 0x5AAD, 0x62AD, 0x5AAD, 0x62AD, 0x62AD, 0x62AD, 0x62AD, 0x62AE, 0x62AE, 0x62CE, 0x62CE, 0x62CE,   // 0x0D10 (3344)
0x62CE, 0x62CE, 0x62CF, 0x62CF, 0x62EF, 0x62EF, 0x62EF, 0x62EF, 0x5AF0, 0x5B10, 0x6331, 0x6332, 0x6352, 0x6352, 0x6331, 0x5AF0,   // 0x0D20 (3360)
0x5AEF, 0x5ACF, 0x5AAF, 0x5AAE, 0x5A8D, 0x5A6D, 0x526C, 0x526C, 0x526C, 0x526D, 0x526C, 0x524C, 0x5A4C, 0x524B, 0x5A4B, 0x5A4B,   // 0x0D30 (3376)
0x5A4B, 0x5A4A, 0x5A4A, 0x624A, 0x624A, 0x626A, 0x6A6A, 0x728A, 0x728A, 0x82AA, 0x8AEA, 0x930B, 0xAB4B, 0xBB8B, 0xCBCB, 0xDC2C,   // 0x0D40 (3392)
0xEC4C, 0xF48C, 0xF48D, 0xF48D, 0xDC2D, 0xD40D, 0xBBAD, 0x82ED, 0x7ACD, 0x72AC, 0x72AC, 0x6AAC, 0x6A8C, 0x6A8C, 0x6A6C, 0x626C,   // 0x0D50 (3408)
0x626B, 0x624B, 0x624B, 0x5A4B, 0x5A4A, 0x5A2A, 0x5A4A, 0x5A4A, 0x5A4A, 0x5A4A, 0x5A4A, 0x5A4A, 0x624B, 0x624B, 0x624B, 0x626B,   // 0x0D60 (3424)
0x626B, 0x626B, 0x624C, 0x5A4C, 0x5A4B, 0x522B, 0x522A, 0x522A, 0x4A0A, 0x4A0A, 0x4A0A, 0x4A0A, 0x4A0A, 0x4A0A, 0x4A0A, 0x520A,   // 0x0D70 (3440)
0x520A, 0x520A, 0x520A, 0x5209, 0x5209, 0x5209, 0x5209, 0x5209, 0x5209, 0x5209, 0x520A, 0x51EA, 0x4A0A, 0x49EA, 0x49EA, 0x4A0A,   // 0x0D80 (3456)
0x2966, 0x31A7, 0x4A2B, 0x62CE, 0x6ACE, 0x6ACE, 0x6ACE, 0x6ACE, 0x6AEE, 0x6AEE, 0x6AEE, 0x6AEE, 0x6AEF, 0x6AEF, 0x6AEF, 0x6B0F,   // 0x0D90 (3472)
0x6AEF, 0x6B0F, 0x6B10, 0x6B10, 0x6B10, 0x6B30, 0x6310, 0x6311, 0x6331, 0x6331, 0x6352, 0x6B93, 0x6352, 0x6332, 0x5B11, 0x5B10,   // 0x0DA0 (3488)
0x5AF0, 0x5AF0, 0x5AF0, 0x5ACF, 0x5AAE, 0x5AAE, 0x5A8D, 0x5A8D, 0x528D, 0x526C, 0x5A6C, 0x5A6C, 0x5A4C, 0x5A4C, 0x5A4B, 0x524B,   // 0x0DB0 (3504)
0x5A4B, 0x5A4B, 0x5A4A, 0x5A4A, 0x5A4A, 0x624A, 0x624A, 0x6A6A, 0x6A8A, 0x728A, 0x7AAA, 0x82CA, 0x92EA, 0xA32B, 0xB38B, 0xC3AC,   // 0x0DC0 (3520)
0xD3EC, 0xE42C, 0xF46C, 0xF48D, 0xF46D, 0xEC4D, 0xEC8D, 0xCC0D, 0xB38D, 0xA34D, 0x930C, 0x7AAC, 0x72AC, 0x728C, 0x6A8C, 0x6A8C,   // 0x0DD0 (3536)
0x626C, 0x626B, 0x626B, 0x626B, 0x5A4A, 0x5A4A, 0x5A4A, 0x5A4A, 0x5A4A, 0x5A4A, 0x624A, 0x624B, 0x624B, 0x626B, 0x626B, 0x626B,   // 0x0DE0 (3552)
0x626B, 0x626B, 0x626C, 0x5A6C, 0x5A4B, 0x524B, 0x522A, 0x522A, 0x520A, 0x520A, 0x520A, 0x520A, 0x520A, 0x520A, 0x522A, 0x520A,   // 0x0DF0 (3568)
0x520A, 0x520A, 0x520A, 0x5209, 0x5209, 0x522A, 0x522A, 0x520A, 0x520A, 0x520A, 0x4A0A, 0x4A0A, 0x4A0A, 0x4A0A, 0x4A0A, 0x4A2B,   // 0x0E00 (3584)
0x2986, 0x2987, 0x2966, 0x6AEE, 0x730F, 0x730F, 0x6B0F, 0x6B0F, 0x730F, 0x730F, 0x730F, 0x730F, 0x730F, 0x7310, 0x7330, 0x7330,   // 0x0E10 (3600)
0x7330, 0x7351, 0x7351, 0x7371, 0x7372, 0x7372, 0x6B52, 0x6B52, 0x6352, 0x6351, 0x6B52, 0x6B94, 0x6352, 0x6311, 0x5B11, 0x5B10,   // 0x0E20 (3616)
0x5B10, 0x5AF0, 0x5AF0, 0x5AD0, 0x5AD0, 0x5ACF, 0x5AAE, 0x5AAE, 0x5A8D, 0x5A8D, 0x5A6D, 0x5A6C, 0x5A6C, 0x5A6C, 0x5A4C, 0x5A4C,   // 0x0E30 (3632)
0x5A4B, 0x5A4B, 0x5A4B, 0x5A4B, 0x5A4A, 0x624A, 0x624A, 0x626A, 0x626A, 0x6A6A, 0x728A, 0x72AA, 0x82CA, 0x8AEB, 0x9B2B, 0xAB4B,   // 0x0E40 (3648)
0xBBAC, 0xD3EC, 0xEC4C, 0xF48C, 0xF4AC, 0xF4AC, 0xF4AD, 0xFCEC, 0xFCED, 0xFD0D, 0xFCED, 0xCC0D, 0x82EC, 0x72AC, 0x6AAC, 0x6A8C,   // 0x0E50 (3664)
0x6A8C, 0x6A8C, 0x626C, 0x626B, 0x626B, 0x626B, 0x624A, 0x5A4A, 0x5A4A, 0x5A4A, 0x624A, 0x626B, 0x626B, 0x626B, 0x626B, 0x626B,   // 0x0E60 (3680)
0x626B, 0x626C, 0x5A6C, 0x524B, 0x524B, 0x524B, 0x522B, 0x522A, 0x522A, 0x522A, 0x522A, 0x522A, 0x522B, 0x5A2B, 0x5A2B, 0x522A,   // 0x0E70 (3696)
0x522A, 0x520A, 0x520A, 0x520A, 0x522A, 0x522A, 0x522A, 0x520A, 0x520A, 0x520A, 0x4A0A, 0x4A0A, 0x4A0B, 0x4A2B, 0x4A2B, 0x4A2B,   // 0x0E80 (3712)
0x2986, 0x3187, 0x2986, 0x2966, 0x2966, 0x39E9, 0x730F, 0x7350, 0x7B50, 0x7B50, 0x7B50, 0x7B51, 0x7B51, 0x7B71, 0x7B71, 0x7B92,   // 0x0E90 (3728)
0x7B92, 0x7B92, 0x7BB3, 0x7BD3, 0x7BB3, 0x7BB3, 0x7393, 0x6B92, 0x6B72, 0x6B52, 0x6B52, 0x6B52, 0x6352, 0x6331, 0x5B11, 0x5B11,   // 0x0EA0 (3744)
0x5B10, 0x5B10, 0x5B10, 0x5AF0, 0x5AF0, 0x5AD0, 0x5ACF, 0x5AAE, 0x5AAE, 0x5A8E, 0x5A8D, 0x5A8D, 0x5A6C, 0x5A6C, 0x5A6C, 0x5A6C,   // 0x0EB0 (3760)
0x5A6C, 0x5A4B, 0x5A4B, 0x5A4B, 0x5A4B, 0x624A, 0x624A, 0x624A, 0x624A, 0x6A4A, 0x6A6A, 0x6A6A, 0x72AA, 0x7AAB, 0x8AEB, 0x930B,   // 0x0EC0 (3776)
0xA34C, 0xBBAC, 0xDC0C, 0xF46C, 0xFCCC, 0xFCEC, 0xFD0C, 0xFD0C, 0xFD0C, 0xFD2C, 0xFD2C, 0xFD2C, 0xECAD, 0x932C, 0x7AAC, 0x72AC,   // 0x0ED0 (3792)
0x728C, 0x6A8C, 0x6A8C, 0x628B, 0x626B, 0x626B, 0x624B, 0x626B, 0x626B, 0x626B, 0x626B, 0x626B, 0x626B, 0x626B, 0x6A6B, 0x6A6B,   // 0x0EE0 (3808)
0x626C, 0x5A6B, 0x524C, 0x522B, 0x522B, 0x522B, 0x522B, 0x522B, 0x522B, 0x5A2B, 0x5A4B, 0x5A4B, 0x5A4B, 0x5A4B, 0x5A4B, 0x5A4B,   // 0x0EF0 (3824)
0x522A, 0x522A, 0x522A, 0x520A, 0x520A, 0x4A2A, 0x4A2A, 0x4A2B, 0x4A0B, 0x4A2B, 0x4A0B, 0x4A2B, 0x4A2B, 0x524B, 0x524B, 0x524B,   // 0x0F00 (3840)
0x2945, 0x31A6, 0x31A7, 0x2146, 0x2124, 0x2946, 0x5A8C, 0x8391, 0x8392, 0x83B2, 0x83B2, 0x83B2, 0x83B2, 0x83B3, 0x83D3, 0x83D3,   // 0x0F10 (3856)
0x83D3, 0x83F4, 0x83F4, 0x83F5, 0x8415, 0x7C15, 0x7BF5, 0x7BD4, 0x73B3, 0x7393, 0x6B73, 0x6B72, 0x6B52, 0x6352, 0x6331, 0x6331,   // 0x0F20 (3872)
0x6331, 0x5B31, 0x5B11, 0x5B11, 0x5B10, 0x5AF0, 0x5AEF, 0x5ACF, 0x5AAE, 0x5A8E, 0x5A8D, 0x5A8D, 0x5A8D, 0x5A6C, 0x5A6C, 0x5A6C,   // 0x0F30 (3888)
0x5A6C, 0x5A4C, 0x5A4C, 0x5A4B, 0x5A4B, 0x626B, 0x626B, 0x624A, 0x624A, 0x626A, 0x626A, 0x6A6A, 0x6A8B, 0x72AB, 0x7ACB, 0x82CC,   // 0x0F40 (3904)
0x930B, 0xA34B, 0xC3AB, 0xDC0C, 0xEC6C, 0xFCEB, 0xFD0B, 0xFD2B, 0xFD2B, 0xFD2C, 0xFD2C, 0xFD2C, 0xFD0C, 0xE44D, 0xC3CD, 0xBBAD,   // 0x0F50 (3920)
0x8B0C, 0x72AC, 0x72AC, 0x6A8C, 0x6A8B, 0x626B, 0x626B, 0x626B, 0x626B, 0x626A, 0x626A, 0x626B, 0x626B, 0x626B, 0x626B, 0x626B,   // 0x0F60 (3936)
0x5A6C, 0x524C, 0x524B, 0x522B, 0x522B, 0x522A, 0x522A, 0x5A2A, 0x5A4B, 0x5A4B, 0x5A4B, 0x5A6B, 0x5A4B, 0x5A4B, 0x5A4B, 0x5A4B,   // 0x0F70 (3952)
0x5A4B, 0x524B, 0x522A, 0x522A, 0x4A2B, 0x4A2B, 0x4A2B, 0x4A2B, 0x4A2B, 0x4A2B, 0x4A2B, 0x4A2B, 0x4A2B, 0x522B, 0x524C, 0x526C,   // 0x0F80 (3968)
0x3185, 0x31A6, 0x2966, 0x2966, 0x2945, 0x2145, 0x2987, 0x62CD, 0x8BD2, 0x9414, 0x9414, 0x9434, 0x9435, 0x9C55, 0x9C75, 0x9476,   // 0x0F90 (3984)
0x9456, 0x8C56, 0x8C57, 0x8C57, 0x8457, 0x7C77, 0x7C57, 0x7C36, 0x7C15, 0x73D4, 0x73B4, 0x7393, 0x6B93, 0x6B73, 0x6B72, 0x6352,   // 0x0FA0 (4000)
0x6352, 0x6332, 0x5B32, 0x5B31, 0x5B31, 0x5B11, 0x5AF0, 0x5AEF, 0x5ACF, 0x5AAE, 0x5AAE, 0x5AAE, 0x5A8D, 0x5A8D, 0x5A8D, 0x5A6D,   // 0x0FB0 (4016)
0x5A6C, 0x5A6C, 0x5A6C, 0x5A6C, 0x626C, 0x626B, 0x626B, 0x626B, 0x626B, 0x626B, 0x626B, 0x6A6B, 0x6A8B, 0x728B, 0x72AB, 0x7ACC,   // 0x0FC0 (4032)
0x82EC, 0x930C, 0xA34B, 0xB38C, 0xCBCC, 0xE44B, 0xF4AC, 0xFCEB, 0xFD0B, 0xFD2C, 0xFD4C, 0xFD4C, 0xFCED, 0xEC6D, 0xCBED, 0x9B4D,   // 0x0FD0 (4048)
0x9B2D, 0x8B0C, 0x7ACC, 0x72AC, 0x6AAC, 0x6A8C, 0x6A8B, 0x6A8B, 0x6A8B, 0x6A8B, 0x6A6B, 0x628B, 0x626B, 0x626B, 0x626B, 0x626B,   // 0x0FE0 (4064)
0x5A4C, 0x524B, 0x522B, 0x522B, 0x522B, 0x522B, 0x5A2A, 0x5A4B, 0x5A4B, 0x5A4B, 0x5A6B, 0x5A6B, 0x626B, 0x5A6B, 0x5A4B, 0x5A6B,   // 0x0FF0 (4080)
0x5A4B, 0x5A4B, 0x5A2B, 0x524B, 0x4A4B, 0x4A4C, 0x4A2C, 0x4A2B, 0x4A2B, 0x422B, 0x4A2B, 0x4A2B, 0x524B, 0x524C, 0x5A6C, 0x526C,   // 0x1000 (4096)
0x2144, 0x3185, 0x2145, 0x3186, 0x3186, 0x2946, 0x2966, 0x2966, 0x4A2A, 0xACB5, 0xB4D6, 0xACB6, 0xACB6, 0xB4F7, 0xBD38, 0xBD38,   // 0x1010 (4112)
0xACF8, 0xA4F9, 0x8CF9, 0x8CD9, 0x84B8, 0x7C98, 0x7C98, 0x7C78, 0x7C57, 0x7C15, 0x7C15, 0x73F5, 0x73D5, 0x73D5, 0x6BB4, 0x6BB4,   // 0x1020 (4128)
0x6393, 0x6373, 0x6353, 0x6352, 0x5B52, 0x5B32, 0x6331, 0x5B11, 0x5B10, 0x5AF0, 0x5ACF, 0x5ACF, 0x5ACE, 0x5AAE, 0x5AAE, 0x5AAE,   // 0x1030 (4144)
0x5A8D, 0x5A8D, 0x5A8D, 0x5A8D, 0x628D, 0x628C, 0x628C, 0x628C, 0x628C, 0x628C, 0x628C, 0x628B, 0x6A8B, 0x6AAB, 0x72AC, 0x72CC,   // 0x1040 (4160)
0x7AEC, 0x830C, 0x932C, 0x9B2C, 0xAB6C, 0xBBAC, 0xD40C, 0xE46C, 0xF4AC, 0xFD0B, 0xFD4B, 0xFD6B, 0xFD2C, 0xE46D, 0xCC0D, 0xA36D,   // 0x1050 (4176)
0xA36D, 0x8B0D, 0x7AEC, 0x7ACC, 0x72AC, 0x72AC, 0x72AB, 0x728B, 0x728B, 0x6A8B, 0x6A8B, 0x6A8C, 0x6A8C, 0x626C, 0x626C, 0x5A6B,   // 0x1060 (4192)
0x524B, 0x522B, 0x522B, 0x522B, 0x522B, 0x5A2B, 0x5A4B, 0x5A4B, 0x5A4B, 0x626C, 0x626B, 0x5A6B, 0x626B, 0x626C, 0x5A6C, 0x5A6C,   // 0x1070 (4208)
0x5A6C, 0x524C, 0x526C, 0x526C, 0x4A4C, 0x4A4C, 0x424C, 0x4A4C, 0x4A4C, 0x4A2C, 0x524C, 0x524C, 0x5A4C, 0x5A6C, 0x5A4C, 0x524B,   // 0x1080 (4224)
0x2982, 0x2984, 0x2144, 0x2146, 0x2946, 0x2945, 0x2145, 0x39C7, 0x2986, 0x39A7, 0x838F, 0xBCF7, 0xB4D7, 0xBCF7, 0xC558, 0xBD38,   // 0x1090 (4240)
0xBD59, 0xBD59, 0x9D19, 0x8CD9, 0x84B8, 0x8498, 0x8478, 0x8477, 0x8477, 0x7C57, 0x7C57, 0x7C57, 0x7C36, 0x7C16, 0x73F6, 0x73D5,   // 0x10A0 (4256)
0x6BD5, 0x6BB4, 0x6394, 0x6394, 0x6373, 0x6373, 0x6373, 0x6353, 0x6352, 0x6332, 0x5B31, 0x5B10, 0x5B10, 0x5AEF, 0x5ACF, 0x5ACF,   // 0x10B0 (4272)
0x5ACE, 0x5AAE, 0x5AAE, 0x5AAD, 0x628D, 0x628C, 0x628C, 0x628C, 0x628D, 0x6A8C, 0x6A8C, 0x6AAC, 0x6AAC, 0x6AAC, 0x6AAC, 0x72CC,   // 0x10C0 (4288)
0x7ACC, 0x7AEC, 0x82EC, 0x82EC, 0x8B0C, 0x9B2C, 0xAB8C, 0xC3CC, 0xDC2C, 0xF48C, 0xFCEC, 0xFD0C, 0xFD2C, 0xFCED, 0xEC8D, 0xCBED,   // 0x10D0 (4304)
0xBBAD, 0x9B6D, 0x8B0C, 0x82EC, 0x7ACC, 0x7ACC, 0x7ACC, 0x72AC, 0x72AC, 0x72AC, 0x6AAC, 0x6A8C, 0x628C, 0x628C, 0x626C, 0x5A4B,   // 0x10E0 (4320)
0x524B, 0x522B, 0x524B, 0x524B, 0x5A2B, 0x5A4B, 0x5A4B, 0x5A6B, 0x5A6B, 0x626B, 0x626B, 0x626B, 0x626B, 0x626B, 0x5A6C, 0x526C,   // 0x10F0 (4336)
0x526C, 0x526C, 0x526C, 0x4A6D, 0x4A8D, 0x4A6D, 0x4A6D, 0x4A4D, 0x4A4C, 0x4A4C, 0x524C, 0x5A6C, 0x5A6C, 0x5A8C, 0x5A4C, 0x524B,   // 0x1100 (4352)
0x2102, 0x2962, 0x2163, 0x2965, 0x2945, 0x2125, 0x2145, 0x3186, 0x2946, 0x3186, 0x31A6, 0x83B0, 0xB4B6, 0xB4D6, 0xB4F7, 0xB517,   // 0x1110 (4368)
0xACD7, 0xB518, 0xA4F8, 0x94B8, 0x8C98, 0x8478, 0x8477, 0x8477, 0x8477, 0x8477, 0x8477, 0x8477, 0x8478, 0x8478, 0x7C57, 0x7416,   // 0x1120 (4384)
0x7416, 0x73F6, 0x6BF5, 0x6BD5, 0x6BB5, 0x6394, 0x6394, 0x6394, 0x6373, 0x6373, 0x6352, 0x6331, 0x6331, 0x5B10, 0x5B10, 0x62F0,   // 0x1130 (4400)
0x62EF, 0x62CF, 0x5ACF, 0x62CE, 0x62AE, 0x628D, 0x628C, 0x628C, 0x628C, 0x628D, 0x6AAD, 0x6AAD, 0x6AAD, 0x6AAD, 0x6AAC, 0x6ACD,   // 0x1140 (4416)
0x6ACC, 0x72CD, 0x72CC, 0x72CC, 0x7AEC, 0x830C, 0x934C, 0xAB6C, 0xBBAC, 0xD40C, 0xEC8C, 0xF4CC, 0xFCEC, 0xFCED, 0xF4CD, 0xFCED,   // 0x1150 (4432)
0xF4CD, 0xE46D, 0xBBCD, 0x932C, 0x830D, 0x7AED, 0x7AED, 0x7AED, 0x7ACD, 0x72CD, 0x6AAD, 0x62AD, 0x628D, 0x628D, 0x5A6C, 0x5A4C,   // 0x1160 (4448)
0x524B, 0x524B, 0x524B, 0x5A4B, 0x5A4B, 0x5A4B, 0x5A6B, 0x5A6B, 0x626B, 0x626B, 0x626B, 0x628B, 0x626B, 0x628B, 0x5A6C, 0x5A6C,   // 0x1170 (4464)
0x526C, 0x526C, 0x526C, 0x4A6D, 0x4A8E, 0x4A8E, 0x4A8E, 0x4A6D, 0x4A4C, 0x4A2C, 0x524C, 0x526C, 0x5A6C, 0x5A6C, 0x524C, 0x524C,   // 0x1180 (4480)
0x2123, 0x2162, 0x29A2, 0x31A5, 0x31A6, 0x2165, 0x2125, 0x2966, 0x2105, 0x3187, 0x2946, 0x39E7, 0x4A28, 0x8BD1, 0xBCF6, 0xBCF7,   // 0x1190 (4496)
0xAC96, 0xA496, 0x9C97, 0x9497, 0x9497, 0x8C77, 0x8497, 0x8498, 0x8498, 0x8498, 0x84B8, 0x8498, 0x7C98, 0x7CB8, 0x7C98, 0x7C78,   // 0x11A0 (4512)
0x7C57, 0x7C37, 0x7437, 0x7436, 0x6C16, 0x6BF6, 0x6BD5, 0x63B5, 0x6394, 0x6373, 0x6373, 0x6352, 0x6352, 0x6351, 0x6331, 0x6331,   // 0x11B0 (4528)
0x6310, 0x62EF, 0x5ACF, 0x62CE, 0x62CE, 0x62AD, 0x628D, 0x62AC, 0x628C, 0x628C, 0x6AAD, 0x6AAD, 0x6AAD, 0x6AAD, 0x6AAD, 0x6AAD,   // 0x11C0 (4544)
0x6ACD, 0x6ACD, 0x72CC, 0x72CC, 0x7AEC, 0x82EC, 0x8B0C, 0x9B4C, 0xAB8C, 0xC3CC, 0xD40C, 0xEC6C, 0xF4CC, 0xF4CC, 0xF4AD, 0xF4AD,   // 0x11D0 (4560)
0xF4CD, 0xFD4D, 0xFD2C, 0xE4AD, 0xAB8D, 0x832D, 0x830D, 0x7B0D, 0x72ED, 0x6ACD, 0x6AAD, 0x62AD, 0x5A8D, 0x5A6C, 0x5A6C, 0x5A4C,   // 0x11E0 (4576)
0x5A6C, 0x5A6C, 0x5A6C, 0x5A4B, 0x5A4B, 0x5A4B, 0x5A4B, 0x5A4B, 0x626B, 0x626B, 0x626B, 0x628C, 0x628C, 0x626C, 0x5A6C, 0x5A6C,   // 0x11F0 (4592)
0x526C, 0x526C, 0x528D, 0x528E, 0x4A8E, 0x4A8F, 0x4A8E, 0x426E, 0x424D, 0x4A4C, 0x4A4C, 0x4A4C, 0x524C, 0x526C, 0x524C, 0x524C,   // 0x1200 (4608)
0x18E3, 0x2123, 0x2982, 0x39E2, 0x39C4, 0x2984, 0x2942, 0x2124, 0x2945, 0x3186, 0x3187, 0x3186, 0x39C7, 0x3166, 0x6AEC, 0xA453,   // 0x1210 (4624)
0xAC95, 0x9C75, 0x9C75, 0x9456, 0x9476, 0x9477, 0x8C97, 0x8CB8, 0x8C78, 0x8C98, 0x8CB8, 0x84D9, 0x84D9, 0x84D9, 0x7CD9, 0x7CB9,   // 0x1220 (4640)
0x7C98, 0x7457, 0x7457, 0x7437, 0x7437, 0x6C16, 0x6C16, 0x6BF5, 0x6B94, 0x6B94, 0x6394, 0x6394, 0x6394, 0x6373, 0x6352, 0x6331,   // 0x1230 (4656)
0x6310, 0x62EF, 0x62CF, 0x62CE, 0x62CE, 0x62AD, 0x62AD, 0x62AC, 0x62AC, 0x6AAD, 0x6AAD, 0x6ACD, 0x6ACD, 0x6ACD, 0x6ACD, 0x6ACD,   // 0x1240 (4672)
0x6ACD, 0x6AAD, 0x72CD, 0x72CC, 0x7AEC, 0x7AEC, 0x830C, 0x8B2C, 0x9B4C, 0xAB8C, 0xC3CC, 0xD42C, 0xEC8C, 0xF4AD, 0xF4CD, 0xF4CD,   // 0x1250 (4688)
0xE48D, 0xFD2C, 0xFDAB, 0xFD8B, 0xF4EE, 0xBBEE, 0x8B2E, 0x7B0E, 0x72EE, 0x6ACE, 0x62CE, 0x62AE, 0x5A8D, 0x5A8D, 0x5A6C, 0x5A6C,   // 0x1260 (4704)
0x5A6C, 0x5A4C, 0x5A6B, 0x5A4B, 0x5A4B, 0x5A4B, 0x5A4A, 0x5A4A, 0x626B, 0x626B, 0x628B, 0x628C, 0x628C, 0x628C, 0x626C, 0x5A6C,   // 0x1270 (4720)
0x5A6D, 0x526D, 0x528E, 0x4AAE, 0x4AAF, 0x4AD0, 0x42AF, 0x426D, 0x424D, 0x424C, 0x422C, 0x4A4C, 0x4A4C, 0x4A4C, 0x524C, 0x526C,   // 0x1280 (4736)
0x2143, 0x2103, 0x2102, 0x3163, 0x3163, 0x31A3, 0x39A3, 0x2984, 0x2944, 0x2965, 0x3186, 0x2966, 0x39C7, 0x2966, 0x2965, 0x4A08,   // 0x1290 (4752)
0x9C33, 0xA495, 0xA475, 0xA475, 0xA496, 0x9C96, 0x9CB7, 0x9CB7, 0x94B8, 0x94B8, 0x94D8, 0x951A, 0x8D1A, 0x8CFA, 0x84FA, 0x84D9,   // 0x12A0 (4768)
0x7CB8, 0x7C78, 0x7457, 0x7C57, 0x7436, 0x7415, 0x73F5, 0x73D5, 0x6BF5, 0x6BD5, 0x6BB5, 0x6BD5, 0x63B4, 0x6373, 0x6351, 0x6330,   // 0x12B0 (4784)
0x6310, 0x630F, 0x62EF, 0x62EE, 0x62CE, 0x62CE, 0x6ACE, 0x62CD, 0x62CE, 0x6ACE, 0x6ACE, 0x6AEE, 0x6AEE, 0x6ACD, 0x6ACD, 0x6ACD,   // 0x12C0 (4800)
0x6ACC, 0x6ACD, 0x72CC, 0x72EC, 0x7AEC, 0x7AEC, 0x830C, 0x8B2C, 0x932C, 0xA36D, 0xABAC, 0xC3ED, 0xDC4D, 0xEC8D, 0xF4AD, 0xF4ED,   // 0x12D0 (4816)
0xFD2D, 0xFD4C, 0xFDCB, 0xFDCB, 0xFD6D, 0xCC4F, 0x9B8F, 0x7B0F, 0x72EF, 0x6AEE, 0x62CE, 0x62AE, 0x62AD, 0x628D, 0x626C, 0x5A6C,   // 0x12E0 (4832)
0x5A6C, 0x5A4B, 0x5A6B, 0x5A4A, 0x5A4A, 0x5A4A, 0x5A4B, 0x5A4A, 0x626B, 0x628B, 0x6A8B, 0x6A8B, 0x6A8B, 0x628C, 0x628C, 0x628C,   // 0x12F0 (4848)
0x5A8D, 0x528D, 0x4AAE, 0x4AF0, 0x4AD0, 0x4AB0, 0x426E, 0x424D, 0x424C, 0x422C, 0x4A2C, 0x4A2C, 0x4A4C, 0x526C, 0x526C, 0x526C,   // 0x1300 (4864)
0x2942, 0x2962, 0x1922, 0x1902, 0x2922, 0x2142, 0x2142, 0x31C3, 0x29A3, 0x3164, 0x39C6, 0x39A6, 0x3186, 0x39C6, 0x2986, 0x3185,   // 0x1310 (4880)
0x41E7, 0x838E, 0xA473, 0xB4D6, 0xB4F7, 0xACD7, 0xACF7, 0xA4F8, 0xA4F9, 0x9CF9, 0x9CF9, 0x9D3A, 0x953B, 0x953A, 0x8CFA, 0x8CD9,   // 0x1320 (4896)
0x8497, 0x8477, 0x8497, 0x8477, 0x8477, 0x7C77, 0x7C77, 0x7C57, 0x7457, 0x7457, 0x7416, 0x73F5, 0x6BB4, 0x6B93, 0x6372, 0x6351,   // 0x1330 (4912)
0x6331, 0x6331, 0x6310, 0x6310, 0x6310, 0x630F, 0x630F, 0x62EF, 0x6B0F, 0x6AEF, 0x6AEE, 0x6AEE, 0x6AEE, 0x6ACD, 0x6ACD, 0x6ACC,   // 0x1340 (4928)
0x6ACC, 0x6ACC, 0x72ED, 0x72EC, 0x7AEC, 0x7AEC, 0x7B0C, 0x830C, 0x8B2D, 0x934D, 0xA38D, 0xB3CD, 0xD42D, 0xE46D, 0xECAD, 0xF4ED,   // 0x1350 (4944)
0xFD2C, 0xFD6C, 0xFDAB, 0xFDCB, 0xFD6D, 0xD46F, 0x8B6F, 0x7B2F, 0x6B0F, 0x62EF, 0x62CE, 0x62AE, 0x62AD, 0x628D, 0x628C, 0x628C,   // 0x1360 (4960)
0x626B, 0x626B, 0x626B, 0x626B, 0x5A4A, 0x5A4A, 0x626B, 0x626A, 0x626A, 0x6AAB, 0x72AB, 0x72AB, 0x72AB, 0x6AAC, 0x628C, 0x5A8D,   // 0x1370 (4976)
0x528D, 0x4A8E, 0x4AAE, 0x4AAF, 0x428E, 0x426D, 0x424D, 0x422C, 0x422C, 0x4A2B, 0x4A2B, 0x4A2C, 0x4A4C, 0x526C, 0x4A4C, 0x526C,   // 0x1380 (4992)
0x20E2, 0x2102, 0x29A2, 0x2942, 0x2942, 0x2142, 0x2962, 0x2142, 0x31C2, 0x31A3, 0x31A5, 0x41E6, 0x3185, 0x39C6, 0x31C8, 0x2987,   // 0x1390 (5008)
0x2144, 0x31A5, 0x4A05, 0x734B, 0xACB3, 0xC538, 0xBD38, 0xB559, 0xAD59, 0xA539, 0x9D19, 0x8D5B, 0x955B, 0xA57B, 0x953A, 0x94F9,   // 0x13A0 (5024)
0x94B8, 0x8C97, 0x8C97, 0x8477, 0x8498, 0x8498, 0x8498, 0x7C77, 0x7C57, 0x7C37, 0x7C37, 0x7C57, 0x7416, 0x6BD5, 0x6BB3, 0x6B72,   // 0x13B0 (5040)
0x6352, 0x6352, 0x6351, 0x6351, 0x6330, 0x6310, 0x6310, 0x6310, 0x6310, 0x6B10, 0x630F, 0x62EE, 0x6ACE, 0x6ACD, 0x6ACD, 0x6ACD,   // 0x13C0 (5056)
0x6AED, 0x72ED, 0x72ED, 0x730D, 0x7B0D, 0x7B0D, 0x830D, 0x832D, 0x8B2D, 0x8B4D, 0x936D, 0xABAD, 0xBBED, 0xD44D, 0xE48E, 0xEC8E,   // 0x13D0 (5072)
0xF4EE, 0xFD6C, 0xFDCB, 0xFDCC, 0xF50F, 0xD490, 0xCC50, 0xBC0F, 0xABEF, 0xB3EF, 0x9B8F, 0x6ACE, 0x6ACD, 0x62AD, 0x62AC, 0x628B,   // 0x13E0 (5088)
0x628B, 0x628B, 0x628B, 0x626B, 0x626B, 0x626A, 0x626A, 0x628A, 0x72AA, 0x7AAB, 0x7ACB, 0x7ACC, 0x7AEC, 0x72CC, 0x62AD, 0x5A8D,   // 0x13F0 (5104)
0x528D, 0x4A8E, 0x4A6E, 0x4A6D, 0x424D, 0x424C, 0x424C, 0x424C, 0x4A2C, 0x4A2B, 0x4A2B, 0x4A2C, 0x4A4B, 0x4A4C, 0x4A4C, 0x526C,   // 0x1400 (5120)
0x2123, 0x3183, 0x2943, 0x3163, 0x2943, 0x3182, 0x2942, 0x2943, 0x2123, 0x29A2, 0x2983, 0x39C4, 0x31A6, 0x2984, 0x39E4, 0x4206,   // 0x1410 (5136)
0x31A4, 0x31A5, 0x3185, 0x39C6, 0x4206, 0x9C51, 0xC578, 0xC558, 0xBD59, 0xB559, 0xA53A, 0x9D5A, 0xA57B, 0xADBB, 0x957B, 0x955B,   // 0x1420 (5152)
0x951A, 0x9519, 0x94F9, 0x94D9, 0x8CF9, 0x8CF9, 0x84D9, 0x84B8, 0x8498, 0x7C98, 0x7C98, 0x7C77, 0x7C36, 0x7416, 0x73F5, 0x73D4,   // 0x1430 (5168)
0x6B93, 0x6B93, 0x6B93, 0x6B72, 0x6B30, 0x6B30, 0x6B30, 0x6B30, 0x6B30, 0x6310, 0x6B0F, 0x6B0F, 0x6AEE, 0x6AEE, 0x6AEE, 0x6AEE,   // 0x1440 (5184)
0x72EE, 0x730E, 0x72ED, 0x7B0E, 0x7B2E, 0x7B2E, 0x834E, 0x834E, 0x8B4E, 0x8B6E, 0x936E, 0x9B8D, 0xABAD, 0xBBED, 0xCC2E, 0xDC6E,   // 0x1450 (5200)
0xECCE, 0xFD4D, 0xFDAC, 0xFDAC, 0xF52F, 0xE4F0, 0xECF0, 0xECD0, 0xE490, 0xCC4F, 0xABCF, 0x72EE, 0x6ACD, 0x6AAC, 0x6ACC, 0x6AAC,   // 0x1460 (5216)
0x6AAC, 0x62AB, 0x628B, 0x628B, 0x628B, 0x628B, 0x6A8B, 0x6AAB, 0x7ACB, 0x82EB, 0x8B0C, 0x8B0C, 0x932C, 0x830C, 0x72CD, 0x62AD,   // 0x1470 (5232)
0x528D, 0x4A6D, 0x4A6D, 0x4A4D, 0x4A4C, 0x4A2C, 0x4A2C, 0x4A2B, 0x4A2B, 0x4A2B, 0x4A2B, 0x4A2B, 0x4A4B, 0x524B, 0x524B, 0x526C,   // 0x1480 (5248)
0x2101, 0x39A2, 0x39E2, 0x2943, 0x2103, 0x2942, 0x3982, 0x39A3, 0x3164, 0x2983, 0x29E2, 0x2163, 0x31C4, 0x3184, 0x2963, 0x39A4,   // 0x1490 (5264)
0x41E4, 0x39E4, 0x39E4, 0x39A6, 0x2145, 0x3185, 0x5227, 0x93F0, 0xCD98, 0xC5BA, 0xBD9A, 0xAD7A, 0xBD9A, 0xC5BB, 0xAD9B, 0xAD9B,   // 0x14A0 (5280)
0xA55A, 0x9D3A, 0x9D3A, 0x953A, 0x8D3B, 0x8D3A, 0x8CF9, 0x8CF9, 0x8CD9, 0x8CF9, 0x84FA, 0x84D9, 0x8498, 0x7C77, 0x7C56, 0x7C35,   // 0x14B0 (5296)
0x7415, 0x73D4, 0x73B3, 0x6B72, 0x6B51, 0x6B51, 0x6B31, 0x6B30, 0x6B30, 0x6B30, 0x6B2F, 0x6B2F, 0x6B0F, 0x730E, 0x730E, 0x730E,   // 0x14C0 (5312)
0x730E, 0x7B0E, 0x7B2E, 0x7B2E, 0x834E, 0x834F, 0x836F, 0x8B6F, 0x8B8F, 0x938F, 0x938F, 0x9BAE, 0xA3CE, 0xB3EE, 0xCC2E, 0xDC8E,   // 0x14D0 (5328)
0xECCE, 0xFD2D, 0xFD8C, 0xFDAD, 0xFD6E, 0xFD8E, 0xED0F, 0xC450, 0xB410, 0xA3AF, 0x8B8F, 0x730E, 0x6AED, 0x6AEC, 0x72CC, 0x6ACC,   // 0x14E0 (5344)
0x6ACC, 0x6ACC, 0x6AAC, 0x6AAB, 0x72AB, 0x72AB, 0x72CB, 0x72CB, 0x7ACB, 0x8B0C, 0x932C, 0xA36C, 0xAB8D, 0xA36D, 0x7AED, 0x62AD,   // 0x14F0 (5360)
0x5AAD, 0x528D, 0x526D, 0x4A4C, 0x4A4C, 0x4A2B, 0x4A2B, 0x4A2B, 0x522B, 0x522B, 0x522B, 0x522B, 0x524B, 0x524B, 0x5A4B, 0x5A6C,   // 0x1500 (5376)
0x2121, 0x3162, 0x3982, 0x39C3, 0x39A3, 0x3163, 0x3982, 0x3183, 0x2964, 0x3164, 0x2983, 0x2163, 0x2963, 0x39C4, 0x4204, 0x41E3,   // 0x1510 (5392)
0x41E4, 0x39C4, 0x39C4, 0x4A26, 0x31A6, 0x2965, 0x5226, 0x49E6, 0x62AA, 0x9C52, 0xCDDA, 0xC5DA, 0xDE1A, 0xDDFA, 0xCDDB, 0xBDBB,   // 0x1520 (5408)
0xAD9B, 0x9D5B, 0xA57B, 0x9D5B, 0x955B, 0x855B, 0x853B, 0x7D3B, 0x7D3B, 0x7D3B, 0x7D3B, 0x8CF9, 0x84D9, 0x84B8, 0x8498, 0x7C77,   // 0x1530 (5424)
0x7C56, 0x7C16, 0x73D4, 0x73B3, 0x7392, 0x7372, 0x6B71, 0x6B51, 0x6B51, 0x6B50, 0x6B50, 0x7330, 0x732F, 0x732F, 0x732F, 0x7B2F,   // 0x1540 (5440)
0x7B2E, 0x7B2F, 0x7B4F, 0x834F, 0x836F, 0x8B90, 0x8BB0, 0x93B0, 0x93B0, 0x9BD0, 0x9BD0, 0x9BCF, 0xA3CF, 0xABEF, 0xC42E, 0xDC8E,   // 0x1550 (5456)
0xF4EE, 0xFD4D, 0xFD8D, 0xFDAD, 0xFDAE, 0xFD8F, 0xFD8F, 0xDCD1, 0x9BB0, 0x834F, 0x7B2F, 0x730E, 0x730D, 0x730D, 0x72ED, 0x72EC,   // 0x1560 (5472)
0x72EC, 0x72EC, 0x72EC, 0x7AEC, 0x7AEC, 0x7AEC, 0x82EC, 0x830C, 0x830C, 0x932C, 0xA38C, 0xB3AD, 0xBBCD, 0xAB8D, 0x7AED, 0x62AD,   // 0x1570 (5488)
0x5A8D, 0x526D, 0x526C, 0x524C, 0x524B, 0x522B, 0x522B, 0x522B, 0x524A, 0x524B, 0x524B, 0x5A4B, 0x5A4B, 0x5A4B, 0x5A6B, 0x626B,   // 0x1580 (5504)
0x10A1, 0x2922, 0x3142, 0x2922, 0x3162, 0x2142, 0x2962, 0x2942, 0x2943, 0x31A3, 0x39E3, 0x3A23, 0x2963, 0x10E4, 0x2123, 0x4203,   // 0x1590 (5520)
0x4223, 0x39C4, 0x39E4, 0x41E6, 0x39E7, 0x2965, 0x5226, 0x5207, 0x41C6, 0x4A06, 0x62AB, 0xB516, 0xCDB8, 0xA493, 0xBD56, 0xC598,   // 0x15A0 (5536)
0xB599, 0xAD9A, 0xADBB, 0xAD9C, 0xA59B, 0xA59C, 0x7D5C, 0x653C, 0x6D3C, 0x7D5C, 0x855B, 0x8D1A, 0x8D1A, 0x84FA, 0x84D9, 0x84D9,   // 0x15B0 (5552)
0x84D9, 0x8498, 0x7C16, 0x7BF4, 0x7BD3, 0x7BB3, 0x7BB2, 0x7391, 0x7391, 0x7371, 0x7371, 0x7B70, 0x7B70, 0x7B70, 0x7B70, 0x7B70,   // 0x15C0 (5568)
0x7B70, 0x8370, 0x8370, 0x8390, 0x8B90, 0x8BB0, 0x93D1, 0x93F1, 0x9BF1, 0x9BF1, 0xA3F1, 0x9BF0, 0xA3CF, 0xABCF, 0xBC0E, 0xD46E,   // 0x15D0 (5584)
0xECCE, 0xF52D, 0xFD8D, 0xFDCD, 0xFDCE, 0xFD70, 0xF551, 0xED31, 0xD4B1, 0x8BB0, 0x7B4F, 0x7B2F, 0x7B2E, 0x7B0D, 0x730D, 0x730D,   // 0x15E0 (5600)
0x730D, 0x7B0C, 0x832C, 0x8B2C, 0x8B2C, 0x8B4C, 0x934D, 0x934D, 0x934C, 0x9B6C, 0xABAC, 0xCC0D, 0xD42D, 0xC3ED, 0x830D, 0x62AD,   // 0x15F0 (5616)
0x5A8D, 0x5A6C, 0x5A6C, 0x5A4B, 0x5A4B, 0x5A4B, 0x5A4B, 0x5A4B, 0x5A6A, 0x5A6B, 0x5A6B, 0x5A6B, 0x626B, 0x626B, 0x626B, 0x628C,   // 0x1600 (5632)
0x31A2, 0x3181, 0x3142, 0x18E2, 0x39A2, 0x2162, 0x29A2, 0x4223, 0x41E3, 0x39A4, 0x2983, 0x29A2, 0x29A2, 0x2163, 0x2124, 0x2124,   // 0x1610 (5648)
0x4223, 0x41E4, 0x41C4, 0x31A4, 0x5265, 0x41E5, 0x39C6, 0x41E6, 0x4A07, 0x5247, 0x4206, 0x4A07, 0x6AE9, 0x6AC7, 0x6286, 0x62A7,   // 0x1620 (5664)
0x5247, 0x836D, 0xD5B9, 0xD5FA, 0xCDDB, 0xCDDA, 0xB5BB, 0x9D9B, 0xA59B, 0xADBB, 0x9D9B, 0x8D7C, 0x955B, 0x953A, 0x9519, 0x94F9,   // 0x1630 (5680)
0x8CD8, 0x8CB8, 0x8C76, 0x8435, 0x8414, 0x8414, 0x8BF3, 0x83F3, 0x83D3, 0x83D3, 0x83D2, 0x83B2, 0x83B1, 0x83B1, 0x83D2, 0x83D2,   // 0x1640 (5696)
0x8BD2, 0x8BD2, 0x8BD2, 0x8BF2, 0x93F2, 0x93F2, 0x93F1, 0x93F1, 0x93D0, 0x93B0, 0x93D0, 0x9BCF, 0xA3CF, 0xABEF, 0xB40E, 0xC44E,   // 0x1650 (5712)
0xDC8E, 0xECEE, 0xF52E, 0xFD8E, 0xFDAE, 0xFDB0, 0xF552, 0xED32, 0xD4D2, 0x9BF1, 0x8390, 0x836F, 0x834F, 0x7B4E, 0x7B2E, 0x7B2E,   // 0x1660 (5728)
0x832E, 0x8B4D, 0x938D, 0x9B8D, 0xA38D, 0xABAD, 0xABCD, 0xABCD, 0xB3ED, 0xB3CD, 0xBBED, 0xD44D, 0xECAE, 0xECAE, 0xABAD, 0x62CD,   // 0x1670 (5744)
0x62AC, 0x628C, 0x628C, 0x628C, 0x628B, 0x628B, 0x628B, 0x628B, 0x628B, 0x628B, 0x626C, 0x628C, 0x628B, 0x6A8B, 0x626C, 0x628C,   // 0x1680 (5760)
0x10A1, 0x3982, 0x4A03, 0x41C3, 0x2922, 0x2943, 0x3183, 0x3A22, 0x3A21, 0x4222, 0x39E3, 0x2143, 0x2142, 0x31C3, 0x2964, 0x2944,   // 0x1690 (5776)
0x2123, 0x3184, 0x5225, 0x39A5, 0x39E3, 0x5265, 0x41E5, 0x4205, 0x4A25, 0x4A05, 0x39E6, 0x31E5, 0x31C4, 0x5246, 0x6287, 0x5A46,   // 0x16A0 (5792)
0x5A46, 0x6266, 0x8B8D, 0xE619, 0xDE1A, 0xD5FA, 0xCDFB, 0xBDDB, 0xBDDB, 0xBDDB, 0xBDFC, 0xA5BC, 0x9D9C, 0xA59B, 0x9D7A, 0x9D5A,   // 0x16B0 (5808)
0x9D39, 0x9519, 0x94F9, 0x94D8, 0x94D7, 0x9CB7, 0x9C96, 0x9C75, 0x9C75, 0x9C75, 0x9454, 0x9C54, 0x9434, 0x9434, 0x9434, 0x9454,   // 0x16C0 (5824)
0x9454, 0x9454, 0x9454, 0x9434, 0x9433, 0x9C33, 0x9C12, 0x9C12, 0x93D1, 0x9BF0, 0x9BCF, 0x9BCF, 0xA3EF, 0xAC0F, 0xBC2F, 0xC44E,   // 0x16D0 (5840)
0xDC8E, 0xECCE, 0xED0E, 0xF52E, 0xF52F, 0xF550, 0xF551, 0xED52, 0xE512, 0xB452, 0x9BD0, 0x8B90, 0x838F, 0x836F, 0x836F, 0x836F,   // 0x16E0 (5856)
0x8B6F, 0x9BAE, 0xABCE, 0xABEE, 0xBBEE, 0xCC4E, 0xD46E, 0xD46E, 0xDC6F, 0xE4AF, 0xE4AF, 0xECAE, 0xF4EE, 0xECCF, 0xD44E, 0x7B0D,   // 0x16F0 (5872)
0x6ACC, 0x6AAC, 0x62AC, 0x62AC, 0x62AC, 0x6AAC, 0x6AAC, 0x62AC, 0x6AAC, 0x62AC, 0x628B, 0x628B, 0x628B, 0x6A8B, 0x6AAC, 0x6AAC,   // 0x1700 (5888)
0x2141, 0x2962, 0x3163, 0x5202, 0x4A03, 0x4A02, 0x39E2, 0x39A3, 0x4A43, 0x4A62, 0x5263, 0x5243, 0x39C2, 0x31C2, 0x39E4, 0x3164,   // 0x1710 (5904)
0x2144, 0x2125, 0x39A5, 0x39A4, 0x39A3, 0x41E4, 0x49E5, 0x39C4, 0x5245, 0x5245, 0x4A46, 0x31C5, 0x4205, 0x3A07, 0x49E7, 0x49E5,   // 0x1720 (5920)
0x72E7, 0x6286, 0x4A06, 0x93EF, 0xEE7A, 0xD63B, 0xCDFB, 0xC5FC, 0xBDFC, 0xB5FC, 0xBDFC, 0xB5FC, 0xA5DC, 0xADFC, 0x95BC, 0x9D9C,   // 0x1730 (5936)
0x9D7B, 0x9D7B, 0x9D5B, 0x9D5A, 0x9D5A, 0xA539, 0xA538, 0xAD18, 0xACF7, 0xACF7, 0xACF7, 0xACF7, 0xACF7, 0xA4D7, 0xA4D6, 0xA4D7,   // 0x1740 (5952)
0x9CD7, 0x9CD7, 0x9CD7, 0x9C96, 0x9C95, 0x9C74, 0x9C54, 0x9C32, 0x9C11, 0xA411, 0xA410, 0xA410, 0xAC0F, 0xB42F, 0xC44F, 0xCC8F,   // 0x1750 (5968)
0xDCAF, 0xE4CF, 0xED0F, 0xED0F, 0xED10, 0xED11, 0xE532, 0xE532, 0xED52, 0xED52, 0xE532, 0xCCB2, 0xA410, 0x93B0, 0x8BB0, 0x8BB0,   // 0x1760 (5984)
0x93D0, 0xA3EF, 0xBC4F, 0xCC6F, 0xDC8F, 0xECCF, 0xF50F, 0xF510, 0xDCB0, 0xD48F, 0xE4AF, 0xD48F, 0xCC6F, 0xC42F, 0xABCE, 0x730D,   // 0x1770 (6000)
0x62CD, 0x62CD, 0x62AD, 0x62AD, 0x62AD, 0x6AAD, 0x6ACC, 0x6ACC, 0x6AAC, 0x6AAC, 0x6AAC, 0x6AAC, 0x6ACC, 0x6ACC, 0x72CC, 0x72CC,   // 0x1780 (6016)
0x2982, 0x10A2, 0x0882, 0x18E2, 0x3982, 0x5202, 0x5242, 0x39C2, 0x39E2, 0x4A23, 0x4202, 0x4A63, 0x4222, 0x4242, 0x39C4, 0x39A4,   // 0x1790 (6032)
0x39A5, 0x1903, 0x10E4, 0x1904, 0x2944, 0x39C4, 0x3164, 0x3984, 0x4A44, 0x31A4, 0x39A4, 0x5266, 0x3A24, 0x3205, 0x41E6, 0x4A07,   // 0x17A0 (6048)
0x4A27, 0x5A66, 0x6286, 0x4A06, 0xB4F2, 0xE67B, 0xD63C, 0xCE3C, 0xCE3C, 0xC63C, 0xBE3C, 0xBE3D, 0xB61C, 0xBE1C, 0xADFC, 0xA5DC,   // 0x17B0 (6064)
0xA5BC, 0xADBB, 0xADBB, 0xB5BB, 0xADBB, 0xA59B, 0xAD9A, 0xAD79, 0xAD59, 0xAD59, 0xB559, 0xB579, 0xBD58, 0xBD58, 0xBD57, 0xB538,   // 0x17C0 (6080)
0xAD18, 0xA538, 0xA539, 0xA519, 0xA4F7, 0xA4B6, 0xAC95, 0xAC93, 0xAC73, 0xAC52, 0xAC52, 0xB451, 0xB471, 0xC471, 0xCCB1, 0xD4D0,   // 0x17D0 (6096)
0xDCF0, 0xED10, 0xED30, 0xF551, 0xF571, 0xF591, 0xF592, 0xF5B2, 0xF5B2, 0xF5B2, 0xF592, 0xED72, 0xE532, 0xBCB3, 0xA432, 0x9C12,   // 0x17E0 (6112)
0xA431, 0xBC71, 0xD4B1, 0xDCF1, 0xED11, 0xED31, 0xED11, 0xED31, 0xE4D0, 0xCC70, 0xD490, 0xBC50, 0x93AF, 0x834E, 0x7B2E, 0x6AEE,   // 0x17F0 (6128)
0x62EE, 0x62EE, 0x6AED, 0x834E, 0x730D, 0x6ACD, 0x6ACD, 0x6ACC, 0x6ACC, 0x72CC, 0x72EC, 0x6ACC, 0x72EC, 0x6ACC, 0x6ACC, 0x72ED,   // 0x1800 (6144)
0x18E2, 0x18C2, 0x3164, 0x10A2, 0x2922, 0x3163, 0x2943, 0x4203, 0x4A23, 0x39E2, 0x39A2, 0x41E2, 0x3A02, 0x4242, 0x4224, 0x2965,   // 0x1810 (6160)
0x2944, 0x3184, 0x2124, 0x2944, 0x2125, 0x41E6, 0x41C5, 0x5A85, 0x4A24, 0x5A65, 0x62A5, 0x5AC5, 0x62C6, 0x4284, 0x3A25, 0x2985,   // 0x1820 (6176)
0x31A7, 0x41E8, 0x4A27, 0x5226, 0x6B07, 0x940D, 0xDE7A, 0xD67C, 0xC65C, 0xC65C, 0xBE5D, 0xBE3D, 0xB63D, 0xB63D, 0xB63D, 0xAE1D,   // 0x1830 (6192)
0xAE1C, 0xB61C, 0xB61C, 0xB61C, 0xBDFC, 0xB5FC, 0xBDDB, 0xBDBA, 0xBDBA, 0xB5BB, 0xB5BA, 0xBDBA, 0xC5B9, 0xC599, 0xCD98, 0xC578,   // 0x1840 (6208)
0xB578, 0xAD59, 0xAD59, 0xAD38, 0xB517, 0xB4F6, 0xB516, 0xBCF5, 0xBCF5, 0xC4F4, 0xC4F4, 0xC4F4, 0xC4F3, 0xC4F3, 0xCCF3, 0xD512,   // 0x1850 (6224)
0xDD12, 0xE531, 0xED51, 0xF592, 0xF5B2, 0xFDD2, 0xFDF2, 0xFDF3, 0xFDF3, 0xFDF3, 0xF5D4, 0xE594, 0xDD54, 0xCD15, 0xACB5, 0xAC94,   // 0x1860 (6240)
0xB4B4, 0xC4D3, 0xD514, 0xD513, 0xD4F3, 0xDCF2, 0xE512, 0xDCF1, 0xDCF1, 0xC470, 0xB430, 0x9BD0, 0x93AF, 0x836F, 0x732F, 0x7B6F,   // 0x1870 (6256)
0x7B4E, 0x7B4E, 0x938E, 0x938E, 0x730D, 0x72ED, 0x72ED, 0x730D, 0x730D, 0x730D, 0x72ED, 0x72ED, 0x730D, 0x72ED, 0x730D, 0x7B2E,   // 0x1880 (6272)
0x18C2, 0x2943, 0x41C4, 0x3184, 0x18E3, 0x2123, 0x2923, 0x1903, 0x2942, 0x2942, 0x4A22, 0x4A24, 0x2962, 0x31C2, 0x31E3, 0x39E4,   // 0x1890 (6288)
0x39A4, 0x39A4, 0x3184, 0x2944, 0x2104, 0x18E4, 0x2125, 0x2924, 0x5225, 0x41E4, 0x39E2, 0x5283, 0x6AC6, 0x62A5, 0x4AA4, 0x5A85,   // 0x18A0 (6304)
0x4A47, 0x4A48, 0x39E7, 0x4207, 0x5246, 0x7307, 0x8BEA, 0x9C4B, 0x7308, 0x6B07, 0x838B, 0xAD15, 0xDE7C, 0xCE5D, 0xC65C, 0xC65D,   // 0x18B0 (6320)
0xC63C, 0xC63D, 0xC63C, 0xCE3C, 0xCE3C, 0xC61C, 0xBE1C, 0xC61B, 0xC5FB, 0xBDFB, 0xBDDB, 0xBDDB, 0xC5FB, 0xCDFA, 0xD5F9, 0xCDDA,   // 0x18C0 (6336)
0xCDBA, 0xCDD9, 0xCDB9, 0xC5B9, 0xC599, 0xC599, 0xC598, 0xCD98, 0xD597, 0xDDB7, 0xDD97, 0xD576, 0xCD77, 0xCD56, 0xCD56, 0xD555,   // 0x18D0 (6352)
0xDD54, 0xE553, 0xE573, 0xED73, 0xF5B3, 0xF5D3, 0xFDF4, 0xFE14, 0xF635, 0xF616, 0xEDF7, 0xDDB8, 0xCD98, 0xBD79, 0xAD39, 0xA518,   // 0x18E0 (6368)
0xAD17, 0xBD16, 0xCD56, 0xE595, 0xDD54, 0xD513, 0xDD13, 0xE532, 0xF592, 0xE552, 0xC492, 0xA431, 0x93D0, 0x93B0, 0x8BB0, 0x7B4F,   // 0x18F0 (6384)
0x7B4F, 0x7B4E, 0x7B4E, 0x7B2E, 0x732E, 0x732E, 0x732E, 0x7B2E, 0x7B2D, 0x7B2E, 0x7B2E, 0x7B2E, 0x7B2E, 0x7B2E, 0x7B2E, 0x834E,   // 0x1900 (6400)
0x08A2, 0x0882, 0x18E2, 0x2103, 0x2124, 0x2922, 0x3144, 0x2944, 0x41C3, 0x3983, 0x3182, 0x2963, 0x3A03, 0x4242, 0x3202, 0x5283,   // 0x1910 (6416)
0x4A44, 0x39C5, 0x3184, 0x1904, 0x2944, 0x2925, 0x10E4, 0x2964, 0x39C4, 0x2944, 0x2965, 0x2165, 0x41E6, 0x6AC7, 0x6AC6, 0x5265,   // 0x1920 (6432)
0x4A06, 0x5AE6, 0x4A87, 0x4A27, 0x4A46, 0x5266, 0x7B87, 0x8BE8, 0x83E7, 0x83E7, 0x83A7, 0x83A7, 0x9C6C, 0xCDD7, 0xD67C, 0xD67C,   // 0x1930 (6448)
0xD67C, 0xCE5C, 0xD65C, 0xDE5C, 0xD65C, 0xCE5C, 0xCE5C, 0xCE5C, 0xCE5C, 0xCE3C, 0xC63C, 0xBE3C, 0xBE3C, 0xCE3C, 0xD63B, 0xD63B,   // 0x1940 (6464)
0xCE1B, 0xD61B, 0xD61B, 0xCE1B, 0xCE1B, 0xC61B, 0xD61B, 0xCE1B, 0xD61A, 0xDE19, 0xE619, 0xDDF9, 0xD5FA, 0xCDDA, 0xC5DA, 0xCDD9,   // 0x1950 (6480)
0xDDD7, 0xE5B6, 0xE5B6, 0xDD96, 0xE596, 0xE5B6, 0xEDD6, 0xEDF7, 0xEE19, 0xDE3A, 0xD61B, 0xCDFB, 0xBDDB, 0xB5BB, 0xAD7A, 0xAD79,   // 0x1960 (6496)
0xAD59, 0xAD38, 0xB538, 0xCD77, 0xD555, 0xE575, 0xED94, 0xED94, 0xED93, 0xED93, 0xD513, 0xC4B2, 0xAC31, 0x8BB0, 0xA411, 0x93AF,   // 0x1970 (6512)
0x838F, 0x836F, 0x836F, 0x7B6E, 0x7B6F, 0x7B4E, 0x7B4F, 0x7B4F, 0x7B4E, 0x7B4F, 0x7B4F, 0x7B4F, 0x7B4F, 0x7B4F, 0x836F, 0x8B90,   // 0x1980 (6528)
0x2962, 0x18E3, 0x3164, 0x2902, 0x3143, 0x2903, 0x2103, 0x3185, 0x3164, 0x2123, 0x3163, 0x3165, 0x3183, 0x4A03, 0x5AA4, 0x52A2,   // 0x1990 (6544)
0x5AA3, 0x5245, 0x39A4, 0x2944, 0x2944, 0x2105, 0x3164, 0x4244, 0x4A24, 0x2944, 0x2145, 0x2966, 0x2125, 0x39A6, 0x4A26, 0x7327,   // 0x19A0 (6560)
0x62C7, 0x5A65, 0x6B27, 0x5266, 0x6AE6, 0x5A87, 0x5286, 0x7B27, 0x8BA8, 0x8C08, 0x8407, 0x83C6, 0x83C6, 0x8BC7, 0xACCF, 0xD67B,   // 0x19B0 (6576)
0xCE9D, 0xCE9D, 0xDE9C, 0xDE9D, 0xD67D, 0xD67D, 0xD67D, 0xCE7D, 0xCE7C, 0xCE7C, 0xC65D, 0xBE5D, 0xB65D, 0xB63D, 0xBE3D, 0xCE5C,   // 0x19C0 (6592)
0xC63C, 0xC65C, 0xCE5C, 0xD65C, 0xCE5C, 0xC65D, 0xC65C, 0xC63C, 0xC63C, 0xD65C, 0xD65C, 0xCE3C, 0xD63B, 0xCE1B, 0xBE1C, 0xBDFB,   // 0x19D0 (6608)
0xCE1B, 0xDE19, 0xDE19, 0xD5F9, 0xCDD9, 0xD5D9, 0xD5F9, 0xCDFA, 0xC61C, 0xBE1D, 0xBE1D, 0xB61C, 0xBE1C, 0xB5FC, 0xB5DB, 0xB5BB,   // 0x19E0 (6624)
0xBDBA, 0xC5D9, 0xCDD9, 0xC598, 0xBD36, 0xBD36, 0xBD15, 0xBCF5, 0xBCD4, 0xCD14, 0xBCD3, 0xA432, 0x9C11, 0x93D0, 0x93D0, 0x93D0,   // 0x19F0 (6640)
0x8BB0, 0x8BAF, 0x8BB0, 0x8BAF, 0x8390, 0x8390, 0x7B90, 0x7B70, 0x8370, 0x8370, 0x8390, 0x8390, 0x8390, 0x8BB0, 0x8BB1, 0x93D1,   // 0x1A00 (6656)
0x2941, 0x3963, 0x4184, 0x49A4, 0x49C4, 0x3964, 0x20E3, 0x2103, 0x2923, 0x2923, 0x2104, 0x2944, 0x2943, 0x31A3, 0x4A03, 0x4A03,   // 0x1A10 (6672)
0x5244, 0x39A4, 0x29A4, 0x31C4, 0x2944, 0x18E4, 0x2125, 0x2105, 0x1903, 0x39C4, 0x2985, 0x2125, 0x2146, 0x2145, 0x2965, 0x4A45,   // 0x1A20 (6688)
0x5246, 0x5A66, 0x6286, 0x5245, 0x62A7, 0x6AC7, 0x4264, 0x5265, 0x5AA4, 0x7345, 0x8367, 0x8C07, 0x7BC6, 0x7B66, 0x83A6, 0x946A,   // 0x1A30 (6704)
0xCE38, 0xDEBD, 0xDEBD, 0xD6BD, 0xD69D, 0xCE9E, 0xCE9D, 0xC69D, 0xC67D, 0xC67D, 0xBE7D, 0xBE7D, 0xBE7D, 0xBE7D, 0xBE7D, 0xBE5D,   // 0x1A40 (6720)
0xC67D, 0xAE5D, 0xB65D, 0xBE7D, 0xB65D, 0xAE5D, 0xA65E, 0xAE5D, 0xB65D, 0xC65D, 0xC65D, 0xB63D, 0xB63D, 0xAE1D, 0xA61D, 0xA63D,   // 0x1A50 (6736)
0xA63D, 0xA63D, 0xB63C, 0xC63C, 0xCE1B, 0xCE1B, 0xCE3C, 0xBE3C, 0xAE3D, 0xAE5D, 0xAE5D, 0xB65D, 0xBE5D, 0xB65D, 0xB61C, 0xB5FC,   // 0x1A60 (6752)
0xBDFB, 0xB5DB, 0xB5BB, 0xAD79, 0xAD59, 0xAD38, 0xA4F7, 0xA4B6, 0xA494, 0x9C74, 0x9C32, 0x9C32, 0x9C31, 0x9C11, 0x9C11, 0x9C11,   // 0x1A70 (6768)
0x9411, 0x9411, 0x93F1, 0x93F1, 0x93F1, 0x8BF1, 0x8BF1, 0x8BF1, 0x8BF1, 0x8BD1, 0x8BD1, 0x93F1, 0x93D2, 0x93F1, 0x93F2, 0x9412,   // 0x1A80 (6784)
0x2141, 0x3183, 0x2102, 0x3164, 0x4184, 0x5A48, 0x3984, 0x3143, 0x41A5, 0x2903, 0x18C2, 0x2944, 0x3164, 0x2923, 0x39C4, 0x6265,   // 0x1A90 (6800)
0x52A4, 0x4A63, 0x29A4, 0x3223, 0x39C4, 0x2964, 0x2924, 0x2105, 0x10E5, 0x08A4, 0x2964, 0x39C5, 0x39C5, 0x39C6, 0x2166, 0x1925,   // 0x1AA0 (6816)
0x2145, 0x31A6, 0x5245, 0x6AE7, 0x5A66, 0x62A6, 0x83A7, 0x6B05, 0x4AA3, 0x52A3, 0x6284, 0x6AE6, 0x7B46, 0x8C07, 0x8C07, 0x8C07,   // 0x1AB0 (6832)
0x7B47, 0xB554, 0xD6FE, 0xD6FE, 0xD6FE, 0xCEDE, 0xCEDE, 0xCEBE, 0xCEBE, 0xC6BE, 0xBE9E, 0xB69E, 0xB69D, 0xB67D, 0xB67D, 0xBE9D,   // 0x1AC0 (6848)
0xBE9D, 0xBE9E, 0xB69E, 0xB67E, 0xB67E, 0xAE7E, 0xA67D, 0xA67E, 0xA65E, 0xA65E, 0xA65D, 0xA65D, 0x9E3D, 0x9E3D, 0x9E5D, 0x9E5E,   // 0x1AD0 (6864)
0x9E5E, 0x9E5E, 0xA63D, 0xB65D, 0xC65C, 0xCE5C, 0xCE7D, 0xB67D, 0xAE7D, 0xAE7E, 0xB67E, 0xB67D, 0xB69D, 0xB69D, 0xB67D, 0xB65D,   // 0x1AE0 (6880)
0xB63D, 0xB63D, 0xB61C, 0xBDFB, 0xBDBA, 0xBD99, 0xB558, 0xB516, 0xACD5, 0xACB4, 0xACB4, 0xACB3, 0xA493, 0xA473, 0xA473, 0xA473,   // 0x1AF0 (6896)
0xA473, 0xA473, 0xA473, 0xA473, 0xA473, 0xA473, 0xA474, 0xA473, 0xA473, 0xA473, 0xA473, 0xAC73, 0xA453, 0xA453, 0x9C33, 0x9C53,   // 0x1B00 (6912)
0x2142, 0x10C2, 0x2103, 0x3985, 0x41A5, 0x49E7, 0x6267, 0x5A06, 0x41A5, 0x5A06, 0x51A4, 0x3944, 0x2904, 0x2944, 0x39A5, 0x41E4,   // 0x1B10 (6928)
0x2142, 0x4242, 0x52C4, 0x3262, 0x31E3, 0x2946, 0x3166, 0x2946, 0x10C4, 0x2104, 0x2964, 0x3184, 0x39C5, 0x2965, 0x1925, 0x1926,   // 0x1B20 (6944)
0x1947, 0x2166, 0x39E5, 0x4206, 0x6287, 0x5A66, 0x7306, 0x7B66, 0x6325, 0x62E5, 0x5264, 0x6285, 0x6285, 0x5264, 0x7346, 0x6B85,   // 0x1B30 (6960)
0x73A5, 0x7306, 0xBD94, 0xD6DE, 0xCEFE, 0xCEDE, 0xCEDE, 0xCEDE, 0xCEDE, 0xCEDE, 0xC6BE, 0xC6BE, 0xC6BE, 0xBE9E, 0xB69E, 0xB67E,   // 0x1B40 (6976)
0xBE9E, 0xC6BE, 0xC6BE, 0xC6BE, 0xBEBE, 0xBEBE, 0xBE9E, 0xBE9E, 0xBE9E, 0xBE9E, 0xB69E, 0xB67E, 0xAE7E, 0xAE7D, 0xAE7E, 0xB67E,   // 0x1B50 (6992)
0xB67E, 0xAE7E, 0xB67D, 0xC67D, 0xC67D, 0xCE9D, 0xBE7D, 0xB67D, 0xB69E, 0xB69E, 0xB69E, 0xB69D, 0xB69D, 0xB69D, 0xB67D, 0xBE7D,   // 0x1B60 (7008)
0xBE7D, 0xB69D, 0xBE7D, 0xCE5C, 0xCE3C, 0xC61B, 0xC5D9, 0xC598, 0xBD78, 0xBD78, 0xC597, 0xBD77, 0xB536, 0xBD36, 0xBD36, 0xCD76,   // 0x1B70 (7024)
0xDD95, 0xDD95, 0xBD15, 0xB516, 0xB4F5, 0xB515, 0xB4F5, 0xB4F5, 0xB4F6, 0xB4F5, 0xB4F6, 0xB4D5, 0xB4D5, 0xACB5, 0xACB5, 0xACB5,   // 0x1B80 (7040)
0x19A1, 0x2943, 0x41A5, 0x3143, 0x3984, 0x5A89, 0x5268, 0x4A06, 0x5267, 0x41C6, 0x6A87, 0x6A25, 0x5A06, 0x3964, 0x3144, 0x2944,   // 0x1B90 (7056)
0x2944, 0x2124, 0x3164, 0x5AE4, 0x42A2, 0x2183, 0x18E5, 0x18E5, 0x1905, 0x39A6, 0x39A5, 0x2965, 0x31A5, 0x31A5, 0x2125, 0x1905,   // 0x1BA0 (7072)
0x18E5, 0x18E5, 0x2166, 0x39C6, 0x31A6, 0x31A6, 0x4225, 0x62C5, 0x7327, 0x62C5, 0x7B87, 0x5264, 0x4A24, 0x4A65, 0x4A45, 0x4A45,   // 0x1BB0 (7088)
0x31C5, 0x6325, 0x7BA7, 0xB572, 0xD6FD, 0xD6FE, 0xCEFE, 0xCEFE, 0xCEDE, 0xCEDE, 0xCEDE, 0xC6BE, 0xC6BE, 0xC6BE, 0xC6BE, 0xBEBE,   // 0x1BC0 (7104)
0xBEBE, 0xC6BE, 0xC6BE, 0xC6BE, 0xC6BE, 0xCEDE, 0xCEDE, 0xC6BE, 0xC6BE, 0xC6BE, 0xBEBE, 0xBEBE, 0xBEBE, 0xBEBE, 0xBE9E, 0xBEBE,   // 0x1BD0 (7120)
0xBEBE, 0xBE9E, 0xB69D, 0xBE9E, 0xB69E, 0xBE9E, 0xB69E, 0xBE9E, 0xBE9D, 0xB69D, 0xB67D, 0xB65D, 0xB67D, 0xBE7D, 0xBE7D, 0xBE9D,   // 0x1BE0 (7136)
0xBE9D, 0xBE9D, 0xCEBD, 0xCE9D, 0xCE9D, 0xCE7C, 0xCE5C, 0xC67D, 0xCE7D, 0xD65B, 0xDE3A, 0xD63A, 0xD5F9, 0xD5F9, 0xE618, 0xF677,   // 0x1BF0 (7152)
0xFEB5, 0xFE96, 0xE5F7, 0xDDD7, 0xD5B7, 0xD5B8, 0xD5B8, 0xD5B8, 0xCD98, 0xCDB8, 0xCDB8, 0xC578, 0xC578, 0xC557, 0xC557, 0xC558,   // 0x1C00 (7168)
0x52E1, 0x42A1, 0x4223, 0x3163, 0x3164, 0x4207, 0x5268, 0x62CA, 0x4A27, 0x41E6, 0x5227, 0x5A05, 0x6267, 0x6267, 0x41A5, 0x2924,   // 0x1C10 (7184)
0x18C3, 0x2945, 0x3164, 0x5A64, 0x4224, 0x4204, 0x2945, 0x2125, 0x10C4, 0x08A4, 0x10C5, 0x08C5, 0x10E5, 0x2145, 0x3185, 0x3185,   // 0x1C20 (7200)
0x2965, 0x2125, 0x1925, 0x31A6, 0x2145, 0x3186, 0x2986, 0x2964, 0x31A4, 0x4204, 0x7B87, 0x7366, 0x6306, 0x39E5, 0x31C4, 0x39E5,   // 0x1C30 (7216)
0x52EC, 0x4266, 0x6B45, 0x83C7, 0x9CCC, 0xC659, 0xCEFE, 0xCEFE, 0xCEDE, 0xCEDE, 0xCEDE, 0xCEDE, 0xCEDE, 0xCEDE, 0xC6DE, 0xC6DE,   // 0x1C40 (7232)
0xCEDE, 0xCEDE, 0xCEDE, 0xCEDE, 0xCEDE, 0xCEDE, 0xCEDE, 0xCEDE, 0xCEDE, 0xC6DE, 0xC6DE, 0xC6DE, 0xC6DE, 0xCEDE, 0xC6DE, 0xCEDE,   // 0x1C50 (7248)
0xCEDE, 0xC6DE, 0xBEBE, 0xBEBD, 0xBEBE, 0xBEBE, 0xBEBE, 0xBE9D, 0xBE7D, 0xBE7D, 0xB65D, 0xBE7D, 0xBE7D, 0xBE5D, 0xBE7D, 0xBE7D,   // 0x1C60 (7264)
0xBE7D, 0xC69D, 0xC69D, 0xC69D, 0xC6BD, 0xCEBD, 0xCEDD, 0xD6FE, 0xDEDD, 0xE6BC, 0xEEBC, 0xE69B, 0xEE9B, 0xEE7B, 0xEE7A, 0xF6B9,   // 0x1C70 (7280)
0xFEF7, 0xFF17, 0xFED9, 0xF6B9, 0xF6B9, 0xEE7A, 0xEE9A, 0xEE9A, 0xE67B, 0xDE5B, 0xDE5B, 0xE69C, 0xDE5B, 0xD61B, 0xD61A, 0xDE1A,   // 0x1C80 (7296)
0x4221, 0x4A41, 0x4240, 0x3A81, 0x3A22, 0x39C5, 0x4207, 0x5269, 0x4A28, 0x41E7, 0x4208, 0x41E6, 0x49E6, 0x5A88, 0x5227, 0x5A68,   // 0x1C90 (7312)
0x4A06, 0x2124, 0x2105, 0x3184, 0x2985, 0x2945, 0x2946, 0x3185, 0x2945, 0x18E5, 0x10C4, 0x10C4, 0x10C5, 0x1105, 0x2125, 0x10E5,   // 0x1CA0 (7328)
0x2145, 0x39A6, 0x39E5, 0x2985, 0x4A25, 0x4A66, 0x5286, 0x41E6, 0x31A5, 0x31C5, 0x41E5, 0x6AC5, 0x6B05, 0x4206, 0x31C6, 0x3185,   // 0x1CB0 (7344)
0x6BAF, 0x4269, 0x3205, 0x5AE7, 0x6345, 0x8407, 0xB5D5, 0xCEFD, 0xCEDE, 0xCEFE, 0xCEFE, 0xCEDE, 0xCEDE, 0xC6DE, 0xC6DE, 0xC6DE,   // 0x1CC0 (7360)
0xC6DE, 0xCEDE, 0xCEDE, 0xCEDE, 0xCEDE, 0xCEDE, 0xCEDE, 0xCEDE, 0xCEDE, 0xCEFE, 0xCEFE, 0xCEFE, 0xCEDE, 0xCEDE, 0xCEDE, 0xCEDE,   // 0x1CD0 (7376)
0xCEFE, 0xCEFE, 0xCEFE, 0xCEDE, 0xCEDE, 0xC6DE, 0xC69D, 0xBE7D, 0xBE5D, 0xBE5C, 0xBE5D, 0xBE5C, 0xBE5C, 0xBE5C, 0xC65C, 0xC67D,   // 0x1CE0 (7392)
0xC67D, 0xC67D, 0xCE7D, 0xCE9D, 0xCE9D, 0xD6BD, 0xD6DD, 0xDEDD, 0xDEDD, 0xEEFD, 0xEEFD, 0xEEFC, 0xEEDC, 0xEEDC, 0xF6DC, 0xF6DB,   // 0x1CF0 (7408)
0xFEFB, 0xFF1A, 0xFF1B, 0xF6FB, 0xF6DB, 0xEEBC, 0xEEBC, 0xEEDC, 0xEEDC, 0xEEDD, 0xEEFD, 0xEF3E, 0xEF5E, 0xE6DD, 0xDE3B, 0xE63A,   // 0x1D00 (7424)
0x3A62, 0x31A1, 0x3181, 0x4A41, 0x5282, 0x4AC3, 0x3A24, 0x39E7, 0x5269, 0x52AA, 0x39E7, 0x3165, 0x2944, 0x18C2, 0x3164, 0x4A06,   // 0x1D10 (7440)
0x5248, 0x2144, 0x2104, 0x2105, 0x2104, 0x2965, 0x2106, 0x2945, 0x2945, 0x2145, 0x2105, 0x3186, 0x2945, 0x2145, 0x3186, 0x2965,   // 0x1D20 (7456)
0x1925, 0x2945, 0x31C4, 0x5285, 0x39E5, 0x2965, 0x31C4, 0x39E6, 0x31A6, 0x31C5, 0x2965, 0x5225, 0x6B04, 0x62C4, 0x4225, 0x52AA,   // 0x1D30 (7472)
0x7C74, 0x4AAC, 0x4ACA, 0x31E7, 0x31C5, 0x4A85, 0x8407, 0xA4EF, 0xCEDC, 0xD6FE, 0xCEFE, 0xD6FE, 0xD6FE, 0xD6FE, 0xD6FE, 0xD6FE,   // 0x1D40 (7488)
0xD6FE, 0xD6FE, 0xD6FE, 0xD6FE, 0xD6FE, 0xCEFE, 0xCEDE, 0xCEDE, 0xCEDE, 0xCEFE, 0xCEFE, 0xCEFE, 0xCEFE, 0xCEDE, 0xCEDE, 0xCEDE,   // 0x1D50 (7504)
0xCEFE, 0xCEFE, 0xCEDE, 0xCEDE, 0xCEDE, 0xC6DD, 0xC69D, 0xBE5C, 0xBE3C, 0xBE3C, 0xBE3C, 0xBE3C, 0xC63C, 0xC65C, 0xC65C, 0xCE5C,   // 0x1D60 (7520)
0xCE7C, 0xCE7C, 0xCE7C, 0xD69C, 0xD69D, 0xD6BD, 0xD6BD, 0xDEBD, 0xDEBD, 0xDEDD, 0xE6FD, 0xEEFD, 0xEF1D, 0xEF1D, 0xEEFD, 0xEF1D,   // 0x1D70 (7536)
0xF71D, 0xF71D, 0xF71D, 0xEEDD, 0xEEDD, 0xE6DD, 0xE6BC, 0xEEDD, 0xEEFD, 0xF6FD, 0xF73D, 0xF73D, 0xEEFD, 0xEE7B, 0xEE5A, 0xEE7A,   // 0x1D80 (7552)
0x4322, 0x31E1, 0x2942, 0x31A1, 0x39E1, 0x52C2, 0x4AA2, 0x3262, 0x39E4, 0x52A9, 0x41E8, 0x4A28, 0x5A48, 0x41E7, 0x18C2, 0x18E2,   // 0x1D90 (7568)
0x10A3, 0x18E3, 0x3145, 0x4185, 0x18C4, 0x2145, 0x18E6, 0x2925, 0x2125, 0x2105, 0x3166, 0x3167, 0x4A28, 0x4227, 0x31A5, 0x31A5,   // 0x1DA0 (7584)
0x2945, 0x2124, 0x39A5, 0x31A5, 0x39C6, 0x39E6, 0x4A26, 0x4226, 0x31A5, 0x4206, 0x39C5, 0x39A4, 0x5AA4, 0x5AE2, 0x4222, 0x4A89,   // 0x1DB0 (7600)
0x7C52, 0x6BD0, 0x5B2C, 0x4247, 0x31E8, 0x31E6, 0x4A85, 0x8BE7, 0xAD2F, 0xDF1D, 0xDF1E, 0xDF1E, 0xDF1E, 0xDF1E, 0xDF1E, 0xDF1E,   // 0x1DC0 (7616)
0xDF1E, 0xDF1E, 0xDF1E, 0xDF1E, 0xD71E, 0xD71E, 0xD6FE, 0xD6FE, 0xD71E, 0xD6FE, 0xD6FE, 0xD6FE, 0xD71E, 0xD71E, 0xD71E, 0xDF1E,   // 0x1DD0 (7632)
0xDF1E, 0xD71E, 0xD71E, 0xD6FE, 0xD6FE, 0xCEBD, 0xC67D, 0xBE5C, 0xBE5C, 0xC63C, 0xC63C, 0xC63C, 0xCE5C, 0xCE5C, 0xCE5C, 0xD67C,   // 0x1DE0 (7648)
0xD67C, 0xD69C, 0xD69C, 0xD69C, 0xD69C, 0xDEBC, 0xDEBD, 0xDEDD, 0xE6FD, 0xE71D, 0xE71D, 0xE71D, 0xE71D, 0xE71D, 0xEF1D, 0xEF1D,   // 0x1DF0 (7664)
0xEF1D, 0xEF3D, 0xEEFD, 0xE6DD, 0xEEFD, 0xE6BC, 0xE67C, 0xEE9C, 0xEE9B, 0xF6BB, 0xF6BB, 0xF6BB, 0xEE9B, 0xEE9B, 0xF69B, 0xF6DB,   // 0x1E00 (7680)
0x4B42, 0x4321, 0x2A02, 0x2141, 0x29A1, 0x3A41, 0x52E3, 0x2221, 0x4302, 0x5B04, 0x4AA7, 0x39E8, 0x41E7, 0x4A28, 0x6B0C, 0x39C6,   // 0x1E10 (7696)
0x0882, 0x18E4, 0x3164, 0x5207, 0x4A08, 0x5229, 0x18E4, 0x18E5, 0x10C4, 0x2125, 0x1905, 0x2145, 0x4A28, 0x5248, 0x39C6, 0x39A5,   // 0x1E20 (7712)
0x4A06, 0x4A06, 0x41A6, 0x39C5, 0x6B07, 0x62C7, 0x4A27, 0x5247, 0x39C6, 0x5AC5, 0x5AC5, 0x31C4, 0x52A3, 0x5AC3, 0x4223, 0x31C6,   // 0x1E30 (7728)
0x6BF1, 0x6BD1, 0x4AAB, 0x4249, 0x4AEB, 0x3A28, 0x4267, 0x5284, 0x6B85, 0x9CCD, 0xDEDC, 0xE71E, 0xE71E, 0xDF1D, 0xDF1E, 0xDF1D,   // 0x1E40 (7744)
0xDF1D, 0xDF1E, 0xDF1E, 0xDF1E, 0xDF1E, 0xDF1E, 0xDF1E, 0xDF1E, 0xDF1E, 0xDF1E, 0xDF1E, 0xDF1E, 0xE73E, 0xE73E, 0xE73E, 0xE73E,   // 0x1E50 (7760)
0xE73E, 0xE73E, 0xDF1E, 0xD6FD, 0xCE9D, 0xC67C, 0xC65C, 0xC65C, 0xC65C, 0xC65C, 0xC65C, 0xCE5C, 0xD67C, 0xD67C, 0xD69C, 0xDE9C,   // 0x1E60 (7776)
0xDEBC, 0xDEBC, 0xDEBC, 0xDEDC, 0xE6DD, 0xE6DD, 0xE6FD, 0xE71D, 0xEF3E, 0xE71D, 0xE71D, 0xE71D, 0xE6FD, 0xE71D, 0xEF3D, 0xEF3D,   // 0x1E70 (7792)
0xEF5E, 0xF75E, 0xEF1D, 0xEEFD, 0xEEFD, 0xEEFC, 0xEEFC, 0xEEDC, 0xEEBC, 0xEEBB, 0xF6BB, 0xF6DB, 0xF6FB, 0xF6FC, 0xFEFB, 0xFF1C,   // 0x1E80 (7808)
0x4B21, 0x4301, 0x4341, 0x3AC1, 0x21A1, 0x2281, 0x2AC1, 0x2AA1, 0x2AC1, 0x4321, 0x4B62, 0x3AA3, 0x4206, 0x4A29, 0x526A, 0x4208,   // 0x1E90 (7824)
0x2945, 0x10A3, 0x1083, 0x41E8, 0x41C7, 0x41E6, 0x39C6, 0x2125, 0x2945, 0x2125, 0x10C4, 0x2945, 0x5A89, 0x4A28, 0x39E7, 0x39A6,   // 0x1EA0 (7840)
0x18E4, 0x3186, 0x39A6, 0x3185, 0x41E5, 0x62C6, 0x41C5, 0x5A87, 0x5267, 0x4205, 0x5264, 0x4263, 0x5AA4, 0x5AE2, 0x4A43, 0x31C5,   // 0x1EB0 (7856)
0x634D, 0x5B6E, 0x322A, 0x4AAB, 0x4289, 0x52AA, 0x5289, 0x52C5, 0x6344, 0x5265, 0x7BCB, 0xD67A, 0xBDD4, 0x9CCA, 0xAD0B, 0xA4C9,   // 0x1EC0 (7872)
0xA4E9, 0xA52B, 0xB56F, 0xC614, 0xDEDB, 0xE73E, 0xE73E, 0xE73E, 0xE73E, 0xE73E, 0xE73E, 0xE73E, 0xE75E, 0xE73E, 0xE73E, 0xE71E,   // 0x1ED0 (7888)
0xDEFE, 0xD6FE, 0xD6BD, 0xCEBD, 0xCE9D, 0xCE9C, 0xCE7C, 0xCE7C, 0xCE7C, 0xCE7C, 0xD67C, 0xCE5A, 0xCDF7, 0xD639, 0xE6DD, 0xE6FD,   // 0x1EE0 (7904)
0xE6FD, 0xE6FD, 0xE6FD, 0xE71D, 0xE71D, 0xE71E, 0xE71D, 0xE71E, 0xE71D, 0xE71D, 0xE73E, 0xEF3E, 0xEF5D, 0xF75D, 0xF75E, 0xF77D,   // 0x1EF0 (7920)
0xF75D, 0xF75D, 0xF73D, 0xF73D, 0xFF3D, 0xF75D, 0xF75D, 0xF73D, 0xF73D, 0xF71D, 0xF6FC, 0xFF1B, 0xFF1B, 0xFF3B, 0xFF3C, 0xFF3C,   // 0x1F00 (7936)
0x5381, 0x5361, 0x5361, 0x53A1, 0x4B81, 0x4B81, 0x3B02, 0x3302, 0x3B21, 0x2AC2, 0x2AA1, 0x3B41, 0x4321, 0x42C3, 0x5AE7, 0x5248,   // 0x1F10 (7952)
0x3185, 0x2944, 0x2946, 0x3167, 0x3186, 0x3986, 0x3185, 0x2104, 0x41A5, 0x4207, 0x10A4, 0x3186, 0x5248, 0x62A9, 0x5A89, 0x4207,   // 0x1F20 (7968)
0x31A6, 0x3986, 0x3145, 0x3186, 0x2945, 0x39A5, 0x5287, 0x4205, 0x39C6, 0x41E6, 0x39A5, 0x4263, 0x5AA4, 0x5AA3, 0x4244, 0x4204,   // 0x1F30 (7984)
0x4A88, 0x634C, 0x322B, 0x3A6A, 0x4248, 0x3A49, 0x4A88, 0x5B2B, 0x5AE4, 0x5B04, 0x5AE4, 0x9CD2, 0xAD54, 0x842E, 0x7BC9, 0x9CAA,   // 0x1F40 (8000)
0x9467, 0x9CC7, 0x9CE6, 0xA4C6, 0xA4C8, 0xB56E, 0xD677, 0xE73D, 0xE73E, 0xE73E, 0xE73E, 0xE73E, 0xDF1E, 0xDEFD, 0xD6DD, 0xD6DD,   // 0x1F50 (8016)
0xD6BD, 0xD6BD, 0xD6BD, 0xD6BD, 0xD69D, 0xD69D, 0xD69D, 0xD69C, 0xC5F7, 0xACD0, 0x9C2C, 0x8BAA, 0x7309, 0x7309, 0xA4F3, 0xE73D,   // 0x1F60 (8032)
0xEF5E, 0xE71E, 0xE71D, 0xE71E, 0xE73E, 0xEF3E, 0xEF3E, 0xEF5E, 0xEF5E, 0xEF5E, 0xEF7E, 0xF75E, 0xF77D, 0xFF7D, 0xF75D, 0xF75D,   // 0x1F70 (8048)
0xF73D, 0xF73D, 0xF75D, 0xF75D, 0xF75D, 0xF75D, 0xFF5D, 0xFF5D, 0xFF5C, 0xFF5D, 0xFF5C, 0xFF5C, 0xFF5B, 0xFF5C, 0xFF5C, 0xFF7D,   // 0x1F80 (8064)
0x5BC1, 0x5BE1, 0x5BC1, 0x63C1, 0x53A1, 0x5BE1, 0x4B81, 0x4321, 0x32E1, 0x3B01, 0x2AE1, 0x3321, 0x4362, 0x3B22, 0x32E1, 0x4B04,   // 0x1F90 (8080)
0x4A46, 0x5227, 0x39A6, 0x49E7, 0x49E7, 0x5249, 0x4A28, 0x10A4, 0x18C4, 0x49E7, 0x5228, 0x39A6, 0x41E7, 0x5A89, 0x5A89, 0x4A28,   // 0x1FA0 (8096)
0x41E8, 0x39A5, 0x2965, 0x2965, 0x31A6, 0x2985, 0x31C5, 0x5AE5, 0x3185, 0x39C6, 0x49E4, 0x5264, 0x5244, 0x5263, 0x3A23, 0x3A03,   // 0x1FB0 (8112)
0x4248, 0x530C, 0x326B, 0x2A09, 0x3A07, 0x3A28, 0x4227, 0x636E, 0x52C4, 0x6343, 0x5B04, 0x7BEE, 0x9D35, 0x8451, 0x5AE9, 0xB5B6,   // 0x1FC0 (8128)
0xA511, 0x8BE7, 0xA488, 0xA467, 0xACA8, 0xA467, 0xACC7, 0xAD09, 0xBD8F, 0xDE97, 0xDF1C, 0xDF1D, 0xDEFD, 0xD6DD, 0xD6BD, 0xD6DD,   // 0x1FD0 (8144)
0xD6BD, 0xD6BD, 0xD6BD, 0xDEBD, 0xDEBD, 0xDEDD, 0xDEDD, 0xB512, 0x730A, 0x7309, 0x8329, 0x7B29, 0x6B09, 0x6B09, 0x6B09, 0x83ED,   // 0x1FE0 (8160)
0xDEBA, 0xEF5E, 0xEF5E, 0xEF5E, 0xEF5E, 0xEF5E, 0xEF7E, 0xEF7E, 0xEF7E, 0xEF7E, 0xF75D, 0xF75D, 0xF75D, 0xF77D, 0xF75D, 0xEF3D,   // 0x1FF0 (8176)
0xEF3D, 0xF75D, 0xF75D, 0xF75D, 0xFF5D, 0xFF5D, 0xFF7D, 0xFF7C, 0xFF5C, 0xFF5D, 0xFF5D, 0xFF5D, 0xF75D, 0xF75E, 0xF75E, 0xF77E,   // 0x2000 (8192)
0x5361, 0x5360, 0x63E1, 0x63E1, 0x5BC1, 0x5B81, 0x53C1, 0x4381, 0x4362, 0x3B22, 0x4361, 0x3B42, 0x3B22, 0x4B82, 0x3B22, 0x32E1,   // 0x2010 (8208)
0x3AE2, 0x52E4, 0x5A65, 0x41A5, 0x41A6, 0x4207, 0x39C6, 0x18C3, 0x2103, 0x39A6, 0x6AA8, 0x93CC, 0x5A89, 0x39C7, 0x736D, 0x4A29,   // 0x2020 (8224)
0x3986, 0x3186, 0x3186, 0x39C7, 0x39C7, 0x2986, 0x3186, 0x31A4, 0x31A6, 0x3186, 0x39A5, 0x5A64, 0x5AC4, 0x52E2, 0x4AA2, 0x39E2,   // 0x2030 (8240)
0x4247, 0x6BD1, 0x428C, 0x3229, 0x29C6, 0x4268, 0x3A28, 0x4A8A, 0x4288, 0x4263, 0x52A3, 0x840E, 0x9D36, 0x94D3, 0x7C0F, 0x73AC,   // 0x2040 (8256)
0xC67A, 0x7BAD, 0x7327, 0x7B46, 0x72E6, 0x8B67, 0x93C7, 0x9C28, 0xACC7, 0xACE7, 0xB4E9, 0xBD4E, 0xD658, 0xE71D, 0xE6FD, 0xDEFD,   // 0x2050 (8272)
0xDEDD, 0xDEFD, 0xDEFD, 0xDEFD, 0xE6FD, 0xE71E, 0xCE17, 0x8BAA, 0x5AA8, 0x6AE9, 0x7308, 0x7B49, 0x72E8, 0x6B09, 0x62C9, 0x6B29,   // 0x2060 (8288)
0x838B, 0xC5D6, 0xEF7E, 0xEF7F, 0xEF7E, 0xF77E, 0xF77E, 0xF77E, 0xF77E, 0xF77E, 0xF77D, 0xF77D, 0xF77D, 0xF75D, 0xEF5D, 0xEF3D,   // 0x2070 (8304)
0xEF3D, 0xEF5D, 0xEF3D, 0xF73D, 0xF73D, 0xF73D, 0xF73D, 0xF73D, 0xF73D, 0xF73D, 0xF73D, 0xEF3D, 0xEF3D, 0xEF3D, 0xEF3D, 0xEF3D,   // 0x2080 (8320)
0x4B21, 0x5341, 0x5B60, 0x5BA1, 0x5BA1, 0x5BA1, 0x5BC1, 0x5BE1, 0x53A1, 0x4341, 0x4322, 0x4361, 0x4361, 0x4361, 0x53E1, 0x4BA1,   // 0x2090 (8336)
0x4362, 0x4342, 0x5BA2, 0x4A44, 0x3985, 0x3984, 0x2924, 0x2943, 0x2103, 0x18E3, 0x5248, 0x6ACA, 0xA40D, 0x93CC, 0x5A8A, 0x736D,   // 0x20A0 (8352)
0x7B8D, 0x5228, 0x39A6, 0x49E7, 0x5248, 0x5AAA, 0x5A89, 0x5268, 0x4207, 0x31A6, 0x41E7, 0x41C5, 0x4A04, 0x5263, 0x4A42, 0x3A02,   // 0x20B0 (8368)
0x4225, 0x636E, 0x5B0C, 0x3A28, 0x3207, 0x4A67, 0x3A06, 0x4267, 0x4AA8, 0x31E3, 0x31E5, 0x6B4A, 0xBE1A, 0xAD77, 0x9D14, 0x634B,   // 0x20C0 (8384)
0x9D14, 0xBE19, 0x6308, 0x7B47, 0x62C6, 0x5266, 0x4A47, 0x4A46, 0x6AE6, 0x7B66, 0x9427, 0xACE7, 0xBD0A, 0xD611, 0xE6B8, 0xEEFB,   // 0x20D0 (8400)
0xDE99, 0xDEBA, 0xE71D, 0xE71D, 0xEF3D, 0xDEBA, 0xB4AD, 0x8B89, 0x7309, 0x62C8, 0x6B08, 0x7308, 0x7B29, 0x7B48, 0x5AA7, 0x6B27,   // 0x20E0 (8416)
0x7B4A, 0x7B6A, 0xAD12, 0xE6FB, 0xF77E, 0xF77E, 0xF77E, 0xF77E, 0xF77E, 0xF77E, 0xF77E, 0xF77E, 0xF77E, 0xF77D, 0xF75D, 0xF77D,   // 0x20F0 (8432)
0xF75D, 0xF75D, 0xF73D, 0xEF3D, 0xEF3D, 0xEF1D, 0xEF1D, 0xEF1D, 0xF73D, 0xFF3D, 0xFF5D, 0xF73D, 0xEF3D, 0xEF3D, 0xEF3D, 0xEF3D,   // 0x2100 (8448)
0x4B21, 0x4B21, 0x4B41, 0x5B81, 0x6BE1, 0x5BA1, 0x6BE1, 0x63E1, 0x63E1, 0x5BA1, 0x53A1, 0x4341, 0x4341, 0x5381, 0x63E2, 0x53C2,   // 0x2110 (8464)
0x53E1, 0x4BA1, 0x4362, 0x4B82, 0x3A23, 0x2964, 0x2143, 0x2963, 0x2964, 0x2124, 0x5249, 0x62CB, 0x6AA9, 0x8B8B, 0x7B6C, 0x62EB,   // 0x2120 (8480)
0x7B8E, 0x6B0C, 0x49E7, 0x41A7, 0x5A6A, 0x4A49, 0x4A29, 0x4208, 0x4A06, 0x4A28, 0x5A68, 0x4A07, 0x4206, 0x31C5, 0x5283, 0x4204,   // 0x2130 (8496)
0x39E4, 0x636E, 0x5B4D, 0x4247, 0x29C5, 0x4247, 0x29C7, 0x31E7, 0x4A89, 0x3A04, 0x31C5, 0x4A68, 0xBE1A, 0xBE3A, 0x8473, 0x636D,   // 0x2140 (8512)
0x632D, 0xD6DD, 0x846F, 0x6B45, 0x6B06, 0x5A86, 0x5267, 0x4206, 0x5267, 0x5A67, 0x62A7, 0x5AC7, 0x7B47, 0x93C7, 0xAC88, 0xBD29,   // 0x2150 (8528)
0xC528, 0xCD08, 0xCD6D, 0xDE12, 0xAC8D, 0xA42A, 0x9BC9, 0x8B69, 0x7B29, 0x62A8, 0x6AC8, 0x6AE7, 0x6AE8, 0x6AE8, 0x62C8, 0x6AE8,   // 0x2160 (8544)
0x7B2A, 0x7B4B, 0x7309, 0x7B29, 0xA44C, 0xBD50, 0xC572, 0xE6B8, 0xF75C, 0xFF9E, 0xF77E, 0xF77E, 0xF77E, 0xFF7D, 0xFF9E, 0xFF9D,   // 0x2170 (8560)
0xFF7D, 0xF75D, 0xFF7D, 0xF75D, 0xF73D, 0xF73D, 0xF73D, 0xF73D, 0xF75D, 0xF73D, 0xFF5D, 0xF73D, 0xF73D, 0xEF3D, 0xF73D, 0xF75D,   // 0x2180 (8576)
0x5BA1, 0x4B01, 0x5B41, 0x5321, 0x5321, 0x5341, 0x6BA1, 0x6C01, 0x5BA1, 0x4B61, 0x53A1, 0x5BE1, 0x53A1, 0x4B61, 0x53A1, 0x5BC1,   // 0x2190 (8592)
0x53A1, 0x53A1, 0x4BA1, 0x4381, 0x3B42, 0x42C3, 0x3A04, 0x39E3, 0x3183, 0x39C3, 0x5286, 0x4A89, 0x528A, 0x41E6, 0x732B, 0x4228,   // 0x21A0 (8608)
0x62EB, 0x6AEB, 0x41E7, 0x2925, 0x5208, 0x6AEB, 0x5269, 0x4A28, 0x5269, 0x5269, 0x6AE9, 0x6AEA, 0x5A88, 0x4A07, 0x39C5, 0x31A4,   // 0x21B0 (8624)
0x31C4, 0x6B8D, 0x5B4E, 0x3248, 0x4245, 0x4A67, 0x21C7, 0x21A7, 0x3A49, 0x31E5, 0x2985, 0x29A7, 0xA577, 0xB5FA, 0x638E, 0x6B8D,   // 0x21C0 (8640)
0x5B2B, 0xC65A, 0xADB6, 0x6B85, 0x7BA7, 0x62E7, 0x5A86, 0x4A45, 0x6AE9, 0x5247, 0x62E7, 0x4A47, 0x4206, 0x5A87, 0x5266, 0x6B08,   // 0x21D0 (8656)
0x9C48, 0xBCC7, 0xAC47, 0x93A7, 0x8348, 0x7307, 0x8BA7, 0x7327, 0x7B48, 0x7B29, 0x7309, 0x6AC8, 0x62A7, 0x6287, 0x62A7, 0x7308,   // 0x21E0 (8672)
0x732A, 0x6B0A, 0x7309, 0x6AC8, 0x6AE8, 0x8B69, 0x8349, 0x7B28, 0x8B89, 0xB4EE, 0xCDB2, 0xCDB4, 0xDE98, 0xFF7D, 0xFF9D, 0xFF7D,   // 0x21F0 (8688)
0xFF7D, 0xF77D, 0xF77D, 0xFF7D, 0xFF7D, 0xF75D, 0xF75D, 0xF75D, 0xF75E, 0xF75E, 0xF75E, 0xF75E, 0xF75E, 0xEF5E, 0xF75E, 0xF75E,   // 0x2200 (8704)
0x63A1, 0x4B21, 0x5321, 0x5321, 0x4B01, 0x5B41, 0x6BA1, 0x6BE1, 0x4B21, 0x4B41, 0x5361, 0x4B41, 0x5381, 0x63E1, 0x5BC1, 0x53A1,   // 0x2210 (8720)
0x6421, 0x6421, 0x6421, 0x5401, 0x4B82, 0x4362, 0x4B43, 0x4242, 0x39E3, 0x4AA3, 0x5B05, 0x62E9, 0x6B2B, 0x5289, 0x41E8, 0x4A28,   // 0x2220 (8736)
0x5229, 0x4208, 0x39A6, 0x4A25, 0x6AE7, 0x5A68, 0x5A69, 0x39C6, 0x31A6, 0x31A6, 0x4A28, 0x5289, 0x730A, 0x62CA, 0x4207, 0x31C5,   // 0x2230 (8752)
0x2985, 0x52CB, 0x6B90, 0x3A49, 0x29A6, 0x4248, 0x4269, 0x2186, 0x3A69, 0x4A66, 0x29A5, 0x2186, 0x8452, 0xB5F9, 0x634C, 0x6BEF,   // 0x2240 (8768)
0x632A, 0xAD96, 0xC67B, 0x6B67, 0x7365, 0x5AE5, 0x6326, 0x5A85, 0x62E8, 0x5287, 0x62A8, 0x6308, 0x630A, 0x5AC9, 0x5A88, 0x5268,   // 0x2250 (8784)
0x4A26, 0x8388, 0x8BA7, 0x7B26, 0x7B28, 0x6AC6, 0x8346, 0x8BA6, 0x7B46, 0x6AE7, 0x62A7, 0x7308, 0x62C8, 0x5A67, 0x5247, 0x6266,   // 0x2260 (8800)
0x6286, 0x72E9, 0x62A8, 0x6AA8, 0x6AA8, 0x8329, 0x8349, 0x6AE8, 0x72E7, 0x8B89, 0x8347, 0x72E7, 0x9389, 0xBD32, 0xF73C, 0xFF7E,   // 0x2270 (8816)
0xF79E, 0xF77E, 0xF79E, 0xF79E, 0xF75D, 0xF79E, 0xF77E, 0xF77E, 0xF77E, 0xF77E, 0xF75E, 0xEF5E, 0xEF5E, 0xEF5E, 0xEF5E, 0xEF5E,   // 0x2280 (8832)
0x9C63, 0x63A1, 0x5301, 0x5B41, 0x5321, 0x5B61, 0x5B61, 0x5B61, 0x6BA2, 0x6361, 0x5B61, 0x5341, 0x5361, 0x5361, 0x63E1, 0x4B81,   // 0x2290 (8848)
0x4B81, 0x63E1, 0x6401, 0x6401, 0x6421, 0x4361, 0x4B82, 0x4B62, 0x3A62, 0x3A02, 0x5283, 0x6B27, 0x62C8, 0x6B29, 0x62CA, 0x4228,   // 0x22A0 (8864)
0x4A08, 0x4A28, 0x49E5, 0x3164, 0x5266, 0x5246, 0x5248, 0x5AAA, 0x41E7, 0x2944, 0x4A48, 0x6B0C, 0x4A48, 0x39C6, 0x41E7, 0x31A6,   // 0x22B0 (8880)
0x1945, 0x4229, 0x6BD1, 0x3A49, 0x31C6, 0x3A07, 0x4268, 0x3A24, 0x4AA6, 0x4A45, 0x29A4, 0x29C4, 0x7BF0, 0xA578, 0x6BAE, 0x7C31,   // 0x22C0 (8896)
0x52EA, 0x9492, 0xD6FD, 0x634A, 0x6B04, 0x7365, 0x5303, 0x52A4, 0x5A65, 0x5265, 0x5A67, 0x5268, 0x630B, 0x5AC9, 0x62C8, 0x6AE9,   // 0x22D0 (8912)
0x4A28, 0x4A47, 0x5246, 0x62A6, 0x7B07, 0x7307, 0x6AE6, 0x6AE6, 0x7B46, 0x62A6, 0x5247, 0x5AA8, 0x5A88, 0x62C8, 0x72E8, 0x7308,   // 0x22E0 (8928)
0x5247, 0x62A7, 0x62A8, 0x62C8, 0x6AA8, 0x8349, 0x93AA, 0x7309, 0x7B09, 0x8349, 0x8B88, 0x8B48, 0x8B48, 0x72E8, 0x62A7, 0x8BAC,   // 0x22F0 (8944)
0xD616, 0xE677, 0xD5D3, 0xB4AD, 0x9389, 0xB4F0, 0xF71C, 0xF79E, 0xF77E, 0xF77E, 0xF77E, 0xEF5D, 0xEF5E, 0xEF5E, 0xEF5E, 0xF75D,   // 0x2300 (8960)
0xA463, 0x9C63, 0x73E2, 0x5B61, 0x7C02, 0x6B81, 0x6BA1, 0x73C1, 0x73C2, 0x7C03, 0x7401, 0x7C01, 0x7C01, 0x5B61, 0x6381, 0x63A1,   // 0x2310 (8976)
0x6C21, 0x4BA1, 0x5BA2, 0x63E1, 0x6C21, 0x6C41, 0x5BA1, 0x53C1, 0x53E2, 0x4AE2, 0x52A2, 0x7386, 0x6B05, 0x7326, 0x72C8, 0x5A89,   // 0x2320 (8992)
0x39C6, 0x5248, 0x5266, 0x4205, 0x4205, 0x4A25, 0x3985, 0x5228, 0x62AA, 0x62CA, 0x4207, 0x3185, 0x39C7, 0x4208, 0x528A, 0x3185,   // 0x2330 (9008)
0x2144, 0x29A7, 0x6BB0, 0x4AAA, 0x4226, 0x29C7, 0x3A28, 0x4A65, 0x52A7, 0x4A87, 0x31E5, 0x29A4, 0x636E, 0xA557, 0x638E, 0x73EF,   // 0x2340 (9024)
0x4AA9, 0x7C10, 0xDF1D, 0x7C30, 0x52A3, 0x5285, 0x5284, 0x6B64, 0x62E5, 0x5A84, 0x5AC7, 0x4A47, 0x5289, 0x4229, 0x4A49, 0x62EA,   // 0x2350 (9040)
0x4A48, 0x5267, 0x3A06, 0x5A86, 0x62A6, 0x7328, 0x5AA7, 0x4A45, 0x39C5, 0x5285, 0x4A85, 0x5267, 0x5247, 0x7B29, 0x62A7, 0x6AE8,   // 0x2360 (9056)
0x6AC7, 0x6AE8, 0x4A26, 0x4A26, 0x5247, 0x5A66, 0x7B08, 0x6AE9, 0x7B09, 0x62C8, 0x41E5, 0x8B48, 0x9368, 0x6AA7, 0x4A26, 0x6287,   // 0x2370 (9072)
0x8328, 0x8327, 0x8B27, 0x8327, 0x7B28, 0x72E8, 0xACAF, 0xEEB6, 0xE654, 0xD5F1, 0xD56D, 0xC4CA, 0xC4EC, 0xCD6D, 0xD58D, 0xBC8A,   // 0x2380 (9088)
0x7BA2, 0x9C44, 0xACA4, 0x8421, 0x63A0, 0x63A1, 0x6BA1, 0x73E1, 0x5B61, 0x6BA2, 0x8C43, 0x8442, 0x73E2, 0x6BC1, 0x6C01, 0x5361,   // 0x2390 (9104)
0x5B81, 0x63E2, 0x5BC2, 0x53C2, 0x5BA2, 0x7C62, 0x6C61, 0x6402, 0x53C1, 0x5BE2, 0x5BA2, 0x6363, 0x6B43, 0x5AA3, 0x62A4, 0x52A4,   // 0x23A0 (9120)
0x4A65, 0x4A06, 0x62C7, 0x39A5, 0x3186, 0x2125, 0x2125, 0x39C7, 0x4208, 0x4A27, 0x4A27, 0x62CA, 0x5A89, 0x5A8A, 0x4A69, 0x4A28,   // 0x23B0 (9136)
0x2124, 0x2166, 0x636E, 0x52AA, 0x3A06, 0x3A07, 0x29C7, 0x31C5, 0x5B4C, 0x4266, 0x2185, 0x29A4, 0x52EB, 0xADD9, 0x7410, 0x73EF,   // 0x23C0 (9152)
0x4AA9, 0x73CF, 0xCEBC, 0xA555, 0x4A63, 0x39E4, 0x3A24, 0x4243, 0x6B25, 0x7365, 0x6325, 0x5286, 0x4A47, 0x1945, 0x2166, 0x4228,   // 0x23D0 (9168)
0x4228, 0x4A49, 0x39E6, 0x41E6, 0x7306, 0x6287, 0x5268, 0x5A87, 0x5246, 0x5265, 0x6B26, 0x4AA5, 0x3203, 0x5285, 0x5AE5, 0x5B04,   // 0x23E0 (9184)
0x52C5, 0x5265, 0x39E5, 0x5246, 0x5246, 0x6286, 0x8B28, 0x8B68, 0x72E7, 0x6AC6, 0x3A04, 0x8B47, 0x4A05, 0x8327, 0x6286, 0x62A6,   // 0x23F0 (9200)
0x62A7, 0x6286, 0x5A46, 0x62A7, 0x5A88, 0x62A8, 0x5A67, 0x8385, 0xA445, 0x9BC5, 0x8B65, 0x9325, 0xABC6, 0xABC6, 0xA3A6, 0x9365,   // 0x2400 (9216)
0x7BC1, 0x8C03, 0xA464, 0xACA5, 0x9C84, 0x63A1, 0x4B00, 0x5321, 0x6381, 0x7401, 0x8422, 0x7C22, 0x73E1, 0x7402, 0x6BE2, 0x63E1,   // 0x2410 (9232)
0x63C2, 0x6BA2, 0x73E1, 0x5BE1, 0x5381, 0x6C01, 0x6C01, 0x6C01, 0x7C81, 0x6441, 0x5C21, 0x5C02, 0x63A3, 0x5263, 0x4A04, 0x5AC3,   // 0x2420 (9248)
0x5B03, 0x62A5, 0x62A6, 0x4A06, 0x2104, 0x2966, 0x1904, 0x39A6, 0x2965, 0x39C7, 0x5248, 0x6ACA, 0x62EA, 0x5268, 0x39E7, 0x3185,   // 0x2430 (9264)
0x2124, 0x2986, 0x6B6E, 0x5AEB, 0x4207, 0x4206, 0x5286, 0x39C4, 0x5AEC, 0x5AC7, 0x31E3, 0x2984, 0x52CA, 0xADD9, 0x636D, 0x73EF,   // 0x2440 (9280)
0x52C9, 0x73D0, 0xB61A, 0xCE7A, 0x31C6, 0x2985, 0x2184, 0x39E4, 0x5284, 0x4A45, 0x4A45, 0x5286, 0x5AC6, 0x4A84, 0x31A5, 0x39E8,   // 0x2450 (9296)
0x4228, 0x4207, 0x4A46, 0x4205, 0x41E5, 0x41E6, 0x39A5, 0x41C5, 0x41E5, 0x5A65, 0x5245, 0x62E5, 0x4244, 0x4A45, 0x5A85, 0x52C4,   // 0x2460 (9312)
0x6B85, 0x6B64, 0x5B23, 0x83A4, 0x7BC4, 0x7BC5, 0x83A4, 0x8B45, 0x8B85, 0x6B05, 0x7383, 0x8385, 0x6B04, 0x7AE6, 0x5A66, 0x5245,   // 0x2470 (9328)
0x5246, 0x6286, 0x5A86, 0x62A6, 0x6AA6, 0x7B27, 0x6AE6, 0x6AE6, 0x6AE4, 0x72C5, 0x8B45, 0xABA6, 0x9BA6, 0x9B86, 0x9346, 0x8306,   // 0x2480 (9344)
0x5300, 0x7BC2, 0x8BE2, 0x83E2, 0x9C24, 0xACC4, 0x8442, 0x63C1, 0x6381, 0x5341, 0x73C1, 0x6BE1, 0x7402, 0x73C2, 0x6BC1, 0x6BC1,   // 0x2490 (9360)
0x6381, 0x6B82, 0x8422, 0x8C62, 0x5BA1, 0x4B61, 0x7422, 0x8442, 0x7C01, 0x7C61, 0x6C81, 0x5C01, 0x6461, 0x5BA2, 0x4AE3, 0x5B23,   // 0x24A0 (9376)
0x5303, 0x4A83, 0x49E3, 0x2965, 0x1923, 0x39C5, 0x4206, 0x4A46, 0x5AA9, 0x62A8, 0x5248, 0x5248, 0x4A28, 0x41E7, 0x4A28, 0x4A07,   // 0x24B0 (9392)
0x31A5, 0x39C6, 0x738F, 0x73AF, 0x5288, 0x4A47, 0x6306, 0x4A45, 0x4228, 0x5287, 0x4223, 0x4223, 0x52C9, 0xAD98, 0x73D0, 0x634C,   // 0x24C0 (9408)
0x5AEA, 0x73EF, 0xB5FA, 0xE73E, 0x4227, 0x39C5, 0x29A5, 0x31A6, 0x31A5, 0x31A5, 0x31A5, 0x31A4, 0x5285, 0x4A84, 0x4A84, 0x3A06,   // 0x24D0 (9424)
0x39E6, 0x4A26, 0x41E6, 0x39E5, 0x39A5, 0x5247, 0x5226, 0x49E5, 0x41E5, 0x3184, 0x3984, 0x39A4, 0x5AA5, 0x5244, 0x5245, 0x5A85,   // 0x24E0 (9440)
0x5AC5, 0x52A4, 0x5AE4, 0x62E4, 0x62C5, 0x4A63, 0x7B84, 0x7B44, 0x93E6, 0x7B85, 0x7344, 0x6B25, 0x6324, 0x5A66, 0x4A06, 0x3185,   // 0x24F0 (9456)
0x3185, 0x5246, 0x5225, 0x6AA6, 0x6AA5, 0x6AC6, 0x7B06, 0x7B07, 0x7304, 0x72E4, 0x8B24, 0x9365, 0x8B46, 0x9366, 0x9366, 0x8B46,   // 0x2500 (9472)
0x6381, 0x6B62, 0x73A2, 0x7BC2, 0x7BE2, 0x9C43, 0x9C83, 0x8404, 0x7401, 0x5B41, 0x5B21, 0x6381, 0x73E1, 0x63A1, 0x5B81, 0x5BA2,   // 0x2510 (9488)
0x5BA1, 0x63A2, 0x6C02, 0x7422, 0x7401, 0x6382, 0x4B21, 0x8463, 0x8442, 0x7BC1, 0x8C82, 0x7CA1, 0x6C61, 0x6C61, 0x6C62, 0x63A2,   // 0x2520 (9504)
0x5302, 0x4322, 0x42A3, 0x19C2, 0x1942, 0x49E5, 0x5A67, 0x39C5, 0x5A88, 0x6287, 0x6B09, 0x39C6, 0x2965, 0x2966, 0x4A27, 0x5A68,   // 0x2530 (9520)
0x5AA8, 0x5268, 0x736E, 0x7C10, 0x5267, 0x4207, 0x4A65, 0x4225, 0x3A07, 0x4247, 0x2983, 0x4A82, 0x5267, 0xAD98, 0x8C93, 0x630C,   // 0x2540 (9536)
0x634D, 0x6B8E, 0xADB9, 0xEF7F, 0x736A, 0x4205, 0x2985, 0x2945, 0x2985, 0x4206, 0x3A05, 0x31A5, 0x5266, 0x4224, 0x5284, 0x52E4,   // 0x2550 (9552)
0x3224, 0x39E6, 0x31A6, 0x1924, 0x31A5, 0x5227, 0x6AC9, 0x5A46, 0x49E5, 0x39A4, 0x39A5, 0x3984, 0x41C4, 0x5AA4, 0x4A25, 0x4A25,   // 0x2560 (9568)
0x4A45, 0x52A5, 0x4AA3, 0x5284, 0x41E5, 0x4A05, 0x72C6, 0x7306, 0x8328, 0x6AE7, 0x5AA4, 0x6B26, 0x5B04, 0x6AE5, 0x62A5, 0x4A44,   // 0x2570 (9584)
0x62C5, 0x5265, 0x6AE6, 0x5A65, 0x72C6, 0x6AC5, 0x7B05, 0x72C6, 0x62A5, 0x7B24, 0x8304, 0x7AE4, 0x8325, 0x9346, 0x7AE6, 0x72C5,   // 0x2580 (9600)
0x5B22, 0x5B22, 0x6341, 0x6B62, 0x6B62, 0x7382, 0x8BE2, 0x8C02, 0x73A2, 0x8C43, 0x6B81, 0x52E1, 0x6B81, 0x73C1, 0x73C1, 0x8C42,   // 0x2590 (9616)
0x7C03, 0x6BA1, 0x5B62, 0x5B81, 0x6BE1, 0x8C82, 0x6C22, 0x5BA1, 0x5B62, 0x6C21, 0x7401, 0x8441, 0x7CA1, 0x7481, 0x6C61, 0x5C22,   // 0x25A0 (9632)
0x63E2, 0x5322, 0x4302, 0x2AC1, 0x2A62, 0x3A23, 0x5A85, 0x5284, 0x5265, 0x5244, 0x5AC5, 0x5286, 0x5267, 0x39E5, 0x5268, 0x39E6,   // 0x25B0 (9648)
0x39E7, 0x2986, 0x5AEC, 0x7C32, 0x3A07, 0x2165, 0x31C5, 0x4226, 0x4227, 0x4A67, 0x4203, 0x52A2, 0x5AE5, 0xA535, 0x8C92, 0x5AEA,   // 0x25C0 (9664)
0x6BB0, 0x6B8E, 0xA578, 0xD6DD, 0xA514, 0x4208, 0x2986, 0x2965, 0x2105, 0x2966, 0x31A6, 0x4206, 0x5266, 0x31A5, 0x29C4, 0x5B04,   // 0x25D0 (9680)
0x4AC4, 0x31E5, 0x2125, 0x10E4, 0x39C6, 0x41E6, 0x4A26, 0x5A67, 0x49E5, 0x5286, 0x6285, 0x5A46, 0x41A5, 0x4A05, 0x5B05, 0x4A06,   // 0x25E0 (9696)
0x4A05, 0x5285, 0x4A64, 0x52A5, 0x5285, 0x52A4, 0x52A4, 0x5A87, 0x93A9, 0x8369, 0x5AA4, 0x5AA5, 0x5A84, 0x6AA5, 0x6285, 0x5244,   // 0x25F0 (9712)
0x5A84, 0x6B06, 0x5A64, 0x8346, 0x8B45, 0x8B66, 0x8B66, 0x7B05, 0x8345, 0x8364, 0x7AE4, 0x8326, 0x8B44, 0x8B44, 0x9BA5, 0x9385,   // 0x2600 (9728)
0x9404, 0x5B21, 0x4AC1, 0x5B01, 0x6B62, 0x52E2, 0x6B62, 0x6342, 0x6362, 0x7BC3, 0x73C1, 0x7C01, 0x6B81, 0x83E2, 0x7BC2, 0x8422,   // 0x2610 (9744)
0x8C43, 0x9C83, 0x8422, 0x6BC2, 0x5B81, 0x63C2, 0x6BC1, 0x6BE1, 0x63C1, 0x6BE1, 0x6C01, 0x7421, 0x8421, 0x8461, 0x7CC1, 0x6C61,   // 0x2620 (9760)
0x5C01, 0x6442, 0x5BC2, 0x4B42, 0x32C2, 0x32A1, 0x52A4, 0x4A24, 0x52A2, 0x5AC2, 0x5263, 0x62E3, 0x4A65, 0x4A66, 0x5A87, 0x5A66,   // 0x2630 (9776)
0x39C5, 0x3185, 0x52AA, 0x73D0, 0x29A7, 0x08C4, 0x2985, 0x31C6, 0x39C6, 0x39E6, 0x3184, 0x4203, 0x5285, 0x9CF5, 0x8CD4, 0x5289,   // 0x2640 (9792)
0x6BB0, 0x634E, 0x9D37, 0xBE7C, 0xCE7A, 0x31C7, 0x39E7, 0x3186, 0x2965, 0x39C7, 0x31A7, 0x2125, 0x2945, 0x29A5, 0x29E2, 0x3223,   // 0x2650 (9808)
0x5AE5, 0x52C4, 0x2986, 0x10E5, 0x31A6, 0x4A47, 0x39E6, 0x5267, 0x5247, 0x39C6, 0x41C5, 0x4A05, 0x5227, 0x4A06, 0x5265, 0x2983,   // 0x2660 (9824)
0x2943, 0x4263, 0x4283, 0x4A84, 0x4A63, 0x4263, 0x42C3, 0x42A3, 0x7B46, 0x72C7, 0x5A44, 0x5A85, 0x5A65, 0x6AC5, 0x6AC6, 0x5285,   // 0x2670 (9840)
0x5285, 0x5A44, 0x6AC5, 0x8324, 0x8B45, 0xA3E5, 0xAC06, 0xAC06, 0x9385, 0x7AE4, 0x7B24, 0x7B06, 0x9383, 0x9BA3, 0x9BA5, 0x9BC5,   // 0x2680 (9856)
0x8383, 0x5AC2, 0x4261, 0x4AA1, 0x5B02, 0x6342, 0x7383, 0x5B22, 0x5AE2, 0x7B83, 0x52E2, 0x4AC1, 0x73C2, 0x8C42, 0x6361, 0x6361,   // 0x2690 (9872)
0x7BE1, 0x8421, 0x9463, 0x8422, 0x9463, 0x6BE1, 0x7401, 0x9463, 0x73E2, 0x6BE1, 0x6BE1, 0x7421, 0x84A1, 0x94C1, 0x8461, 0x7CC1,   // 0x26A0 (9888)
0x7CC1, 0x6421, 0x6421, 0x6421, 0x63E3, 0x4B62, 0x4A83, 0x39A3, 0x4A42, 0x6B02, 0x7322, 0x6302, 0x4281, 0x3A81, 0x42A3, 0x6AE7,   // 0x26B0 (9904)
0x5A88, 0x52A7, 0x4A69, 0x6BB0, 0x3209, 0x29A6, 0x2166, 0x1925, 0x31A6, 0x2166, 0x08C3, 0x1903, 0x2965, 0x8CB5, 0x8CB5, 0x4A4A,   // 0x26C0 (9920)
0x73D1, 0x6B90, 0x8CB6, 0xCEDD, 0xF7BF, 0x4A8B, 0x41E7, 0x41E7, 0x41E7, 0x4207, 0x4A07, 0x39C7, 0x31A7, 0x2965, 0x31E3, 0x31C4,   // 0x26D0 (9936)
0x2144, 0x4225, 0x31A5, 0x2124, 0x2965, 0x3185, 0x41E6, 0x62C8, 0x8349, 0x6288, 0x5A68, 0x5227, 0x5A68, 0x4A07, 0x4205, 0x29A3,   // 0x26E0 (9952)
0x29A3, 0x5243, 0x4243, 0x4282, 0x4264, 0x3A82, 0x3AA2, 0x3A63, 0x4A44, 0x6285, 0x62E5, 0x62E4, 0x6AE5, 0x5224, 0x6264, 0x6B24,   // 0x26F0 (9968)
0x5AC3, 0x5284, 0x6286, 0x51E4, 0x49E4, 0x49C3, 0x6263, 0x72A4, 0x8B66, 0x93A5, 0x7B04, 0x8344, 0x9382, 0xA3E3, 0xABE3, 0x9BC4,   // 0x2700 (9984)
0x7322, 0x7342, 0x62E1, 0x52C2, 0x52C1, 0x52A1, 0x5AC2, 0x52E2, 0x6B43, 0x7343, 0x7363, 0x6342, 0x5321, 0x7BC2, 0x8422, 0x73E1,   // 0x2710 (10000)
0x6BA1, 0x73C1, 0x7C01, 0x8422, 0x8C62, 0x8C82, 0x7C42, 0x5B81, 0x63C1, 0x7401, 0x6BC1, 0x73A2, 0x73E2, 0x6C41, 0x7C81, 0x8481,   // 0x2720 (10016)
0x7C81, 0x7CA1, 0x6C41, 0x6441, 0x5C01, 0x53E2, 0x5BC2, 0x4283, 0x2A02, 0x3A62, 0x5AC2, 0x5AC1, 0x52E1, 0x3A81, 0x29E1, 0x4A43,   // 0x2730 (10032)
0x52A5, 0x5AA7, 0x630A, 0x73AF, 0x42A9, 0x39E7, 0x1926, 0x1926, 0x2146, 0x2145, 0x10C4, 0x2125, 0x2145, 0x8453, 0x9537, 0x426B,   // 0x2740 (10048)
0x636F, 0x73F1, 0x8474, 0xC69D, 0xEF9F, 0x8452, 0x3186, 0x41E7, 0x41E7, 0x5227, 0x41E7, 0x4207, 0x2966, 0x2145, 0x18E5, 0x18E4,   // 0x2750 (10064)
0x1104, 0x1924, 0x2104, 0x18E4, 0x3185, 0x31A5, 0x4A47, 0x6288, 0x6AC8, 0x5247, 0x6288, 0x7309, 0x62C9, 0x41E6, 0x3164, 0x3223,   // 0x2760 (10080)
0x29C2, 0x4A04, 0x4243, 0x3A62, 0x32A2, 0x32A2, 0x42A3, 0x52C3, 0x5AE4, 0x5244, 0x4A24, 0x41C3, 0x41E3, 0x3983, 0x5204, 0x4A24,   // 0x2770 (10096)
0x4A83, 0x5AE3, 0x52A3, 0x41E3, 0x4A03, 0x4A23, 0x41E3, 0x3983, 0x3163, 0x3983, 0x5A43, 0x7B03, 0x7AC4, 0x6A63, 0x5A22, 0x7B03,   // 0x2780 (10112)
0x6AC1, 0x8343, 0x7322, 0x7342, 0x7B42, 0x6B02, 0x5AE2, 0x52E2, 0x52E2, 0x6322, 0x6B62, 0x8C05, 0x7382, 0x7BC2, 0x8C23, 0x8C23,   // 0x2790 (10128)
0x9462, 0x7C01, 0x8421, 0x7C22, 0x6361, 0x73C3, 0x9463, 0x7402, 0x5381, 0x7C41, 0x7C41, 0x6BE1, 0x73E1, 0x7C42, 0x6C21, 0x6C41,   // 0x27A0 (10144)
0x6C21, 0x7460, 0x7CA1, 0x74A1, 0x6C81, 0x5C01, 0x53C1, 0x5C42, 0x53E2, 0x4B01, 0x5B21, 0x5B01, 0x52E1, 0x4AC1, 0x29C1, 0x2982,   // 0x27B0 (10160)
0x4223, 0x4A84, 0x62C7, 0x73AD, 0x634D, 0x39E7, 0x31C8, 0x31A7, 0x29C7, 0x2986, 0x2125, 0x2125, 0x2145, 0x73D1, 0xA599, 0x4AAC,   // 0x27C0 (10176)
0x530E, 0x63B1, 0x84B5, 0xC69D, 0xE75F, 0xADB7, 0x39C7, 0x4A07, 0x5248, 0x49E7, 0x4A07, 0x4A27, 0x39C7, 0x2145, 0x1926, 0x10C4,   // 0x27D0 (10192)
0x10E4, 0x2965, 0x41E7, 0x39C6, 0x3185, 0x2964, 0x4A06, 0x6287, 0x6AC8, 0x62A8, 0x6AE9, 0x6288, 0x5A89, 0x5228, 0x3185, 0x3A03,   // 0x27E0 (10208)
0x2A02, 0x41E4, 0x4223, 0x3A42, 0x3A43, 0x4243, 0x4223, 0x4223, 0x41E3, 0x5224, 0x5225, 0x49E5, 0x3984, 0x41A4, 0x5204, 0x39A4,   // 0x27F0 (10224)
0x39E3, 0x4223, 0x4203, 0x3A22, 0x5223, 0x5243, 0x39E2, 0x41E3, 0x3983, 0x20E3, 0x20E3, 0x41A3, 0x49C3, 0x51E3, 0x41A3, 0x49A3,   // 0x2800 (10240)
0x5A24, 0x51E2, 0x62A2, 0x7B62, 0x7B82, 0x93C3, 0x8383, 0x6322, 0x4A81, 0x4AA1, 0x52C1, 0x6B02, 0xAC66, 0x9424, 0x7BC2, 0x73A2,   // 0x2810 (10256)
0x83E3, 0x8C23, 0x7401, 0x63C1, 0x5B81, 0x5B21, 0x7BC2, 0x8C22, 0x6BE1, 0x63C1, 0x7C22, 0x6BE1, 0x7422, 0x6C21, 0x8C82, 0x8462,   // 0x2820 (10272)
0x7422, 0x6401, 0x6C21, 0x7441, 0x74A1, 0x7CC1, 0x6C61, 0x53E1, 0x5402, 0x5BE2, 0x5C02, 0x6422, 0x6C62, 0x6422, 0x5B82, 0x3A41,   // 0x2830 (10288)
0x5242, 0x4204, 0x5A86, 0x736C, 0x8411, 0x41E9, 0x39E8, 0x39E8, 0x39C8, 0x2146, 0x2945, 0x2125, 0x2966, 0x6BB0, 0xA5BA, 0x5B0E,   // 0x2840 (10304)
0x5AED, 0x6BB1, 0x9537, 0xCEBE, 0xE77F, 0xD6DC, 0x41C7, 0x4A07, 0x4A28, 0x5227, 0x39A6, 0x2125, 0x2966, 0x10C4, 0x1925, 0x08C4,   // 0x2850 (10320)
0x10E4, 0x39A6, 0x62C9, 0x6AE9, 0x5A88, 0x3164, 0x5A88, 0x6AC8, 0x62A8, 0x5247, 0x4A27, 0x5268, 0x62A9, 0x5227, 0x4206, 0x2964,   // 0x2860 (10336)
0x21C2, 0x4A24, 0x5223, 0x3183, 0x39C3, 0x41C4, 0x4184, 0x3963, 0x41A4, 0x4184, 0x6A86, 0x5A25, 0x5205, 0x5205, 0x51E5, 0x5225,   // 0x2870 (10352)
0x39A4, 0x3163, 0x3163, 0x39C3, 0x49C4, 0x3983, 0x3983, 0x3963, 0x3143, 0x2943, 0x2963, 0x4A42, 0x5223, 0x49E3, 0x41A2, 0x41A3,   // 0x2880 (10368)
0x3142, 0x3161, 0x2922, 0x49C1, 0x6AA2, 0x7B43, 0x8363, 0x83A3, 0x6B22, 0x52A1, 0x52C1, 0x5AE2, 0x6322, 0x7382, 0x8BC4, 0x7BA3,   // 0x2890 (10384)
0x8C23, 0x7BC3, 0x8C04, 0x7402, 0x5B81, 0x5B41, 0x5B41, 0x73C1, 0x7401, 0x7421, 0x6C21, 0x6401, 0x63E1, 0x63C1, 0x7C42, 0x8461,   // 0x28A0 (10400)
0x8461, 0x6C21, 0x6421, 0x6C01, 0x7C41, 0x8CA2, 0x7C81, 0x6C41, 0x6441, 0x4B42, 0x4342, 0x53E2, 0x53C2, 0x5BE1, 0x6C41, 0x5BE2,   // 0x28B0 (10416)
0x4242, 0x39C4, 0x4207, 0x630B, 0x7BF1, 0x31C8, 0x39E8, 0x39C8, 0x31C8, 0x2987, 0x1926, 0x2125, 0x2967, 0x73B0, 0x9D58, 0x6BD1,   // 0x28C0 (10432)
0x52ED, 0x7412, 0x9D38, 0xC69D, 0xE75F, 0xF7BF, 0x5AAB, 0x6289, 0x4208, 0x39C6, 0x2124, 0x2145, 0x10C4, 0x0063, 0x2946, 0x2965,   // 0x28D0 (10448)
0x39C6, 0x39A6, 0x6AC9, 0x7B4A, 0x8B8B, 0x6AE9, 0x5227, 0x7B29, 0x732A, 0x6AE9, 0x6288, 0x4207, 0x62A9, 0x5A88, 0x62C9, 0x41C6,   // 0x28E0 (10464)
0x2182, 0x39A4, 0x2943, 0x41C5, 0x41E6, 0x41C5, 0x5A46, 0x49E4, 0x4A04, 0x49C5, 0x49E4, 0x49E4, 0x5A26, 0x49E5, 0x41A5, 0x6246,   // 0x28F0 (10480)
0x6266, 0x5225, 0x39A4, 0x41E3, 0x51E4, 0x5205, 0x4184, 0x4184, 0x41A4, 0x2103, 0x49E2, 0x5A62, 0x5A43, 0x5A03, 0x51E3, 0x5A44,   // 0x2900 (10496)
0x5A23, 0x3982, 0x41A2, 0x41A1, 0x4161, 0x6242, 0x7B24, 0x8BC4, 0x8B64, 0x7B23, 0x7342, 0x6322, 0x52C1, 0x52A1, 0x6B22, 0x7B82,   // 0x2910 (10512)
0x8C03, 0x8C02, 0x9404, 0x8C04, 0x8403, 0x6382, 0x4B01, 0x5B81, 0x5341, 0x4AE1, 0x5342, 0x5381, 0x5BA1, 0x7C41, 0x7C41, 0x8461,   // 0x2920 (10528)
0x7C41, 0x7C21, 0x63E1, 0x6401, 0x5BC1, 0x5BE1, 0x7461, 0x7C61, 0x8481, 0x8482, 0x5BA2, 0x4B61, 0x4B41, 0x5B81, 0x63C1, 0x6401,   // 0x2930 (10544)
0x63E1, 0x4AE2, 0x4247, 0x5ACB, 0x73B0, 0x29C7, 0x39E8, 0x3A08, 0x31A7, 0x2987, 0x31A7, 0x31C8, 0x4209, 0x73B1, 0x9517, 0x7432,   // 0x2940 (10560)
0x3A4A, 0x7C32, 0x9D37, 0xB61B, 0xCEDE, 0xF7BF, 0x7BCF, 0x5A28, 0x5227, 0x39A6, 0x2124, 0x39E7, 0x2125, 0x18E4, 0x2125, 0x41E7,   // 0x2950 (10576)
0x4228, 0x3A07, 0x4A07, 0x6AE9, 0x730A, 0x62A9, 0x4206, 0x5A68, 0x730A, 0x8BAC, 0x7B0A, 0x5A68, 0x72EA, 0x72E9, 0x7B4A, 0x5266,   // 0x2960 (10592)
0x2143, 0x39A5, 0x31A6, 0x39C5, 0x5226, 0x41C5, 0x49E5, 0x51E6, 0x39A5, 0x49E5, 0x49E4, 0x41A4, 0x5226, 0x49E5, 0x5A26, 0x5A45,   // 0x2970 (10608)
0x5225, 0x5205, 0x39C3, 0x39E3, 0x5A25, 0x5A25, 0x49E5, 0x3984, 0x3964, 0x2102, 0x4183, 0x49A3, 0x5204, 0x5203, 0x49A3, 0x3103,   // 0x2980 (10624)
0x39C1, 0x41A1, 0x4181, 0x5202, 0x4182, 0x2921, 0x5223, 0x6282, 0x7B23, 0x8B64, 0x8BA4, 0x8383, 0x93E4, 0x83C3, 0x7BA2, 0x8C23,   // 0x2990 (10640)
0x8402, 0x9423, 0x83E3, 0x7BE2, 0x73C1, 0x7BE2, 0x63A2, 0x5B62, 0x5B81, 0x6BA1, 0x6381, 0x8403, 0x8402, 0x9483, 0x8CA2, 0x7441,   // 0x29A0 (10656)
0x6C21, 0x6C01, 0x7C41, 0x8462, 0x7442, 0x5BE1, 0x5BE1, 0x6C21, 0x8CC2, 0x94E1, 0x84A1, 0x6C41, 0x5BC1, 0x5B81, 0x5B81, 0x6BC1,   // 0x29B0 (10672)
0x63E1, 0x63E1, 0x6C03, 0x6348, 0x6B6E, 0x31C8, 0x39E8, 0x39C8, 0x41C7, 0x41E8, 0x39E8, 0x39E8, 0x422A, 0x634F, 0x94F6, 0x8495,   // 0x29C0 (10688)
0x426B, 0x6BD1, 0x9517, 0xA5BA, 0xC67C, 0xF7BF, 0xAD55, 0x5248, 0x6289, 0x5207, 0x31A6, 0x41E8, 0x41E7, 0x39A6, 0x3985, 0x39C7,   // 0x29D0 (10704)
0x4A49, 0x4228, 0x4A07, 0x5247, 0x5A88, 0x5A68, 0x39C5, 0x4206, 0x5268, 0x7B4A, 0x834A, 0x8B8B, 0x7B4A, 0x7B4B, 0x62A9, 0x4206,   // 0x29E0 (10720)
0x29E2, 0x3AA2, 0x42E2, 0x4322, 0x4B03, 0x4243, 0x41E4, 0x51E5, 0x41A5, 0x5205, 0x7286, 0x6A66, 0x6266, 0x41A4, 0x51E5, 0x5205,   // 0x29F0 (10736)
0x6266, 0x49E5, 0x2923, 0x49E5, 0x6A65, 0x5A05, 0x5225, 0x6285, 0x4A24, 0x3A21, 0x4202, 0x41A3, 0x3982, 0x5223, 0x4183, 0x3143,   // 0x2A00 (10752)
0x3200, 0x3A01, 0x3982, 0x3962, 0x3162, 0x6283, 0x6263, 0x5243, 0x51E2, 0x4181, 0x6AA3, 0x7B42, 0x8343, 0x7B84, 0x7364, 0x7BA3,   // 0x2A10 (10768)
0x9403, 0x83E2, 0x8403, 0x7BA2, 0x6B82, 0x8402, 0x8403, 0x8C43, 0x73E1, 0x6BE1, 0x6BA2, 0x8402, 0x8403, 0x8C22, 0x9482, 0x9CC2,   // 0x2A20 (10784)
0x7C41, 0x7441, 0x7421, 0x7422, 0x7C62, 0x7C62, 0x6C01, 0x5BE1, 0x53C0, 0x6401, 0x7C81, 0x8CC2, 0x7481, 0x6C41, 0x5BC1, 0x5BA1,   // 0x2A30 (10800)
0x5BC1, 0x63E1, 0x6401, 0x6C42, 0x6C46, 0x4287, 0x4229, 0x4209, 0x4A08, 0x41E8, 0x41E8, 0x3A09, 0x420A, 0x632E, 0x9D58, 0x9537,   // 0x2A40 (10816)
0x52AC, 0x73F1, 0x9517, 0xADFB, 0xBE5D, 0xEF9F, 0xC639, 0x41E8, 0x5A48, 0x5A89, 0x3185, 0x5228, 0x5208, 0x4A07, 0x4A06, 0x41C6,   // 0x2A50 (10832)
0x31C7, 0x4228, 0x62A9, 0x5A89, 0x5A89, 0x5AA9, 0x4A27, 0x31A6, 0x39E6, 0x62E9, 0x7B2A, 0x730A, 0x836B, 0x7B4B, 0x62E9, 0x42E4,   // 0x2A60 (10848)
0x4B42, 0x4B82, 0x6382, 0x4B42, 0x53C2, 0x53C1, 0x5383, 0x5AE5, 0x5A46, 0x5A06, 0x6A65, 0x6266, 0x6AA7, 0x6A86, 0x5A46, 0x5205,   // 0x2A70 (10864)
0x6286, 0x5225, 0x3163, 0x4A24, 0x62E4, 0x52C4, 0x4303, 0x4343, 0x4361, 0x4B81, 0x5341, 0x3A81, 0x4A63, 0x5203, 0x59E3, 0x5A04,   // 0x2A80 (10880)
0x52E1, 0x4281, 0x3A21, 0x1961, 0x08A0, 0x18E1, 0x3141, 0x41A2, 0x49E2, 0x49E2, 0x41A2, 0x72C3, 0x7B23, 0x8364, 0x5AA2, 0x7363,   // 0x2A90 (10896)
0x8384, 0x7B83, 0x8402, 0x6BA2, 0x5322, 0x6BA2, 0x73C2, 0x7BE2, 0x7C02, 0x7401, 0x8442, 0x6382, 0x4AC1, 0x5B01, 0x8C23, 0x9462,   // 0x2AA0 (10912)
0x9CA3, 0x94A2, 0x94C2, 0x8CA2, 0x7441, 0x7441, 0x6C41, 0x6C21, 0x6C01, 0x5BE1, 0x5C01, 0x7441, 0x7C61, 0x84A1, 0x7C81, 0x6401,   // 0x2AB0 (10928)
0x63E1, 0x63C1, 0x5BC0, 0x5BE1, 0x5C01, 0x6423, 0x4A87, 0x526A, 0x5AA9, 0x4A29, 0x4209, 0x31E9, 0x4209, 0x5AED, 0x9517, 0x8CD6,   // 0x2AC0 (10944)
0x5AED, 0x6390, 0x8CF6, 0xADFB, 0xB63C, 0xDF3F, 0xDF1D, 0x39E8, 0x5249, 0x4A29, 0x41E8, 0x4A28, 0x5A68, 0x4A07, 0x5A48, 0x3986,   // 0x2AD0 (10960)
0x31A7, 0x39E7, 0x4A28, 0x4A48, 0x4A48, 0x4228, 0x39C6, 0x4A48, 0x39E6, 0x39E6, 0x6AE9, 0x6B0A, 0x732A, 0x62E8, 0x4303, 0x4342,   // 0x2AE0 (10976)
0x6B84, 0x5382, 0x5362, 0x4361, 0x53E1, 0x5C01, 0x5BE1, 0x4BA1, 0x4B42, 0x4AC3, 0x62C4, 0x4A04, 0x5A46, 0x5206, 0x5A26, 0x6266,   // 0x2AF0 (10992)
0x5A65, 0x4AA3, 0x4322, 0x4341, 0x4382, 0x3B82, 0x3B43, 0x4382, 0x53C1, 0x53C1, 0x6C02, 0x63C1, 0x4B41, 0x4203, 0x3963, 0x3123,   // 0x2B00 (11008)
0x5301, 0x4281, 0x4281, 0x3A81, 0x21C1, 0x29C1, 0x4222, 0x39A1, 0x4A02, 0x5A63, 0x39E2, 0x3141, 0x41E3, 0x5A42, 0x8364, 0x7B64,   // 0x2B10 (11024)
0x7343, 0x6B43, 0x8BE3, 0x83C3, 0x6362, 0x5302, 0x5B22, 0x73A1, 0x73C2, 0x9463, 0x8C62, 0x73E2, 0x4B21, 0x5321, 0x73A1, 0x8441,   // 0x2B20 (11040)
0x8C63, 0x7C21, 0x8462, 0x9482, 0x94A2, 0x8481, 0x6C21, 0x7C61, 0x8462, 0x8461, 0x6C01, 0x5BC2, 0x5BE1, 0x7C41, 0x94C2, 0x8CA1,   // 0x2B30 (11056)
0x7C81, 0x6C21, 0x63E1, 0x63E1, 0x5BC0, 0x5BE1, 0x6402, 0x5B45, 0x4246, 0x4A28, 0x4A49, 0x31C8, 0x4229, 0x5ACC, 0x8CD6, 0x8CB5,   // 0x2B40 (11072)
0x6BB1, 0x52ED, 0x8CD6, 0xADFB, 0xBE7D, 0xD71E, 0xEFBF, 0x738F, 0x528A, 0x526A, 0x4A49, 0x4A08, 0x4A08, 0x4A28, 0x5228, 0x49E7,   // 0x2B50 (11088)
0x5248, 0x4A28, 0x5248, 0x41E7, 0x4A68, 0x4A67, 0x4226, 0x5267, 0x4A27, 0x5267, 0x5AA9, 0x5AC9, 0x4285, 0x32C3, 0x4362, 0x4342,   // 0x2B60 (11104)
0x53A2, 0x53C1, 0x53A1, 0x5C01, 0x6401, 0x6401, 0x7C43, 0x6402, 0x53E2, 0x4381, 0x4362, 0x4342, 0x4AE3, 0x4A44, 0x4A04, 0x4A64,   // 0x2B70 (11120)
0x42E2, 0x4341, 0x4B81, 0x4B81, 0x53C1, 0x4BA1, 0x4B82, 0x4362, 0x5BC1, 0x7442, 0x7C42, 0x8C42, 0x6C02, 0x4341, 0x3262, 0x3A43,   // 0x2B80 (11136)
0x4260, 0x4260, 0x42A1, 0x42A1, 0x3261, 0x2A00, 0x3220, 0x3A61, 0x4242, 0x4241, 0x62A2, 0x4201, 0x39E1, 0x6AE3, 0x5B02, 0x4AC1,   // 0x2B90 (11152)
0x4AC1, 0x4A81, 0x7B43, 0x8BC3, 0x7BC2, 0x83E3, 0x6B62, 0x7BC3, 0x7BE2, 0x8422, 0x73E1, 0x73E2, 0x6BE1, 0x5361, 0x5361, 0x6BE1,   // 0x2BA0 (11168)
0x6BC1, 0x8442, 0x8441, 0x8421, 0x9C44, 0x8402, 0x7C41, 0x8462, 0x8462, 0x8C82, 0x8C82, 0x7C61, 0x5BC2, 0x53A2, 0x6C42, 0x7421,   // 0x2BB0 (11184)
0x8CC2, 0x8CC1, 0x7C81, 0x6C21, 0x63E1, 0x6C21, 0x5C01, 0x5C01, 0x53A2, 0x3A04, 0x52A5, 0x4B25, 0x4247, 0x52AB, 0x94F6, 0xA5B9,   // 0x2BC0 (11200)
0x84D5, 0x532E, 0x84B5, 0xADFB, 0xB63C, 0xDF3F, 0xF7BF, 0xA535, 0x528A, 0x526A, 0x4A49, 0x49E7, 0x41C7, 0x1925, 0x0063, 0x08A3,   // 0x2BD0 (11216)
0x2125, 0x4A28, 0x4A28, 0x41E7, 0x4207, 0x4A27, 0x4A27, 0x5268, 0x31C6, 0x5267, 0x52A7, 0x32A3, 0x2AE2, 0x3322, 0x4362, 0x53A2,   // 0x2BE0 (11232)
0x5C01, 0x4B61, 0x5401, 0x6441, 0x6441, 0x6C41, 0x7462, 0x6C22, 0x6402, 0x5C01, 0x4BA1, 0x4B81, 0x4362, 0x4361, 0x4362, 0x3B21,   // 0x2BF0 (11248)
0x3B21, 0x4341, 0x4361, 0x4361, 0x4B81, 0x53C1, 0x53C2, 0x4BA1, 0x5BC1, 0x8C82, 0x8C82, 0x9CA2, 0x8C42, 0x8482, 0x4BA2, 0x4361,   // 0x2C00 (11264)
0x3A61, 0x3240, 0x3221, 0x3261, 0x3AC0, 0x3AA1, 0x3AA1, 0x3AA1, 0x52C2, 0x62E3, 0x7325, 0x4281, 0x52C1, 0x5282, 0x3221, 0x2A01,   // 0x2C10 (11280)
0x3221, 0x3A61, 0x4AC1, 0x7B83, 0x7362, 0x7B83, 0x7B83, 0x6B82, 0x6362, 0x7BC3, 0x8C23, 0x73C2, 0x7BE2, 0x63A1, 0x4B21, 0x5B81,   // 0x2C20 (11296)
0x73E1, 0x73E1, 0x8C62, 0x8C61, 0x8442, 0x8C23, 0x7C22, 0x8442, 0x94A2, 0x9CC3, 0x8C82, 0x8C82, 0x7C62, 0x63E2, 0x53A2, 0x53A1,   // 0x2C30 (11312)
0x6C21, 0x8CA1, 0x84A1, 0x84A1, 0x6C41, 0x5BC1, 0x5BE1, 0x5BE1, 0x53C1, 0x4302, 0x39C5, 0x4B23, 0x6423, 0x53C4, 0x7CB0, 0x9D98,   // 0x2C40 (11328)
0x9537, 0x5B6F, 0x7413, 0xADFB, 0xAE3C, 0xD71E, 0xF7DF, 0xCE7A, 0x730B, 0x72EB, 0x6ACA, 0x6289, 0x5A68, 0x4207, 0x08E4, 0x1924,   // 0x2C50 (11344)
0x1925, 0x49E8, 0x62E9, 0x62E8, 0x5288, 0x5268, 0x5AA9, 0x62C9, 0x4A66, 0x3A85, 0x2AC2, 0x22C1, 0x3B22, 0x4342, 0x4361, 0x5401,   // 0x2C60 (11360)
0x4B81, 0x4B61, 0x53E2, 0x53E1, 0x5BE1, 0x6401, 0x6421, 0x6C02, 0x63E1, 0x63E2, 0x5BE1, 0x5BC1, 0x53A1, 0x4341, 0x4381, 0x4381,   // 0x2C70 (11376)
0x4361, 0x4361, 0x4361, 0x4341, 0x4B81, 0x5BE1, 0x5BE2, 0x5C01, 0x5BC1, 0x8C82, 0x8441, 0x94A2, 0xA4C2, 0xA4C2, 0x8CA2, 0x6C42,   // 0x2C80 (11392)
0x2A20, 0x2A41, 0x2A21, 0x3241, 0x2A20, 0x2A21, 0x3261, 0x3281, 0x3261, 0x3A81, 0x3AA1, 0x4AE2, 0x42C1, 0x4AA1, 0x4261, 0x3A61,   // 0x2C90 (11408)
0x2A01, 0x3A81, 0x3AA1, 0x52E1, 0x4AA1, 0x5B21, 0x7382, 0x7BA2, 0x6342, 0x5B21, 0x7BE1, 0x6BA1, 0x8C03, 0x8422, 0x5B81, 0x4321,   // 0x2CA0 (11424)
0x5361, 0x7C02, 0x7401, 0x8421, 0x8442, 0x8442, 0x8422, 0x7C02, 0x8442, 0x8C82, 0x8C82, 0x7C42, 0x8462, 0x6C22, 0x6C22, 0x7442,   // 0x2CB0 (11440)
0x6441, 0x5C21, 0x7462, 0x6C41, 0x7C81, 0x8481, 0x6C21, 0x63C1, 0x63E1, 0x5BA2, 0x3242, 0x29C2, 0x4B62, 0x5402, 0x6462, 0x7D09,   // 0x2CC0 (11456)
0x84F1, 0x5B8F, 0x6BD1, 0xA5DA, 0xAE1B, 0xC6BD, 0xDF5E, 0xDF1C, 0x626A, 0x6AAA, 0x72CA, 0x6268, 0x5A48, 0x5A68, 0x2965, 0x3185,   // 0x2CD0 (11472)
0x31A5, 0x39C6, 0x41E6, 0x52A6, 0x4AA6, 0x4246, 0x4267, 0x42A6, 0x2A84, 0x22C2, 0x2B02, 0x2AC2, 0x32C2, 0x4342, 0x4BA1, 0x53A2,   // 0x2CE0 (11488)
0x4B82, 0x4BA1, 0x4BE2, 0x53E2, 0x53E1, 0x5C01, 0x5C01, 0x53A1, 0x6421, 0x7462, 0x6C42, 0x6C42, 0x63E1, 0x4B81, 0x4B61, 0x4BA1,   // 0x2CF0 (11504)
0x4B81, 0x53C1, 0x4B82, 0x4362, 0x4BA1, 0x53C1, 0x53E1, 0x5BC1, 0x5BE1, 0x6401, 0x7421, 0x7C62, 0xA502, 0x9C62, 0xBD43, 0x8CC2,   // 0x2D00 (11520)
0x2A40, 0x2A40, 0x2A21, 0x2A01, 0x3241, 0x2A01, 0x3240, 0x2A21, 0x2A61, 0x3AA1, 0x3261, 0x3281, 0x32A1, 0x3A81, 0x3AC1, 0x3A81,   // 0x2D10 (11536)
0x3A61, 0x6343, 0x5301, 0x5B21, 0x5B41, 0x5B22, 0x7B84, 0x7BA3, 0x7BA3, 0x6B62, 0x73A2, 0x73A2, 0x7BA2, 0x7BA3, 0x7BE2, 0x63A2,   // 0x2D20 (11552)
0x4B41, 0x5B62, 0x6BA1, 0x7C01, 0x8422, 0x8C63, 0x7C21, 0x7C02, 0x8422, 0x8C63, 0x7BE2, 0x8C43, 0x9CC3, 0x9482, 0x8462, 0x7C42,   // 0x2D30 (11568)
0x7C62, 0x7442, 0x7BC3, 0x73E2, 0x6C41, 0x6C61, 0x7C61, 0x7441, 0x7421, 0x63C1, 0x5B61, 0x31E2, 0x42A3, 0x4342, 0x5382, 0x5BC2,   // 0x2D40 (11584)
0x6402, 0x6C45, 0x7488, 0x9DB4, 0xA5FA, 0xBE7C, 0xDF5E, 0xEF9F, 0x62EC, 0x5229, 0x5228, 0x62A9, 0x5A48, 0x5A68, 0x39A5, 0x41A6,   // 0x2D50 (11600)
0x39A7, 0x2105, 0x3166, 0x3166, 0x3A05, 0x3264, 0x2264, 0x2AA4, 0x2AC3, 0x2AE2, 0x3302, 0x3B22, 0x3302, 0x4361, 0x53C1, 0x53E1,   // 0x2D60 (11616)
0x5C21, 0x64A1, 0x5401, 0x4BC1, 0x53C1, 0x5C01, 0x6421, 0x5C01, 0x5BE1, 0x5BC1, 0x6402, 0x6C42, 0x5BC1, 0x4B61, 0x4B62, 0x4B61,   // 0x2D70 (11632)
0x4B81, 0x4BA1, 0x4B81, 0x4B82, 0x4382, 0x4BC1, 0x53A2, 0x53C1, 0x53E2, 0x6C22, 0x7461, 0x7461, 0x8CC2, 0xAD02, 0xA4A2, 0xB542,   // 0x2D80 (11648)
0x3221, 0x2A00, 0x21E0, 0x2201, 0x3241, 0x3261, 0x2A41, 0x2A21, 0x3261, 0x3280, 0x4302, 0x4AE2, 0x4B21, 0x3AE1, 0x3AE1, 0x4B43,   // 0x2D90 (11664)
0x42E1, 0x5B21, 0x6321, 0x6342, 0x6342, 0x6342, 0x5B02, 0x5B21, 0x7BA2, 0x6B62, 0x5B01, 0x6341, 0x6B82, 0x6B82, 0x6362, 0x6B82,   // 0x2DA0 (11680)
0x5B61, 0x4B41, 0x6BA1, 0x6BC1, 0x6BC1, 0x7C02, 0x7C02, 0x7C02, 0x8443, 0x7C22, 0x7C02, 0x6BA1, 0x73E2, 0x7C22, 0x8442, 0x8C63,   // 0x2DB0 (11696)
0x7C22, 0x8C83, 0x7C22, 0x6B62, 0x7C21, 0x7C42, 0x6C01, 0x6C21, 0x7C61, 0x7441, 0x6C01, 0x4B42, 0x3203, 0x4B23, 0x4B62, 0x4BA1,   // 0x2DC0 (11712)
0x5C22, 0x6402, 0x6C62, 0x5C02, 0x7CE8, 0x9DD6, 0xCEDD, 0xF7DF, 0x8430, 0x39A7, 0x41E8, 0x5208, 0x5A69, 0x39C7, 0x29A6, 0x4A27,   // 0x2DD0 (11728)
0x4A27, 0x29A5, 0x39C6, 0x31A6, 0x39E6, 0x2A84, 0x2AA3, 0x32E3, 0x2B03, 0x2B02, 0x3B41, 0x4361, 0x4362, 0x5381, 0x53A1, 0x5381,   // 0x2DE0 (11744)
0x53A1, 0x5BC1, 0x6442, 0x5401, 0x5402, 0x4BE1, 0x5401, 0x53E1, 0x53E1, 0x53A1, 0x5BC2, 0x6402, 0x6422, 0x4B81, 0x4B62, 0x53A1,   // 0x2DF0 (11760)
0x4BA1, 0x4BA1, 0x53C1, 0x4B62, 0x4BA2, 0x53C2, 0x53C1, 0x53C1, 0x5C01, 0x5BE1, 0x6C21, 0x7C81, 0x8CA2, 0x94C2, 0xA4A2, 0xB522,   // 0x2E00 (11776)
0x3201, 0x3221, 0x2A42, 0x2221, 0x3201, 0x21C0, 0x2A21, 0x2202, 0x3281, 0x3281, 0x42C1, 0x42A1, 0x3A61, 0x3AC1, 0x4301, 0x5342,   // 0x2E10 (11792)
0x4301, 0x4B01, 0x4B01, 0x4B21, 0x6382, 0x5B41, 0x42C1, 0x3AA1, 0x4AC0, 0x5B22, 0x5B41, 0x6342, 0x5B41, 0x6342, 0x5342, 0x5302,   // 0x2E20 (11808)
0x5B62, 0x4B01, 0x5361, 0x5B82, 0x63C1, 0x6BA1, 0x6BC2, 0x73E3, 0x73C2, 0x73E2, 0x73E2, 0x6BC2, 0x63A1, 0x5381, 0x7C03, 0x7C02,   // 0x2E30 (11824)
0x7402, 0x8423, 0x7C23, 0x73E3, 0x8C43, 0x8442, 0x7422, 0x6C01, 0x8C62, 0x8C82, 0x8441, 0x7C61, 0x6382, 0x3242, 0x4B62, 0x5422,   // 0x2E40 (11840)
0x5C22, 0x5BE2, 0x6441, 0x6421, 0x5BE1, 0x6442, 0x9DAF, 0xE77C, 0x7C72, 0x3187, 0x31A7, 0x31A7, 0x5228, 0x4A27, 0x29E6, 0x3A26,   // 0x2E50 (11856)
0x29C5, 0x19E3, 0x2224, 0x2A85, 0x3B04, 0x4344, 0x4362, 0x3B02, 0x32C3, 0x3B03, 0x4322, 0x4361, 0x4BA1, 0x5381, 0x5BA1, 0x5BC1,   // 0x2E60 (11872)
0x4B81, 0x4301, 0x4301, 0x4B81, 0x5401, 0x4C02, 0x43C2, 0x5402, 0x5402, 0x5C02, 0x5BE2, 0x5BC1, 0x53C1, 0x53C2, 0x4B82, 0x4B61,   // 0x2E70 (11888)
0x4B81, 0x5381, 0x53C2, 0x53E2, 0x4BA2, 0x53A2, 0x5BE2, 0x5BE1, 0x5BE1, 0x5BE1, 0x6C02, 0x8C82, 0x7C61, 0x8482, 0xA502, 0x9482,   // 0x2E80 (11904)
0x31C1, 0x31C1, 0x29C1, 0x29E2, 0x4201, 0x41E1, 0x39A1, 0x31A1, 0x29A1, 0x29C1, 0x29E1, 0x2A01, 0x2A61, 0x3AA1, 0x42E1, 0x4301,   // 0x2E90 (11920)
0x4B41, 0x4B41, 0x4B41, 0x4B21, 0x5361, 0x4B41, 0x4B61, 0x4B41, 0x4301, 0x4B41, 0x5361, 0x4B21, 0x5321, 0x5302, 0x42E1, 0x5B63,   // 0x2EA0 (11936)
0x4B02, 0x3AC2, 0x3281, 0x4B42, 0x4B21, 0x5B81, 0x5361, 0x6BC2, 0x5BA2, 0x5B81, 0x63A2, 0x5B81, 0x6BC2, 0x5B81, 0x6382, 0x83E3,   // 0x2EB0 (11952)
0x6382, 0x6B82, 0x5BA2, 0x63A2, 0x83E4, 0x73C2, 0x73C2, 0x7C02, 0x6BC1, 0x7C22, 0x8C62, 0x8C82, 0x94A2, 0x8462, 0x5B82, 0x5362,   // 0x2EC0 (11968)
0x53C1, 0x53E1, 0x5C21, 0x6441, 0x5C01, 0x5C01, 0x6C61, 0x6C84, 0x7489, 0x39E6, 0x39E7, 0x4208, 0x4228, 0x3A47, 0x2A26, 0x2A06,   // 0x2ED0 (11984)
0x21E5, 0x21E5, 0x21E5, 0x3265, 0x3284, 0x3AE4, 0x4304, 0x3A64, 0x3AA4, 0x4B03, 0x4B62, 0x4B61, 0x5321, 0x5BA1, 0x5381, 0x53C1,   // 0x2EE0 (12000)
0x4BC2, 0x4362, 0x4341, 0x4341, 0x4361, 0x4BA2, 0x4C02, 0x53E2, 0x5C42, 0x5421, 0x53E2, 0x5BC1, 0x6402, 0x5362, 0x53A1, 0x4B81,   // 0x2EF0 (12016)
0x4B81, 0x4361, 0x4381, 0x4B81, 0x4BA2, 0x4BA2, 0x5BE2, 0x6402, 0x6421, 0x6422, 0x6421, 0x7421, 0x94A2, 0x84A2, 0x8461, 0x9C82,   // 0x2F00 (12032)
0x3A00, 0x3200, 0x29A0, 0x1960, 0x2981, 0x4183, 0x41A4, 0x41A4, 0x49A3, 0x49C3, 0x51C4, 0x49E3, 0x4A02, 0x4A22, 0x4A62, 0x4A61,   // 0x2F10 (12048)
0x4AA1, 0x52E2, 0x4281, 0x42C1, 0x4B21, 0x4B21, 0x5361, 0x5361, 0x5381, 0x53A1, 0x5B81, 0x5BA1, 0x5381, 0x5361, 0x4321, 0x4B01,   // 0x2F20 (12064)
0x4301, 0x4322, 0x4341, 0x4321, 0x4B21, 0x4B41, 0x4B81, 0x4B61, 0x3B01, 0x4342, 0x5BA2, 0x63C2, 0x5362, 0x5362, 0x4B62, 0x4B02,   // 0x2F30 (12080)
0x4302, 0x4B41, 0x4B22, 0x4B41, 0x5342, 0x5B42, 0x63C2, 0x63C1, 0x63A2, 0x73C2, 0x7C02, 0x7402, 0x7C21, 0x8461, 0x7C41, 0x7C61,   // 0x2F40 (12096)
0x6BE2, 0x6382, 0x5BC2, 0x6421, 0x6C41, 0x6441, 0x6420, 0x6C41, 0x6441, 0x5BC2, 0x3A45, 0x3207, 0x2A26, 0x2A66, 0x3247, 0x3207,   // 0x2F50 (12112)
0x3265, 0x3AE4, 0x32E3, 0x32E3, 0x3B22, 0x3B04, 0x3B04, 0x4B64, 0x3264, 0x42C3, 0x53A1, 0x4B42, 0x4301, 0x5BC0, 0x5BE1, 0x5421,   // 0x2F60 (12128)
0x5421, 0x4381, 0x4341, 0x4301, 0x4B81, 0x43A2, 0x43A2, 0x4362, 0x4BA2, 0x53E2, 0x53E1, 0x53E2, 0x6C42, 0x6C62, 0x5BC2, 0x4B82,   // 0x2F70 (12144)
0x4B82, 0x4381, 0x4BC2, 0x4BA1, 0x4BA1, 0x4BA1, 0x53E1, 0x5C02, 0x5C21, 0x6402, 0x6422, 0x6421, 0x7462, 0x8482, 0x8461, 0xB542,   // 0x2F80 (12160)
0x7362, 0x6321, 0x62E1, 0x5AC2, 0x62C5, 0x62C6, 0x62A7, 0x62A8, 0x62A8, 0x62A8, 0x62A8, 0x62C8, 0x62A7, 0x62A6, 0x6287, 0x62A6,   // 0x2F90 (12176)
0x6AC6, 0x6AC6, 0x62E6, 0x6325, 0x6325, 0x6345, 0x6365, 0x6B65, 0x6B65, 0x6345, 0x5B44, 0x6364, 0x6384, 0x6383, 0x5343, 0x5363,   // 0x2FA0 (12192)
0x5B82, 0x5B82, 0x5BC2, 0x5BC2, 0x5BC2, 0x63C2, 0x6BC2, 0x6BC2, 0x4B41, 0x4341, 0x4B61, 0x4B61, 0x5362, 0x4B61, 0x4B41, 0x4321,   // 0x2FB0 (12208)
0x4322, 0x4322, 0x4322, 0x4B82, 0x5382, 0x53C2, 0x5381, 0x5BC2, 0x4B61, 0x5382, 0x5341, 0x5B61, 0x63A2, 0x63E1, 0x5BC1, 0x5BC0,   // 0x2FC0 (12224)
0x6C01, 0x6C21, 0x5BA2, 0x6384, 0x63A2, 0x6C61, 0x7481, 0x6C61, 0x6C61, 0x6C61, 0x63C1, 0x3B04, 0x2AE5, 0x32E6, 0x32C6, 0x3AE5,   // 0x2FD0 (12240)
0x4304, 0x4B83, 0x4362, 0x3B42, 0x4341, 0x4B22, 0x3AE2, 0x3242, 0x3224, 0x3263, 0x4B01, 0x4B41, 0x5381, 0x53A1, 0x53C0, 0x5400,   // 0x2FE0 (12256)
0x5C41, 0x5420, 0x4BA1, 0x4361, 0x4361, 0x4BC1, 0x43A1, 0x4361, 0x4B82, 0x4BE2, 0x5C02, 0x4B82, 0x5BE2, 0x6422, 0x5BE2, 0x5382,   // 0x2FF0 (12272)
0x53A2, 0x4362, 0x4BC2, 0x43A2, 0x4BC1, 0x53E1, 0x5401, 0x53E1, 0x5C01, 0x5C21, 0x6401, 0x6C22, 0x6C21, 0x7C61, 0x8CC2, 0xAD22,   // 0x3000 (12288)
0x8363, 0x8B83, 0x93A4, 0x8343, 0x8383, 0x7322, 0x7B83, 0x6322, 0x6302, 0x5AE3, 0x5AE3, 0x5303, 0x42A3, 0x4AE3, 0x5324, 0x4AE4,   // 0x3010 (12304)
0x5304, 0x5324, 0x6363, 0x6364, 0x6B84, 0x6384, 0x6364, 0x6385, 0x63A4, 0x6384, 0x6BA5, 0x73A6, 0x6B85, 0x73E6, 0x7C26, 0x7C26,   // 0x3020 (12320)
0x7445, 0x7C45, 0x8485, 0x7C65, 0x8465, 0x8C85, 0x8464, 0x8C64, 0x8C63, 0x7C43, 0x7C61, 0x8482, 0x9482, 0x9482, 0x8C43, 0x8C02,   // 0x3030 (12336)
0x9443, 0x9463, 0x8403, 0x8C43, 0x8C63, 0x9CE3, 0xA523, 0x9D03, 0x94C3, 0x84A3, 0x8482, 0x7C62, 0x7C62, 0x7C43, 0x7C43, 0x7422,   // 0x3040 (12352)
0x7443, 0x6C02, 0x5BA1, 0x5382, 0x4B03, 0x5322, 0x6402, 0x6441, 0x6C81, 0x74E2, 0x74A1, 0x63E2, 0x3B04, 0x4306, 0x4B06, 0x4B26,   // 0x3050 (12368)
0x4B64, 0x5382, 0x4B62, 0x53A1, 0x4B61, 0x3AA2, 0x42A2, 0x3A62, 0x3203, 0x3283, 0x4341, 0x4B40, 0x5381, 0x53C0, 0x53A0, 0x5BE1,   // 0x3060 (12384)
0x5C41, 0x5421, 0x4C00, 0x43A1, 0x4341, 0x43A1, 0x5402, 0x5402, 0x43A2, 0x3B42, 0x4B81, 0x5BE2, 0x5C02, 0x53C2, 0x5BC2, 0x5BC2,   // 0x3070 (12400)
0x5C02, 0x5402, 0x53E1, 0x4BA1, 0x53E1, 0x5401, 0x53E1, 0x53E1, 0x5C01, 0x5C01, 0x5C21, 0x6421, 0x6421, 0x6C42, 0x7482, 0x8CC2,   // 0x3080 (12416)
0x6321, 0x62E1, 0x7342, 0x8BA4, 0x7B62, 0x7322, 0x6B01, 0x7302, 0x7322, 0x7342, 0x6AE1, 0x6301, 0x6322, 0x52E1, 0x4281, 0x52E2,   // 0x3090 (12432)
0x52C2, 0x2A21, 0x52E1, 0x73A3, 0x5B21, 0x52E1, 0x5B22, 0x3A81, 0x3261, 0x4B21, 0x4B01, 0x5B41, 0x7382, 0x7BC2, 0x7382, 0x8422,   // 0x30A0 (12448)
0x6BA2, 0x73A1, 0x6B42, 0x7BC2, 0x7C03, 0x7382, 0x7B62, 0x7BA2, 0x7B82, 0x7BA1, 0x9422, 0x9442, 0xA462, 0xB463, 0xA443, 0xB4C4,   // 0x30B0 (12464)
0xAC83, 0xC4E5, 0xBCA4, 0xC4E5, 0xD566, 0xC525, 0xB4E4, 0xBD04, 0xBCC5, 0xCD65, 0xB503, 0xAD02, 0xB503, 0xB503, 0xBD04, 0xB543,   // 0x30C0 (12480)
0xBD63, 0xC5A2, 0xBDA3, 0xAD83, 0x94E2, 0x8CC2, 0x9D02, 0xAD42, 0xB563, 0xBDA3, 0xB582, 0xBD64, 0xAD23, 0x9D22, 0xA523, 0x9D03,   // 0x30D0 (12496)
0x94E2, 0x9D22, 0x94E2, 0x8CA3, 0x94E2, 0x9484, 0x8C24, 0x8C83, 0x4B21, 0x21E2, 0x42E2, 0x4320, 0x4341, 0x3AE1, 0x4B02, 0x42E1,   // 0x30E0 (12512)
0x6401, 0x6C61, 0x5C01, 0x4BC1, 0x4B81, 0x4341, 0x4BE1, 0x4BC2, 0x3B22, 0x4362, 0x4BA2, 0x63C1, 0x5C22, 0x53A2, 0x63E2, 0x6C21,   // 0x30F0 (12528)
0x5C22, 0x6422, 0x6422, 0x5402, 0x5401, 0x5401, 0x53E2, 0x5C02, 0x5C01, 0x5C01, 0x5C21, 0x5C01, 0x6421, 0x6422, 0x6C42, 0x7462,   // 0x3100 (12544)
0x62E1, 0x62E1, 0x5AE1, 0x6B22, 0x6B21, 0x7B82, 0x83A2, 0x6322, 0x5AC1, 0x7322, 0x8BA4, 0x83A3, 0x5AC1, 0x5AE1, 0x7362, 0x83C3,   // 0x3110 (12560)
0x6342, 0x4281, 0x3A41, 0x3A81, 0x3A61, 0x3A41, 0x52C1, 0x52E2, 0x3261, 0x3281, 0x3261, 0x42A1, 0x5321, 0x6B62, 0x7BA2, 0x7BC2,   // 0x3120 (12576)
0x73E2, 0x73C2, 0x63A2, 0x7402, 0x6BE2, 0x63C2, 0x5B81, 0x5381, 0x6BE2, 0x8C63, 0x7C02, 0xB4C4, 0xBCA3, 0xAC43, 0x83A2, 0xACA4,   // 0x3130 (12592)
0xA483, 0xAC63, 0xACA3, 0xB4C4, 0xACA3, 0xBCE5, 0xACC4, 0xA4C2, 0xACE2, 0xACE3, 0xAD03, 0x9482, 0x9482, 0xACE2, 0xA4A2, 0xBD04,   // 0x3140 (12608)
0x9C62, 0xAD03, 0xB542, 0xCDE3, 0xD603, 0xBDC3, 0xAD81, 0xBDA2, 0xBDA2, 0xBD63, 0xC5A2, 0xC5A2, 0xBD82, 0xC5C2, 0xCDA3, 0xC5A3,   // 0x3150 (12624)
0xC563, 0xC563, 0xD5E3, 0xC562, 0xBD23, 0xBD24, 0xB504, 0xB524, 0xBD83, 0x8482, 0x5361, 0x4B21, 0x5B63, 0x5AE4, 0x4AC3, 0x42C1,   // 0x3160 (12640)
0x4301, 0x4302, 0x3AE1, 0x3B21, 0x4B61, 0x53A2, 0x3B42, 0x43A2, 0x43C2, 0x5402, 0x5C43, 0x53E2, 0x5BE2, 0x6402, 0x6442, 0x5C03,   // 0x3170 (12656)
0x6C43, 0x74C2, 0x74A3, 0x6443, 0x53E2, 0x5BE3, 0x7405, 0x5364, 0x5C22, 0x6441, 0x6C62, 0x6C41, 0x6442, 0x6C61, 0x6C61, 0x7482,   // 0x3180 (12672)
0x7321, 0x83A3, 0x8362, 0x7342, 0x7B62, 0x9BC4, 0x93A3, 0x8343, 0x8382, 0x83A2, 0x93C3, 0x83A1, 0x9402, 0x7BA2, 0x6B42, 0x6321,   // 0x3190 (12688)
0x7362, 0x83C3, 0x73C2, 0x5B41, 0x5B42, 0x5B22, 0x4B02, 0x42E1, 0x5342, 0x4AE1, 0x4AE1, 0x6342, 0x5301, 0x5301, 0x6B81, 0x6361,   // 0x31A0 (12704)
0x73A1, 0x7BC2, 0x73E1, 0x7C61, 0x7C21, 0x7C42, 0x7C62, 0x7C61, 0x8442, 0x8422, 0x9462, 0xA4C2, 0xB4E2, 0xBD23, 0xBD23, 0xACE2,   // 0x31B0 (12720)
0xB502, 0xB503, 0xBD03, 0xA4A2, 0xA4C3, 0x9482, 0xA4E3, 0xA502, 0xBD43, 0xAD03, 0xA502, 0x9CC2, 0xA502, 0xA522, 0xA502, 0x9CE2,   // 0x31C0 (12736)
0xA522, 0x9CE1, 0xAD42, 0xAD62, 0xBD82, 0xC5C2, 0xC5E2, 0xC5A2, 0xBDA2, 0xA521, 0x94C1, 0xAD21, 0xAD62, 0xBDA2, 0xB5A2, 0xB5A2,   // 0x31D0 (12752)
0xB5A2, 0xAD82, 0xAD81, 0xA562, 0xAD82, 0xAD61, 0xB581, 0xB5A2, 0xB5A2, 0xC602, 0xAD82, 0x9562, 0x8CC2, 0xAD24, 0x9463, 0x9C64,   // 0x31E0 (12768)
0x9C63, 0x8BC4, 0x6B83, 0x6C23, 0x7482, 0x6C42, 0x6C62, 0x6C83, 0x6462, 0x7CA2, 0x84C2, 0x74A2, 0x7482, 0x7481, 0x6C22, 0x6402,   // 0x31F0 (12784)
0x7423, 0x9CC8, 0xBD6C, 0x6C06, 0x6422, 0x7C62, 0x8CA2, 0x8CC2, 0x84A2, 0x84C3, 0x9D03, 0x8CA4, 0x8483, 0x8CC2, 0x8CC2, 0x84C2,   // 0x3200 (12800)
0xBC45, 0xBC46, 0xCC87, 0xCCA6, 0xC465, 0xC485, 0xD4A6, 0xCCA6, 0xC466, 0xC486, 0xBC44, 0xCC85, 0xCCC6, 0xBC83, 0xBC84, 0xB4A4,   // 0x3210 (12816)
0xA443, 0x9443, 0x83E2, 0x9C42, 0x8C21, 0x8401, 0x9462, 0x9462, 0x8402, 0xA462, 0xA482, 0x9C63, 0x8C42, 0x9C82, 0xACE2, 0xACE2,   // 0x3220 (12832)
0xA4E1, 0x9CC2, 0x9CC1, 0x9CE1, 0x9CC1, 0x94A2, 0xAD02, 0xACE1, 0xAD01, 0xAD02, 0xA4E1, 0xACE2, 0xACE2, 0xBD03, 0xC543, 0xC523,   // 0x3230 (12848)
0xCD64, 0xC523, 0xC523, 0xCD44, 0xCD43, 0xCD44, 0xCD63, 0xC544, 0xCD44, 0xC543, 0xBD43, 0xB522, 0xB522, 0xB542, 0xBD62, 0xC583,   // 0x3240 (12864)
0xBD63, 0xA4E2, 0x8C81, 0x94A2, 0x94C2, 0xBD82, 0xB542, 0xB542, 0xBDA2, 0xB561, 0xAD61, 0xB562, 0xA521, 0xAD22, 0xAD22, 0xAD42,   // 0x3250 (12880)
0xA522, 0x94E2, 0xA542, 0xB5A2, 0xA581, 0xA581, 0xADC1, 0xB5E1, 0xADA1, 0xB5E1, 0xA5A1, 0xA5A1, 0xA5C1, 0xA5C1, 0xA5A1, 0xADA1,   // 0x3260 (12896)
0xADC1, 0xADA2, 0xADC2, 0xADC1, 0xAD81, 0xAD81, 0xADA1, 0xADA1, 0xADA1, 0xA581, 0xADA1, 0xAD81, 0xAD81, 0xA581, 0xADA1, 0xADA2,   // 0x3270 (12912)
0xADA1, 0xB5A2, 0xADA2, 0xADC2, 0xADA2, 0xADA2, 0xAD82, 0xAD81, 0xAD82, 0xADC2, 0xADA2, 0xA581, 0xA582, 0xAD81, 0xADA1, 0xA581,   // 0x3280 (12928)
0xBC45, 0xB424, 0xB425, 0xBC65, 0xB463, 0xC4A5, 0xCCA5, 0xC484, 0xD4C5, 0xD4E6, 0xCCE5, 0xBCC3, 0xCD04, 0xDD46, 0xD525, 0xBCE4,   // 0x3290 (12944)
0xC505, 0xD546, 0xDD67, 0xDD66, 0xD544, 0xD505, 0xE526, 0xEDA6, 0xE565, 0xE565, 0xE586, 0xDD66, 0xD543, 0xD523, 0xCD43, 0xDDA4,   // 0x32A0 (12960)
0xE5E4, 0xE5C5, 0xE5C4, 0xE5A4, 0xE5E4, 0xDDC5, 0xCD64, 0xE603, 0xEE66, 0xEE45, 0xEE45, 0xEE46, 0xEE25, 0xEE26, 0xEE25, 0xEE24,   // 0x32B0 (12976)
0xEE05, 0xE5C3, 0xE5E3, 0xE5A4, 0xEDE3, 0xE5E3, 0xE5C3, 0xE603, 0xEE23, 0xE603, 0xEE24, 0xEE65, 0xEE44, 0xEE65, 0xE622, 0xE623,   // 0x32C0 (12992)
0xE663, 0xE663, 0xEE63, 0xE621, 0xE642, 0xDE21, 0xE662, 0xE642, 0xE662, 0xE662, 0xE6A4, 0xE6A3, 0xE683, 0xE683, 0xEEA3, 0xE662,   // 0x32D0 (13008)
0xE662, 0xE682, 0xE682, 0xE661, 0xE682, 0xE681, 0xE661, 0xEEA2, 0xEEE3, 0xE6A2, 0xDE82, 0xE6C2, 0xE6A2, 0xE6C2, 0xE6C2, 0xDE82,   // 0x32E0 (13024)
0xDE81, 0xCE22, 0xDE62, 0xD641, 0xCE01, 0xC5E2, 0xC602, 0xCE22, 0xD622, 0xCE02, 0xCE02, 0xCE22, 0xCE22, 0xCE22, 0xBE03, 0x8504,   // 0x32F0 (13040)
0x8D43, 0xB5E3, 0xCE22, 0xC602, 0xBDC2, 0xBDE2, 0xC602, 0xC5E2, 0xC601, 0xBDE1, 0xBDE1, 0xBDE1, 0xB5A1, 0xBDC1, 0xBDA1, 0xBDA1,   // 0x3300 (13056)
0xB465, 0xBCA6, 0xAC43, 0xA463, 0xB463, 0xD4C5, 0xD4C7, 0xCCA6, 0xC485, 0xB463, 0xC4C4, 0xC4C4, 0xDD27, 0xDD06, 0xDD06, 0xDD06,   // 0x3310 (13072)
0xE506, 0xE526, 0xCCC4, 0xCCE3, 0xCCE3, 0xD4E3, 0xDD24, 0xE524, 0xD503, 0xD503, 0xDCE3, 0xE523, 0xE543, 0xED24, 0xE543, 0xDD43,   // 0x3320 (13088)
0xE563, 0xE523, 0xE523, 0xED44, 0xE523, 0xE5A4, 0xEDE5, 0xEDE4, 0xF606, 0xEDE4, 0xEE04, 0xF626, 0xF668, 0xEE07, 0xF647, 0xF626,   // 0x3330 (13104)
0xEE68, 0xF646, 0xEE05, 0xEE05, 0xEDE5, 0xEE45, 0xEE25, 0xE5C4, 0xE604, 0xEE46, 0xEE26, 0xEE04, 0xF665, 0xEE65, 0xE623, 0xEEA8,   // 0x3340 (13120)
0xE665, 0xD5E3, 0xE5E3, 0xE5C3, 0xE5E3, 0xE5E2, 0xE603, 0xDD62, 0xE5A3, 0xE602, 0xDDC2, 0xE603, 0xDDE3, 0xE623, 0xE623, 0xEE64,   // 0x3350 (13136)
0xE622, 0xDE02, 0xEE62, 0xEE62, 0xE662, 0xE662, 0xEE62, 0xE622, 0xE662, 0xDE62, 0xCE22, 0xCE02, 0xC5C2, 0xD622, 0xCDE2, 0xCDC2,   // 0x3360 (13152)
0xC582, 0xC5A2, 0xD602, 0xC5E2, 0xBDA2, 0xAD42, 0xA502, 0xAD62, 0xB5A3, 0xAD42, 0xB582, 0xB5A2, 0xAD83, 0x8CC3, 0x7C84, 0x3AC3,   // 0x3370 (13168)
0x2A43, 0x4323, 0x7D04, 0x9562, 0x5BE3, 0x4B44, 0x4B23, 0x6C63, 0xA582, 0x9D43, 0xA582, 0xBE03, 0xADA3, 0xBDE2, 0xC5C2, 0xBD42,   // 0x3380 (13184)
0x9BE3, 0xBC65, 0xB445, 0xBC65, 0xB464, 0xD507, 0xB444, 0xAC65, 0xB445, 0xAC02, 0xA3E2, 0xB402, 0xA3C2, 0xB403, 0xB403, 0xBC22,   // 0x3390 (13200)
0xE505, 0xD464, 0xC443, 0xBC22, 0xAC02, 0xC483, 0xBCA2, 0xD4A2, 0xCCA3, 0xCCE3, 0xCC83, 0xCC62, 0xCC62, 0xD462, 0xE4E3, 0xD482,   // 0x33A0 (13216)
0xC462, 0xD4A2, 0xD482, 0xD482, 0xDCC2, 0xCCA2, 0xDD03, 0xD4A2, 0xDD03, 0xD523, 0xE5A4, 0xDD85, 0xE5A5, 0xE5C6, 0xE5C7, 0xEDE7,   // 0x33B0 (13232)
0xE5C6, 0xE5E6, 0xEE06, 0xEE07, 0xE606, 0xE5E6, 0xEE89, 0xBD04, 0xC503, 0xDD63, 0xE583, 0xE604, 0xE5E4, 0xDDE3, 0xDDC3, 0xE648,   // 0x33C0 (13248)
0xE605, 0xE603, 0xDDC3, 0xDDE3, 0xCDA5, 0xDE04, 0xDE02, 0xDDE3, 0xD562, 0xE623, 0xDE23, 0xE643, 0xE663, 0xDE02, 0xE623, 0xD5A2,   // 0x33D0 (13264)
0xDDE2, 0xE622, 0xE602, 0xE663, 0xE663, 0xEE64, 0xEEA5, 0xE623, 0xE664, 0xEEE5, 0xEF06, 0xE6C3, 0xE683, 0xDE62, 0xE683, 0xDE43,   // 0x33E0 (13280)
0xDE83, 0xDE82, 0xE6A2, 0xDEA3, 0xE6C3, 0xDE62, 0xC5A3, 0xD602, 0xCD62, 0xBD63, 0xCDA2, 0xBD63, 0xACC3, 0xACE2, 0xAD03, 0x9D23,   // 0x33F0 (13296)
0x9483, 0x8C43, 0x7402, 0x5BA3, 0x63A3, 0x5364, 0x5323, 0x2A43, 0x4303, 0x73E4, 0x4BA4, 0x3B03, 0x4323, 0x5B82, 0x6B82, 0x7BA2,   // 0x3400 (13312)
0xA404, 0xBC45, 0xBC65, 0xCCC7, 0xC485, 0xA3E4, 0x7363, 0x4A61, 0x62E2, 0x7B22, 0x9B81, 0xABA2, 0xABC3, 0xAC04, 0xBC45, 0xD4C5,   // 0x3410 (13328)
0xD4C4, 0xCCC4, 0xDD26, 0xBC43, 0xBC83, 0xB422, 0xA402, 0x93A2, 0xAC02, 0xA3E2, 0xBC43, 0xBC43, 0xBC22, 0xBC02, 0xC4A3, 0xBC82,   // 0x3420 (13344)
0xB442, 0xAC22, 0xCC63, 0xCC42, 0xD4A3, 0xD4E3, 0xCC82, 0xBC42, 0xC482, 0xC483, 0xD565, 0xCD03, 0xC4A2, 0xC503, 0xBCA3, 0xBC82,   // 0x3430 (13360)
0xB482, 0xAC63, 0xBD03, 0xD544, 0xD564, 0xB4C3, 0xCD23, 0xBCA3, 0xD545, 0xCCE3, 0xDD44, 0xBC83, 0xAC22, 0xCCE3, 0xCD23, 0xD544,   // 0x3440 (13376)
0xDD43, 0xD563, 0xCD44, 0xDDA4, 0xE647, 0xE625, 0xE623, 0xD604, 0xD5E2, 0xE663, 0xDE44, 0xE624, 0xE685, 0xE664, 0xDE44, 0xE664,   // 0x3450 (13392)
0xDE42, 0xEEC4, 0xEEA4, 0xDE64, 0xDE63, 0xDE64, 0xEEE4, 0xEEE6, 0xDE84, 0xEEC3, 0xEEE3, 0xEF05, 0xEEC5, 0xE6A3, 0xE6A3, 0xDE63,   // 0x3460 (13408)
0xE663, 0xDE63, 0xDE43, 0xE683, 0xD643, 0xD603, 0xBD43, 0xDDC3, 0xB4E2, 0xAD23, 0xCDA2, 0xACE3, 0xACE3, 0x9C63, 0xACA3, 0x9CE2,   // 0x3470 (13424)
0xB523, 0xB4E3, 0x8C43, 0x8C62, 0x9CC3, 0x8C43, 0x83C3, 0x52E2, 0x5AE2, 0x5AE3, 0x6BA4, 0x8C65, 0x7405, 0x7403, 0x7C03, 0xB485,   // 0x3480 (13440)
0xA3E4, 0xB444, 0xAC63, 0xA443, 0xB444, 0xA3C3, 0xA3C4, 0x9BA4, 0xAC24, 0x8341, 0x8B62, 0xA3E3, 0xABE3, 0x9362, 0xA3C5, 0x9383,   // 0x3490 (13456)
0x8B82, 0xA423, 0xB464, 0xAC22, 0xBCA3, 0xAC63, 0xB463, 0xA403, 0xAC02, 0xB422, 0xBC63, 0x93C2, 0x8382, 0xB463, 0xBCE3, 0xB4E4,   // 0x34A0 (13472)
0xA483, 0xB4A3, 0xC463, 0xA3C3, 0xA3C2, 0xA403, 0xAC03, 0xAC43, 0xA403, 0xD524, 0xCCE4, 0xC4A3, 0xC4A3, 0xB482, 0xAC63, 0xBCC3,   // 0x34B0 (13488)
0xAC83, 0x9C43, 0x9422, 0xCD45, 0xBCC3, 0xB483, 0xAC63, 0xBC83, 0xA422, 0xCD03, 0xD503, 0xBC63, 0x9C22, 0xB4C3, 0xA463, 0xC504,   // 0x34C0 (13504)
0xDD65, 0xDD64, 0xC504, 0x9C62, 0xB4C2, 0xBD43, 0xCD83, 0xA522, 0xAD43, 0xB562, 0xBD42, 0xBD24, 0xCDC5, 0xCDC4, 0xDE05, 0xD5C3,   // 0x34D0 (13520)
0xDE44, 0xD603, 0xD603, 0xD624, 0xDE45, 0xCDA4, 0xBD83, 0xC5C4, 0xB524, 0xB582, 0xCE02, 0xDE63, 0xD643, 0xD623, 0xC5A3, 0xCE03,   // 0x34E0 (13536)
0xB583, 0xAD03, 0xAD04, 0xA523, 0xA523, 0xA543, 0xAD44, 0xD5E4, 0xBD43, 0xB584, 0xBDC3, 0xA543, 0xA4E4, 0xACE3, 0xAC83, 0xA4C3,   // 0x34F0 (13552)
0xAD23, 0xA4E3, 0x73C3, 0x7BE3, 0xA503, 0x9CA4, 0x9C63, 0x8C03, 0x9CC4, 0x8C63, 0x73A2, 0x7383, 0x9444, 0x83C3, 0x8C02, 0xAC65,   // 0x3500 (13568)
0x83A2, 0x8341, 0x9BE2, 0x93E2, 0x8362, 0x93C3, 0x93A3, 0x8B82, 0x8362, 0x8362, 0x8BA3, 0x8383, 0x93C4, 0x6B02, 0x8363, 0x8BA3,   // 0x3510 (13584)
0x8BC3, 0x9423, 0x9423, 0x93C2, 0xA423, 0x93E2, 0x93E3, 0xB4C3, 0x9422, 0xC504, 0xCD04, 0x9403, 0x83A2, 0xAC83, 0xD564, 0xC504,   // 0x3520 (13600)
0xBCE4, 0xA443, 0xB4A3, 0x93E2, 0x83C2, 0x7BA2, 0x7B62, 0x8382, 0x7B62, 0xB4A3, 0x9C22, 0xB483, 0xBCE3, 0xBCE4, 0xA423, 0xAC63,   // 0x3530 (13616)
0xC4E4, 0xBD45, 0xC565, 0xC524, 0xC504, 0xBCA4, 0x7342, 0x9C23, 0xA443, 0xACC3, 0xBD04, 0xBCE5, 0x9C43, 0xB4A3, 0x9403, 0xBCE4,   // 0x3540 (13632)
0xBD04, 0xCD25, 0xC504, 0xAD04, 0x9C83, 0xACE4, 0x8C02, 0x9CC3, 0x8C63, 0x94A3, 0xA4A3, 0x9C83, 0x9483, 0x8C84, 0x9483, 0xA4A3,   // 0x3550 (13648)
0xA4C4, 0xA503, 0x94A3, 0xA503, 0xAD23, 0x9484, 0xA503, 0x9CC3, 0x7BE3, 0x8CA3, 0x94A3, 0xAD24, 0xA503, 0x9CE4, 0xA4E4, 0xA523,   // 0x3560 (13664)
0xAD44, 0xA4E4, 0x9CA5, 0x94C4, 0x8CC4, 0x94E4, 0x94E3, 0xB563, 0x9CE3, 0xC623, 0xBDC3, 0xB5A3, 0xB5C3, 0xBDE3, 0xBDE3, 0xBDE3,   // 0x3570 (13680)
0xBDE3, 0xB5C3, 0x8D02, 0x84A3, 0xA583, 0xA563, 0xA543, 0xB563, 0xB583, 0x9D03, 0x8462, 0x8442, 0xA503, 0xA4E3, 0x8423, 0x8463,   // 0x3580 (13696)
0x7B63, 0x7322, 0x8363, 0x8342, 0x9384, 0x8B83, 0xA3C3, 0x93E3, 0x7B83, 0x7B83, 0x6AE3, 0x7B63, 0x8B83, 0x5AA2, 0x6AE2, 0x83A3,   // 0x3590 (13712)
0x9404, 0x7B63, 0x9C04, 0x7B22, 0x8BA2, 0x93E3, 0x8BC3, 0x8C03, 0x73A2, 0x8BE2, 0x9C22, 0xAC63, 0x9C04, 0xAC84, 0xA442, 0xBD24,   // 0x35A0 (13728)
0xB4E4, 0xB504, 0x9C83, 0x7BE2, 0xAC83, 0x8C43, 0x6B62, 0x7BA2, 0x7382, 0x9404, 0x83C3, 0x9423, 0x8BC3, 0xAC83, 0xC543, 0xBD44,   // 0x35B0 (13744)
0x9463, 0x8C83, 0xA4C4, 0x9C85, 0x8C04, 0xAC84, 0x8C23, 0x94E4, 0x8C44, 0x9464, 0x9CC4, 0x6363, 0x8444, 0x8444, 0x7BE3, 0x7BA3,   // 0x35C0 (13760)
0x9423, 0x9C84, 0x9CC4, 0x7C03, 0x8463, 0x7403, 0x6363, 0x9CC4, 0x8483, 0x8C64, 0x8C84, 0x8C83, 0x8CC3, 0x6BE3, 0x5B83, 0x7403,   // 0x35D0 (13776)
0x63C2, 0x6C03, 0x8463, 0x8C43, 0x8443, 0x7C23, 0x84A3, 0x7C84, 0x8424, 0x7BE3, 0x73E4, 0x8C65, 0x7404, 0x6344, 0x6B83, 0x8464,   // 0x35E0 (13792)
0x9CC5, 0x9D04, 0x9CC5, 0x9CE4, 0x8443, 0x94C4, 0x8CA3, 0x94A3, 0x9CE4, 0xA543, 0xAD84, 0xCE64, 0xC644, 0xB5C3, 0xADC3, 0xB5E4,   // 0x35F0 (13808)
0xC604, 0xC624, 0xB5C4, 0xA543, 0xA583, 0xB5E2, 0xADC3, 0x9D63, 0xBE04, 0xCE64, 0xB5E3, 0xADC3, 0xADC3, 0xADA2, 0xAD82, 0xAD63,   // 0x3600 (13824)
0x8343, 0x7B22, 0x8363, 0x93A3, 0x8343, 0x7B62, 0x8B62, 0x9383, 0x83A3, 0x8BC3, 0x5AE2, 0x62E2, 0x8363, 0x6B22, 0x7B62, 0x6302,   // 0x3610 (13840)
0x62C2, 0x6B03, 0x93A3, 0x8B83, 0x9C04, 0x9423, 0x9C04, 0x8BC3, 0x7B82, 0x8C03, 0x8C02, 0xB4C4, 0xAC64, 0x9C84, 0x9424, 0x7BA2,   // 0x3620 (13856)
0x6BA2, 0x6362, 0x73E2, 0x7BC3, 0x7BC3, 0xA4A4, 0x9424, 0x83C3, 0x83E3, 0x73A2, 0x5B62, 0x7C03, 0x6362, 0x7C23, 0x8443, 0x9D23,   // 0x3630 (13872)
0x8CA4, 0x7423, 0x94C4, 0x9484, 0x8C64, 0x8CE4, 0x8CA3, 0x84C3, 0x8465, 0x7C84, 0x94E5, 0x84A4, 0x84A4, 0x84C4, 0x7C44, 0x6BA4,   // 0x3640 (13888)
0x8483, 0x9503, 0x8D24, 0x5B63, 0x6383, 0x6BE3, 0x4AC2, 0x6BC3, 0x7423, 0x8484, 0x7C64, 0x84A4, 0x84A4, 0x6403, 0x4B63, 0x5B83,   // 0x3650 (13904)
0x63A2, 0x84A4, 0x8484, 0x6BC3, 0x7423, 0x6C22, 0x6C03, 0x7443, 0x84A4, 0x6383, 0x5B63, 0x6383, 0x5303, 0x6324, 0x7BC4, 0x7C24,   // 0x3660 (13920)
0x73E4, 0x84A4, 0x7443, 0x8444, 0x73E4, 0x7423, 0x84A3, 0x8CA4, 0x7C23, 0x8464, 0xAD64, 0xADA4, 0xADA3, 0xAD83, 0xB5E4, 0xAD83,   // 0x3670 (13936)
0xB584, 0xCE65, 0xC624, 0xB5E4, 0xB583, 0xA584, 0xA5A3, 0xADC3, 0xD684, 0xCE25, 0xD665, 0xBDC3, 0xA5A3, 0xA5C3, 0xB5E4, 0xAD83,   // 0x3680 (13952)
0x7B63, 0x7302, 0x8BA4, 0x8343, 0x7323, 0x7B23, 0x8384, 0x8363, 0x8BC4, 0x7363, 0x5AE3, 0x6303, 0x7B63, 0xA424, 0xAC44, 0xAC45,   // 0x3690 (13968)
0x8BA5, 0x8BA4, 0x8BA3, 0x93E3, 0x7B63, 0x83A4, 0x7B83, 0x83C4, 0x83C3, 0x7BE3, 0x8464, 0x8443, 0x8463, 0x6BE2, 0x8CA3, 0x6BA3,   // 0x36A0 (13984)
0x7C44, 0x6BC3, 0x4302, 0x4AE2, 0x6B63, 0x83C4, 0x9C25, 0x9404, 0xBD67, 0x6363, 0x4B02, 0x7C43, 0x6C03, 0x63C3, 0x8524, 0x9DE4,   // 0x36B0 (14000)
0x84E4, 0xA585, 0xADA4, 0x8CA4, 0x7CC4, 0x7C24, 0x8C44, 0x52C3, 0x6B65, 0x5B64, 0x63C4, 0x63E4, 0x7C44, 0x9564, 0x8D03, 0x7CC4,   // 0x36C0 (14016)
0x7483, 0x8525, 0x8D05, 0x8D04, 0xA5C4, 0x7CA3, 0x7483, 0x7424, 0x8CC5, 0x63A4, 0x63E3, 0x53A2, 0x7443, 0x5B63, 0x63A5, 0x4303,   // 0x36D0 (14032)
0x6403, 0x6C23, 0x7C84, 0x5B83, 0x63E3, 0x5383, 0x5B83, 0x7C44, 0x94C4, 0x6C03, 0x5BC4, 0x5363, 0x6BC3, 0x6BE4, 0x8C64, 0x8CA4,   // 0x36E0 (14048)
0x7C64, 0x7423, 0x7444, 0x9CE4, 0x9C84, 0xBD45, 0x9CE4, 0x9504, 0x8C84, 0x7444, 0x8485, 0x84A3, 0x9504, 0xB5A4, 0x9563, 0x9563,   // 0x36F0 (14064)
0xAD64, 0xBDE4, 0xA5C3, 0x9DA3, 0x9564, 0x7483, 0x7463, 0x8502, 0x9583, 0x9563, 0x9543, 0xA603, 0x95A4, 0x8CE3, 0x74A2, 0xADA4,   // 0x3700 (14080)
0x52C1, 0x5AE2, 0x5281, 0x62E2, 0x5A82, 0x62A2, 0x6302, 0x6323, 0x8423, 0x7BE3, 0x7B63, 0x6AE2, 0x7323, 0x8BA3, 0x93E4, 0x7B43,   // 0x3710 (14096)
0x8384, 0xB485, 0x83A3, 0x8BE3, 0x7B43, 0x83E4, 0x6BA3, 0x73E3, 0x7C43, 0x6B63, 0x5342, 0x6BE3, 0x5B42, 0x5323, 0x6BE3, 0x5BC2,   // 0x3720 (14112)
0x5342, 0x63A3, 0x5B23, 0x5B04, 0x7BE3, 0x6BA3, 0x7364, 0x5B03, 0x7BE4, 0x5343, 0x5B83, 0x6C42, 0x6403, 0x6C84, 0x5C44, 0x5404,   // 0x3730 (14128)
0x4BC3, 0x53E2, 0x7CE3, 0x7CE4, 0x6463, 0x53A2, 0x8C85, 0x52E3, 0x6324, 0x73C5, 0x42A3, 0x5B64, 0x4B43, 0x6C24, 0x7CC4, 0x7D04,   // 0x3740 (14144)
0x5BE4, 0x4B44, 0x7C85, 0x8504, 0x7CE4, 0x74C4, 0x7CE4, 0x5C04, 0x84E4, 0x8CC5, 0x7404, 0x3A82, 0x6C24, 0x73C4, 0x8464, 0x6C24,   // 0x3750 (14160)
0x5BC4, 0x7423, 0x9505, 0x73E4, 0x7C44, 0x7484, 0x7CA5, 0x7403, 0xA526, 0x6BE4, 0x6445, 0x3AA3, 0x5364, 0x7465, 0x8CE4, 0xA545,   // 0x3760 (14176)
0x8CA3, 0x6C03, 0x8484, 0x9523, 0x7C04, 0x8C24, 0x8C24, 0x9C85, 0x9D25, 0x7444, 0x7404, 0x5B64, 0x8C85, 0xB585, 0x94E4, 0x84C3,   // 0x3770 (14192)
0x9503, 0x8484, 0x7C84, 0x7CC3, 0xA564, 0x84A4, 0x6C03, 0x6C64, 0x6CA3, 0xADE5, 0x8543, 0x7D63, 0x4BA3, 0x8D85, 0x9D24, 0x9D03,   // 0x3780 (14208)
0x3201, 0x4A62, 0x4A62, 0x5AE3, 0x62C3, 0x52A3, 0x52A2, 0x4AA2, 0x73A3, 0x9423, 0x93E4, 0x7B03, 0x8B63, 0x83A4, 0x63A2, 0x5302,   // 0x3790 (14224)
0x52C2, 0x7343, 0xA465, 0x9C64, 0x83C4, 0xA484, 0x9C44, 0x8443, 0x73E3, 0x8C24, 0x9D03, 0x7C03, 0x5B22, 0x4AE3, 0x4AE2, 0x4302,   // 0x37A0 (14240)
0x4B22, 0x4B22, 0x5342, 0x73C4, 0x7C04, 0x5343, 0x5B84, 0x3A83, 0x5323, 0x5B85, 0x6384, 0x63A4, 0x4B02, 0x3AE3, 0x6443, 0x4363,   // 0x37B0 (14256)
0x5BE3, 0x4B63, 0x4343, 0x53C4, 0x4B63, 0x6C64, 0x7484, 0x4B24, 0x63A4, 0x5BA4, 0x53A3, 0x7CC4, 0x5383, 0x7464, 0x5BE4, 0x53E3,   // 0x37C0 (14272)
0x6444, 0x74A4, 0x7485, 0x8504, 0x9DA4, 0x84E4, 0x53C4, 0x4344, 0x5BE4, 0x7CE4, 0x84A5, 0x5363, 0x7424, 0x63C3, 0x7C63, 0x7C64,   // 0x37D0 (14288)
0x63E3, 0x84C4, 0x7C83, 0x5B64, 0x63A3, 0x5343, 0x5384, 0x32A3, 0x4AE3, 0x5BA5, 0x4323, 0x32C3, 0x2A42, 0x5384, 0x6C64, 0x84E4,   // 0x37E0 (14304)
0x8464, 0x8C84, 0xA504, 0x7CA4, 0x9525, 0xA5A4, 0x8D05, 0xA5C4, 0x9544, 0xA5A5, 0xADA5, 0x9D05, 0xA565, 0x94E4, 0x8484, 0x8CC3,   // 0x37F0 (14320)
0x8CC3, 0x7423, 0x6BA4, 0x63A3, 0x7463, 0x9505, 0x8C64, 0x7C25, 0x7CC4, 0x8524, 0x7543, 0x5CA3, 0x43C3, 0x3B62, 0x6CC3, 0xADC4,   // 0x3800 (14336)
0x21C1, 0x29C2, 0x3201, 0x52E3, 0x52A2, 0x4AA2, 0x52C2, 0x73C3, 0x7C23, 0x8422, 0x6B83, 0x7303, 0x7303, 0x7344, 0x6BA3, 0x6BC3,   // 0x3810 (14352)
0x42A2, 0x5AC3, 0x7363, 0x83C3, 0x7BC5, 0x6382, 0x9423, 0x8C63, 0x73E2, 0x8C24, 0xB4E5, 0x8C44, 0x8483, 0x6403, 0x5343, 0x5B63,   // 0x3820 (14368)
0x52E3, 0x6BE3, 0x7C64, 0x8CC4, 0x7C44, 0x42E2, 0x4B03, 0x4AE4, 0x4303, 0x53C4, 0x4BA3, 0x4303, 0x4302, 0x5383, 0x4B63, 0x4363,   // 0x3830 (14384)
0x5C23, 0x3B03, 0x2222, 0x3283, 0x32A3, 0x3B02, 0x4AE4, 0x4304, 0x3AC3, 0x5BA3, 0x4B23, 0x3AE2, 0x4B84, 0x6C23, 0x7C44, 0x4B44,   // 0x3840 (14400)
0x4364, 0x4B83, 0x53A3, 0x6C24, 0x4363, 0x95C5, 0x7524, 0x6CA5, 0x85A4, 0x7D04, 0x84E4, 0x7CA6, 0x84A5, 0x6404, 0x5BE3, 0x63E3,   // 0x3850 (14416)
0x6403, 0x7C84, 0xA546, 0x8485, 0x6BE5, 0x2222, 0x4AE4, 0x5344, 0x4263, 0x42A4, 0x42A4, 0x3A84, 0x3283, 0x3243, 0x3222, 0x5B63,   // 0x3860 (14432)
0xA4E5, 0xA4C4, 0x9D24, 0xADA4, 0x7CE4, 0x8544, 0x8544, 0x8524, 0x6464, 0x9DE5, 0xAE44, 0xA5E4, 0xA584, 0xAD44, 0xA544, 0x9D24,   // 0x3870 (14448)
0x8CA3, 0x8C45, 0x7C64, 0x7424, 0xAD86, 0x84A4, 0xA5C4, 0xADA4, 0x8D23, 0x8D03, 0x9E24, 0x5C24, 0x64A6, 0x3B24, 0x3B63, 0x9504,   // 0x3880 (14464)
0x3202, 0x3202, 0x29E1, 0x3A62, 0x3A62, 0x5302, 0x5B23, 0x4A82, 0x5322, 0x63A2, 0x7BA3, 0x7B84, 0x9C24, 0xA424, 0xA4A4, 0x6BE2,   // 0x3890 (14480)
0x6343, 0x6344, 0x9CA6, 0x73E4, 0x8425, 0x6BE3, 0x5B62, 0x63A3, 0x6C44, 0x6BE3, 0x8403, 0x8424, 0x5BA2, 0x5362, 0x3A82, 0x5B23,   // 0x38A0 (14496)
0x6383, 0x7BE4, 0x9444, 0x9C85, 0x73E3, 0x5B23, 0x5B64, 0x5B64, 0x4AC4, 0x32C2, 0x2AC2, 0x4342, 0x3AC3, 0x42E3, 0x2A62, 0x42E4,   // 0x38B0 (14512)
0x4B64, 0x4BA3, 0x5364, 0x3AE3, 0x4AC4, 0x2A22, 0x4263, 0x4AC4, 0x3A83, 0x5344, 0x5384, 0x4302, 0x4B23, 0xA624, 0xB624, 0xAE25,   // 0x38C0 (14528)
0x7CC6, 0x8D84, 0x9584, 0x8525, 0x6463, 0x4343, 0x4345, 0x32C4, 0x7D65, 0x8DA5, 0x8525, 0xC6A6, 0x9D45, 0x8546, 0x7CA5, 0x6C05,   // 0x38D0 (14544)
0x63E3, 0x7CA4, 0x63A4, 0x6B64, 0x5B04, 0x42C3, 0x5364, 0x6424, 0x6C63, 0x8524, 0x4AC4, 0x52E4, 0x63A4, 0x6385, 0x3A43, 0x4283,   // 0x38E0 (14560)
0x8444, 0x8484, 0x6C02, 0x8464, 0x5BC3, 0x43A3, 0x3AE3, 0x4B84, 0x3AE3, 0x3283, 0x6CC5, 0x74A4, 0x94E4, 0x73C4, 0x9465, 0x8483,   // 0x38F0 (14576)
0x8CC4, 0x8464, 0x84E4, 0x8D45, 0xA584, 0xADC4, 0xA5A3, 0xA584, 0x84C3, 0xADC4, 0x6CA4, 0x7D44, 0x5C04, 0x5365, 0x19C2, 0x6484,   // 0x3900 (14592)
0x3221, 0x2A01, 0x2A02, 0x3221, 0x2A22, 0x42A2, 0x4281, 0x3A62, 0x4AE2, 0x5362, 0x6BA2, 0x52E2, 0x6323, 0x8C43, 0x83E3, 0x9425,   // 0x3910 (14608)
0x9C64, 0x6B44, 0x8C04, 0x7BA4, 0x7BA4, 0x4B03, 0x4282, 0x4B23, 0x5363, 0x5BA3, 0x73E3, 0x5B63, 0x4B23, 0x3AA2, 0x3222, 0x3242,   // 0x3920 (14624)
0x42E2, 0x63A3, 0x5B03, 0x6B24, 0x52E3, 0x31E2, 0x42A3, 0x2A23, 0x4AC4, 0x3A63, 0x42E3, 0x5BE3, 0x6404, 0x7425, 0x5323, 0x7C85,   // 0x3930 (14640)
0x63C3, 0x3A62, 0x6365, 0x4B23, 0x5323, 0x5B24, 0x5B84, 0x3AE2, 0x2222, 0x4AE4, 0x6BE4, 0x6BE4, 0x84A4, 0xA5A3, 0x95C3, 0x8D84,   // 0x3940 (14656)
0x7D03, 0x8504, 0xB663, 0x9DC4, 0x8DA4, 0x3AE4, 0x4304, 0x3283, 0x3283, 0x1182, 0x2A22, 0x5345, 0x5BA5, 0x2242, 0x3AC4, 0x53A4,   // 0x3950 (14672)
0x7C05, 0xBE05, 0x9526, 0xB5E6, 0xB5C7, 0x8445, 0x8524, 0x6CC4, 0x6CA5, 0x6464, 0x8D65, 0x9565, 0x7485, 0x63E4, 0x5B43, 0x5363,   // 0x3960 (14688)
0x6C23, 0x6C03, 0x5BA3, 0x63E3, 0x4BA3, 0x3B63, 0x2203, 0x32C3, 0x3B03, 0x2203, 0x4BA4, 0x7D44, 0xA5C4, 0x8C85, 0x6BC5, 0x4B04,   // 0x3970 (14704)
0x63C4, 0x84A4, 0x9DA5, 0x8505, 0xADC5, 0x9D25, 0x7CA4, 0x63C3, 0x6C44, 0x5BC4, 0x74E3, 0x74E3, 0x7D42, 0x95C4, 0x6445, 0x74E5,   // 0x3980 (14720)
0x5AC2, 0x4262, 0x5AE3, 0x2A22, 0x2A22, 0x3A62, 0x4282, 0x3A62, 0x3241, 0x4B03, 0x4B03, 0x5302, 0x5B44, 0x7B83, 0x9C45, 0x9443,   // 0x3990 (14736)
0x9C83, 0x8364, 0x8364, 0x8B84, 0x6B44, 0x2A02, 0x3222, 0x3242, 0x3A42, 0x2A01, 0x42A2, 0x3262, 0x3262, 0x3282, 0x5B64, 0x3AE3,   // 0x39A0 (14752)
0x5384, 0x4AE3, 0x42A3, 0x6B24, 0x7345, 0x3A62, 0x3A22, 0x4264, 0x63A4, 0x4B23, 0x5344, 0x7484, 0x53A3, 0x6BC4, 0x8C65, 0xA505,   // 0x39B0 (14768)
0x9D44, 0x7C85, 0x73A5, 0x6C03, 0x5B64, 0x5323, 0x8C67, 0x5345, 0x42A4, 0x6BC5, 0x9565, 0xA5A5, 0x9584, 0xA5E4, 0x8D24, 0x74C4,   // 0x39C0 (14784)
0x6443, 0x6443, 0x53E2, 0x7D04, 0x7D24, 0x6C44, 0x8D65, 0x7485, 0x7425, 0x1962, 0x21C2, 0x9525, 0x6BE4, 0x5365, 0x6C08, 0x4B63,   // 0x39D0 (14800)
0x8D66, 0x8543, 0x95C4, 0x8D64, 0x8D83, 0x74A4, 0x6444, 0x5C24, 0x8D44, 0x95A5, 0xA605, 0xB665, 0x8544, 0x8504, 0x84A5, 0x74A4,   // 0x39E0 (14816)
0x95C4, 0xA604, 0x6C44, 0x4323, 0x2242, 0x2223, 0x10E2, 0x2183, 0x2183, 0x1942, 0x1983, 0x2A83, 0x64A4, 0x9DA4, 0x7484, 0x74A4,   // 0x39F0 (14832)
0x6424, 0x6BC5, 0x7CA4, 0x8505, 0x8D05, 0xA5A5, 0x84C5, 0x6C45, 0x6404, 0x74A4, 0x6423, 0x6422, 0x6443, 0x5C23, 0x32C3, 0x4383,   // 0x3A00 (14848)
0x6AE3, 0x5AC3, 0x52C3, 0x29C2, 0x3242, 0x3202, 0x29C2, 0x4AA3, 0x3A43, 0x3A42, 0x3A62, 0x5381, 0x5BA2, 0x5BA3, 0x5B82, 0x7443,   // 0x3A10 (14864)
0x8464, 0x8BE4, 0x8BC5, 0x7324, 0x7B84, 0x8CA3, 0x8463, 0x9522, 0x84C3, 0x84A4, 0x8CE3, 0x4B03, 0x6C24, 0xA5E4, 0xAE43, 0xA5C5,   // 0x3A20 (14880)
0x84E5, 0x63C4, 0x42A2, 0x4AA3, 0x5283, 0x7385, 0x8BC5, 0x9425, 0x7BE5, 0x73E4, 0x7464, 0x6C44, 0x6425, 0x7CA4, 0xA524, 0xCDC7,   // 0x3A30 (14896)
0xA545, 0x9D25, 0x84A4, 0x7CE3, 0x7C44, 0x7CA4, 0x9545, 0x7405, 0x63A5, 0x9D44, 0x8D64, 0x7464, 0x5364, 0x53C4, 0x53E3, 0x6C64,   // 0x3A40 (14912)
0x7484, 0x8524, 0x8523, 0x8D63, 0x9DC3, 0x8D44, 0x8D44, 0x7445, 0x5326, 0x3223, 0x5324, 0x9504, 0x7C85, 0x7425, 0xA54D, 0xB62E,   // 0x3A50 (14928)
0x7CE4, 0x6C82, 0x7CA3, 0x5C23, 0x6464, 0x53E4, 0x53E4, 0x64A6, 0x5BC4, 0x74A4, 0x74A3, 0x6C64, 0x5C03, 0x6C84, 0x74C4, 0x8544,   // 0x3A60 (14944)
0x7CE4, 0x84E5, 0x7CA5, 0x7CA4, 0x5B44, 0x3A63, 0x2A43, 0x3263, 0x5B27, 0x52E5, 0x2A03, 0x19A2, 0x6C45, 0xA604, 0xAE25, 0x9DA5,   // 0x3A70 (14960)
0x7445, 0x63C4, 0x74A4, 0x5C24, 0x6484, 0x7D24, 0x8D64, 0x9D65, 0x7483, 0x7462, 0x7483, 0x7483, 0x7C85, 0x4B62, 0x3AC3, 0x3AA3,   // 0x3A80 (14976)
0x9365, 0x62C4, 0x5262, 0x52A4, 0x31E2, 0x3222, 0x1121, 0x1141, 0x21A2, 0x3A03, 0x42A3, 0x5BA2, 0x4B81, 0x4302, 0x5382, 0x4342,   // 0x3A90 (14992)
0x6403, 0x4AC3, 0x7BC4, 0x6B85, 0x9D03, 0xBE21, 0x9D42, 0x9542, 0x9D82, 0xAE02, 0xAE22, 0xB643, 0xAE23, 0xB643, 0x8D43, 0x84C4,   // 0x3AA0 (15008)
0x9544, 0xA5A4, 0x6C04, 0x6383, 0x73C3, 0x7BA4, 0x8384, 0x7345, 0x7444, 0x7C44, 0x5363, 0x7463, 0x7CC4, 0x95A4, 0xA5E3, 0xA5E4,   // 0x3AB0 (15024)
0x84C4, 0x7CE4, 0x6C43, 0x74A2, 0x7CA4, 0x9544, 0x8D24, 0x9D45, 0x73C4, 0x6BA3, 0x5B64, 0x42C4, 0x6C46, 0x53A5, 0x2A82, 0x1121,   // 0x3AC0 (15040)
0x2A42, 0x4343, 0x4B63, 0x4B43, 0x74C4, 0x3B03, 0x4B82, 0x5BC3, 0x84C5, 0x84C4, 0x7CC4, 0x6C44, 0x7CA4, 0x7CA3, 0xB5EB, 0xCEB1,   // 0x3AD0 (15056)
0x7C83, 0x84A3, 0x8CC4, 0x53A2, 0x2A62, 0x2222, 0x32C3, 0x11A2, 0x11A1, 0x19C2, 0x3283, 0x3AA3, 0x2202, 0x2242, 0x4323, 0x5BC4,   // 0x3AE0 (15072)
0x5C04, 0x6464, 0x6CC4, 0x95C4, 0xA5E5, 0xAE05, 0x7CA5, 0x8D64, 0x5BA4, 0x7C66, 0x9D86, 0x8D04, 0x84E5, 0x6444, 0x9565, 0x9584,   // 0x3AF0 (15088)
0xAE04, 0x9564, 0x9DA4, 0x8D64, 0x8D25, 0x53A3, 0x6425, 0x7C84, 0x9523, 0x9D24, 0x94E4, 0x8CE3, 0x7404, 0x5363, 0x7443, 0x8C65,   // 0x3B00 (15104)
0x5283, 0x4A82, 0x4203, 0x4223, 0x31C2, 0x4203, 0x3203, 0x31E3, 0x4284, 0x4242, 0x6BC4, 0x5BC1, 0x4322, 0x4B62, 0x5383, 0x2A22,   // 0x3B10 (15120)
0x42E3, 0x6C62, 0x9DA3, 0xADE2, 0xA5A2, 0xA582, 0x8483, 0x6BE2, 0xBDE4, 0x84E2, 0x4B43, 0x3282, 0x6423, 0x7CC3, 0x8523, 0x8503,   // 0x3B20 (15136)
0x9DA3, 0x7CC4, 0x7CC4, 0x5BC3, 0x7403, 0x7C23, 0x6B43, 0x83C5, 0x8424, 0x7C84, 0xA604, 0x9D64, 0x6423, 0x74A3, 0x8D24, 0x8D05,   // 0x3B30 (15152)
0x5B84, 0x73E4, 0x84E5, 0x7C83, 0x9544, 0x8CA4, 0x63C3, 0x63A3, 0x7404, 0x7C24, 0x5363, 0x3AC2, 0x4303, 0x42E4, 0x5365, 0x4B65,   // 0x3B40 (15168)
0x3AE3, 0x4B64, 0x7466, 0x11A2, 0x2A63, 0x5C05, 0x6CC4, 0x8504, 0x7CE5, 0x6C45, 0x6BE4, 0x6384, 0x8445, 0x7C63, 0xB5AB, 0xC5EE,   // 0x3B50 (15184)
0x9CC4, 0x94C4, 0x6C23, 0x5BC3, 0x4303, 0x2A82, 0x19E2, 0x2AA3, 0x4385, 0x4BA3, 0x2A82, 0x21E2, 0x19E2, 0x6424, 0x9585, 0x9DA5,   // 0x3B60 (15200)
0xADE5, 0xAE25, 0xC6C5, 0xA5A4, 0xADE5, 0xAE25, 0x9584, 0x84C4, 0x6423, 0x74A3, 0x8543, 0x8503, 0x8D44, 0x5BC3, 0x5383, 0x8D44,   // 0x3B70 (15216)
0xAE43, 0x8D24, 0x6C23, 0x4B43, 0x4AC4, 0x4AC4, 0x7C65, 0xB5C4, 0xA583, 0x94C3, 0x9463, 0x9D04, 0x9CE4, 0x8425, 0x8405, 0x8C85,   // 0x3B80 (15232)
0x4A83, 0x6383, 0x4AA3, 0x6BC4, 0x6C23, 0x4242, 0x7423, 0x6404, 0x6384, 0x5BA3, 0x5B82, 0x6C41, 0x5BE2, 0x5BE2, 0x5C22, 0x5BE3,   // 0x3B90 (15248)
0x84A4, 0xAE03, 0xADE2, 0xA5C2, 0x5362, 0x3282, 0x5BE2, 0x63C3, 0x8C83, 0x5381, 0x3AE2, 0x2201, 0x2A41, 0x53A3, 0x7CE4, 0x4B22,   // 0x3BA0 (15264)
0x42E3, 0x32A2, 0x6C62, 0x84E4, 0xAE05, 0x7C64, 0x84A4, 0x8CA4, 0xAD44, 0x8CE4, 0x7464, 0x63C3, 0x5B83, 0x94C5, 0x9D05, 0x9CC5,   // 0x3BB0 (15280)
0xA505, 0xAD46, 0xAD66, 0xAD45, 0xB565, 0x9486, 0x9CA7, 0xA507, 0x73C4, 0x7C05, 0x5323, 0x3AA2, 0x6C04, 0x6404, 0x5365, 0x5365,   // 0x3BC0 (15296)
0x4B44, 0x5424, 0x6424, 0x5BC4, 0x4323, 0x53A4, 0x5C04, 0x4BC3, 0x6C64, 0x95A5, 0x8D63, 0x6BA4, 0x7BE5, 0x6BA3, 0x6305, 0x9C47,   // 0x3BD0 (15312)
0x7BC6, 0x7C25, 0x5343, 0x5BC3, 0x63E5, 0x3282, 0x32C3, 0x3AC4, 0x32C4, 0x32C3, 0x2A63, 0x1162, 0x32C4, 0x3AE3, 0x7CE3, 0xA5C3,   // 0x3BE0 (15328)
0xAE23, 0xBE84, 0xAE04, 0xB624, 0xB644, 0x74C5, 0x7503, 0x95A3, 0x7D44, 0x74C4, 0x4BA3, 0x53C3, 0x7CE2, 0x9DA4, 0x7464, 0x6C25,   // 0x3BF0 (15344)
0x6C43, 0x8503, 0x8D04, 0xA5A5, 0x8CC5, 0xADA5, 0xAD84, 0x94E2, 0x7C82, 0x84C3, 0x9D44, 0xA523, 0xA544, 0x94E3, 0x9CE4, 0x9485,   // 0x3C00 (15360)
0x63A3, 0x84E2, 0x7482, 0x74A2, 0x6C62, 0x7462, 0x74A2, 0x5C21, 0x6442, 0x6C82, 0x8503, 0x9DA2, 0x7CC3, 0x4B82, 0x5C02, 0x6C63,   // 0x3C10 (15376)
0x7CC2, 0x4B62, 0x4322, 0x4B62, 0x3AE2, 0x3281, 0x32C2, 0x2261, 0x3AE2, 0x4322, 0x3AE2, 0x4342, 0x2A81, 0x2A82, 0x3AC2, 0x4B01,   // 0x3C20 (15392)
0x3282, 0x3282, 0x4B42, 0x7483, 0x7CE3, 0x95A2, 0xAE43, 0x9D84, 0x7C45, 0x84C5, 0x5C22, 0x53C2, 0x8CE5, 0x9D65, 0x7C24, 0x83A3,   // 0x3C30 (15408)
0x7BC3, 0xB4E8, 0xACE6, 0xA487, 0x9CA6, 0x8425, 0x6B84, 0x73C5, 0x7465, 0x3AA3, 0x42A3, 0x3242, 0x4B04, 0x4303, 0x4324, 0x5C24,   // 0x3C40 (15424)
0x3B03, 0x3AA4, 0x5BE5, 0x7D04, 0x74C3, 0x7D26, 0x4B64, 0x5C23, 0x7484, 0x7CE5, 0x8565, 0x5C03, 0x4303, 0x4AC4, 0x52A5, 0x8447,   // 0x3C50 (15440)
0x42E4, 0x4AE3, 0x5B25, 0x4263, 0x6385, 0x3A43, 0x3AC3, 0x4343, 0x2223, 0x1161, 0x32C3, 0x32E2, 0x3B63, 0x32A3, 0x3AA4, 0x29C3,   // 0x3C60 (15456)
0x8D03, 0xAE42, 0xB643, 0xB643, 0xB644, 0x7CE4, 0x6443, 0x53C4, 0x53E4, 0x2222, 0x2A62, 0x4B43, 0x53A3, 0x6C42, 0x9583, 0xB604,   // 0x3C70 (15472)
0xD6C4, 0xCE64, 0xADA5, 0xC684, 0xC665, 0xA5E4, 0x7CA2, 0x7C63, 0x8464, 0x7403, 0x94C4, 0x9CC3, 0x8423, 0x8422, 0x8482, 0x7C23,   // 0x3C80 (15488)
0x6C81, 0x6422, 0x5BE1, 0x5BE1, 0x53C1, 0x4BA1, 0x4B61, 0x4B61, 0x53C2, 0x4BA2, 0x53C2, 0x5C22, 0x4B61, 0x53A2, 0x5C22, 0x6C42,   // 0x3C90 (15504)
0x6C42, 0x74C1, 0x6C63, 0x8D23, 0x6403, 0x21E2, 0x19C1, 0x2221, 0x32C2, 0x2A62, 0x2A62, 0x53E2, 0x5BC2, 0x4B83, 0x2A42, 0x21E2,   // 0x3CA0 (15520)
0x19A1, 0x1101, 0x2A21, 0x6C04, 0x9564, 0x8503, 0x74A2, 0x7C83, 0x6BE4, 0x7C84, 0x6C03, 0x6C04, 0x7444, 0x74C4, 0x8504, 0x7444,   // 0x3CB0 (15536)
0x84A5, 0x9545, 0x9D47, 0x8CE5, 0x8CE5, 0x84E4, 0x6BC4, 0x6B44, 0x4263, 0x42A3, 0x3A83, 0x4B24, 0x5B85, 0x32A3, 0x10E1, 0x42E3,   // 0x3CC0 (15552)
0x5C23, 0x6CE3, 0x7D03, 0x6C63, 0x4BC3, 0x4B83, 0x5403, 0x74C3, 0x6CA4, 0x8543, 0x8D45, 0x6C45, 0x5404, 0x3AC3, 0x3A63, 0x42A4,   // 0x3CD0 (15568)
0x19A2, 0x21E2, 0x3243, 0x3A23, 0x3222, 0x42A3, 0x3B04, 0x5C65, 0x2A43, 0x19C2, 0x1162, 0x2262, 0x19E2, 0x2A62, 0x1942, 0x3203,   // 0x3CE0 (15584)
0x74A3, 0x7CC4, 0x6C64, 0x5BC3, 0x2A62, 0x4343, 0x32A3, 0x4B24, 0x4B83, 0x2A82, 0x3B24, 0x2A62, 0x4B03, 0x5363, 0x5BC3, 0x5363,   // 0x3CF0 (15600)
0x9D45, 0xADC5, 0xB604, 0xCE65, 0x7C44, 0x6C25, 0x7444, 0xA548, 0xAD28, 0x9463, 0x8423, 0x8423, 0x83A4, 0x8345, 0x9426, 0x7403,   // 0x3D00 (15616)
0x4B42, 0x3AC1, 0x4B62, 0x4321, 0x4B42, 0x5382, 0x4B62, 0x53A2, 0x6442, 0x6442, 0x3B02, 0x2A62, 0x4B82, 0x6C82, 0x3B22, 0x2AA1,   // 0x3D10 (15632)
0x2A41, 0x4323, 0x19A2, 0x2A22, 0x0920, 0x21E2, 0x2242, 0x1181, 0x2A43, 0x3282, 0x32C2, 0x5383, 0x53A4, 0x19E2, 0x0900, 0x1161,   // 0x3D20 (15648)
0x21C2, 0x29A1, 0x4281, 0x6C23, 0x9DA4, 0x9DC3, 0x8D44, 0x8D44, 0x84E4, 0xA5C4, 0xB663, 0xA5C3, 0xBE65, 0xAE05, 0x6BC4, 0x7404,   // 0x3D30 (15664)
0x6C04, 0x6444, 0x3AE3, 0x6423, 0x6C43, 0x5383, 0x32A2, 0x3AC4, 0x5B64, 0x6BA5, 0x3A83, 0x2A43, 0x3223, 0x2A03, 0x1963, 0x5364,   // 0x3D40 (15680)
0x4362, 0x32A2, 0x6C64, 0x74C6, 0x6C65, 0x6C85, 0x6445, 0x74C5, 0x7465, 0x7486, 0x6C24, 0x5BE5, 0x3B22, 0x4303, 0x4B44, 0x3A63,   // 0x3D50 (15696)
0x4244, 0x1942, 0x29E3, 0x29E3, 0x3243, 0x4AC3, 0x53A5, 0x53C4, 0x4363, 0x32A3, 0x2A63, 0x1A02, 0x1982, 0x19E2, 0x1962, 0x1102,   // 0x3D60 (15712)
0x4304, 0x4343, 0x2A62, 0x2A42, 0x4323, 0x6464, 0x74A5, 0x5BA5, 0x7CE4, 0x7444, 0x4B24, 0x63E4, 0x4B23, 0x63C4, 0x74A4, 0x42C4,   // 0x3D70 (15728)
0x3AA3, 0x63C4, 0x8CA4, 0x94A5, 0x7BC5, 0x6C65, 0x5323, 0x7C83, 0xA4A4, 0xBD45, 0x73A3, 0x8444, 0x8464, 0x6264, 0x9C05, 0xA4C5,   // 0x3D80 (15744)
0x5B82, 0x5BE2, 0x5BC2, 0x5BE2, 0x6C82, 0x6CA1, 0x74A2, 0x6C82, 0x5C42, 0x6442, 0x5C02, 0x53C3, 0x64A1, 0x6D01, 0x5C82, 0x4362,   // 0x3D90 (15760)
0x2A62, 0x19E2, 0x2202, 0x6C62, 0x4BA2, 0x6483, 0x5C44, 0x2201, 0x3282, 0x2A62, 0x3B22, 0x5383, 0x32C1, 0x2AA2, 0x1A01, 0x11E1,   // 0x3DA0 (15776)
0x2201, 0x2A01, 0x2A21, 0x5342, 0x5BC3, 0x7CC3, 0x8524, 0x74A4, 0x6442, 0x7483, 0x8543, 0x9582, 0x9564, 0x7465, 0x5B85, 0x5344,   // 0x3DB0 (15792)
0x42E4, 0x3AE3, 0x53A3, 0x5BA4, 0x6C24, 0x29E2, 0x19A2, 0x4323, 0x53A4, 0x5364, 0x4AE5, 0x2A23, 0x2A02, 0x21E2, 0x42E5, 0x3243,   // 0x3DC0 (15808)
0x3A43, 0x29C3, 0x10E1, 0x1142, 0x19A1, 0x1161, 0x1942, 0x1962, 0x08E1, 0x10C1, 0x1922, 0x1162, 0x19E1, 0x29C2, 0x29E3, 0x4284,   // 0x3DD0 (15824)
0x62E4, 0x3203, 0x29C3, 0x39E3, 0x5AC5, 0x5284, 0x4B24, 0x74C4, 0x6463, 0x6C84, 0x5C03, 0x53A3, 0x32C3, 0x2AA3, 0x2A42, 0x5345,   // 0x3DE0 (15840)
0x6C64, 0x3AE3, 0x7C65, 0x7C65, 0x4B24, 0x63C4, 0x7CA5, 0x5366, 0x3AA3, 0x6384, 0x63A4, 0x7C84, 0x84C5, 0x84A5, 0x7484, 0x4AC5,   // 0x3DF0 (15856)
0x29E2, 0x9CA6, 0xC625, 0xBDA5, 0xC5C6, 0x4AA3, 0xD666, 0xA506, 0xBDA5, 0xE6E5, 0xD645, 0xF763, 0xADA5, 0x9C85, 0x8345, 0x9425,   // 0x3E00 (15872)
0x6442, 0x6442, 0x4B61, 0x3B21, 0x3B22, 0x4B62, 0x4BA2, 0x5422, 0x4382, 0x5422, 0x5C22, 0x5422, 0x4BC2, 0x4C02, 0x4C22, 0x2241,   // 0x3E10 (15888)
0x2221, 0x2A83, 0x4324, 0x5C22, 0x5C02, 0x5C22, 0x4363, 0x4342, 0x4322, 0x4B63, 0x4B81, 0x74A3, 0x5BE4, 0x4343, 0x3B22, 0x4381,   // 0x3E20 (15904)
0x32E2, 0x3262, 0x3AC2, 0x4323, 0x3281, 0x3222, 0x3AE2, 0x3AC2, 0x6C43, 0x7CE3, 0x7CE3, 0x74A4, 0x7464, 0x8CE5, 0x7445, 0x42C3,   // 0x3E30 (15920)
0x3A64, 0x3AA3, 0x3262, 0x21C2, 0x3203, 0x2182, 0x2182, 0x3AC3, 0x3283, 0x3A83, 0x5BC4, 0x42C4, 0x2983, 0x3263, 0x3AC3, 0x1101,   // 0x3E40 (15936)
0x1102, 0x1141, 0x0060, 0x0881, 0x0921, 0x0080, 0x18E1, 0x18E2, 0x08C1, 0x0901, 0x21C2, 0x08A1, 0x2142, 0x4204, 0x2983, 0x49E4,   // 0x3E50 (15952)
0x7BA5, 0x5AC5, 0x4224, 0x3182, 0x2122, 0x2963, 0x3224, 0x6443, 0x5BE4, 0x4AC4, 0x5B25, 0x3243, 0x5B84, 0x8CC5, 0x8505, 0x8D25,   // 0x3E60 (15968)
0x8D24, 0x7D04, 0x7D23, 0x74C4, 0x84E4, 0x9564, 0xB5E4, 0x84C5, 0x63C4, 0x6BC4, 0x7464, 0x7445, 0x63C3, 0x42E2, 0xA565, 0xAD86,   // 0x3E70 (15984)
0xBDA4, 0xDE65, 0xF743, 0xD625, 0xB566, 0x83E6, 0x6304, 0x73A5, 0xBDA5, 0xAD25, 0xD665, 0x83E4, 0xAD05, 0xCDE4, 0x6AE6, 0x62E4,   // 0x3E80 (16000)
0x4B82, 0x4341, 0x4362, 0x32C2, 0x2A62, 0x3B02, 0x4343, 0x4BC3, 0x2222, 0x5423, 0x4383, 0x2A42, 0x3281, 0x3B61, 0x32A1, 0x3AE2,   // 0x3E90 (16016)
0x32A2, 0x3B02, 0x5BE3, 0x4B43, 0x4303, 0x5383, 0x6C63, 0x32C2, 0x32A2, 0x4B43, 0x74C3, 0x5BC3, 0x6405, 0x4342, 0x1161, 0x2202,   // 0x3EA0 (16032)
0x1141, 0x3241, 0x2A42, 0x2A42, 0x42C2, 0x5343, 0x3222, 0x19C1, 0x3AA2, 0x5364, 0x4323, 0x5BA3, 0x5BE2, 0x9D64, 0xAD84, 0x63C4,   // 0x3EB0 (16048)
0x2A22, 0x1962, 0x3AA3, 0x3262, 0x31E2, 0x31E3, 0x3222, 0x3282, 0x2A41, 0x21C2, 0x4B64, 0x3A83, 0x6346, 0x21A3, 0x19A2, 0x2202,   // 0x3EC0 (16064)
0x1101, 0x1982, 0x08E1, 0x08C1, 0x08E1, 0x0881, 0x08A1, 0x1122, 0x19E2, 0x19C1, 0x32A2, 0x1121, 0x2943, 0x39A3, 0x4A24, 0x5264,   // 0x3ED0 (16080)
0x5303, 0x3A03, 0x41E4, 0x7386, 0x2943, 0x5286, 0x1081, 0x6385, 0x4AA5, 0x10C1, 0x6305, 0x1942, 0x7C65, 0xADC4, 0xAE04, 0xA5C5,   // 0x3EE0 (16096)
0xAE03, 0x7C24, 0x42A4, 0x74A5, 0x4323, 0x4B43, 0x4B63, 0x4303, 0x5B84, 0x7444, 0x6C23, 0x7C63, 0x9D64, 0xBDC5, 0xD683, 0xC624,   // 0x3EF0 (16112)
0xB5C5, 0xBDC4, 0x8463, 0x73E4, 0x8D03, 0x4AA3, 0x73A6, 0x7C44, 0x4B42, 0x9504, 0x6C02, 0x8C85, 0x9CC4, 0x6283, 0x5202, 0x5AC3,   // 0x3F00 (16128)
0x53C1, 0x4382, 0x4382, 0x19E1, 0x2A82, 0x5C02, 0x6C83, 0x4BA3, 0x2A82, 0x53E1, 0x6443, 0x3B03, 0x2A22, 0x3AC3, 0x2201, 0x3B03,   // 0x3F10 (16144)
0x5384, 0x3262, 0x3281, 0x32C2, 0x4343, 0x2242, 0x4323, 0x5C03, 0x4B82, 0x2A63, 0x4B24, 0x1941, 0x1121, 0x1121, 0x1161, 0x00E0,   // 0x3F20 (16160)
0x08C0, 0x1940, 0x1961, 0x32E2, 0x19A2, 0x3223, 0x42E3, 0x2A22, 0x1962, 0x1962, 0x3A83, 0x4302, 0x3243, 0x4B63, 0x6422, 0x5BE4,   // 0x3F30 (16176)
0x6C44, 0x5BA4, 0x7D03, 0x6463, 0x29E3, 0x2162, 0x1942, 0x19E1, 0x2202, 0x3283, 0x3243, 0x19A1, 0x3223, 0x2122, 0x1942, 0x21C3,   // 0x3F40 (16192)
0x0060, 0x08C1, 0x1141, 0x08E1, 0x10E2, 0x0840, 0x0040, 0x08A1, 0x1982, 0x0921, 0x08A1, 0x1942, 0x3A44, 0x4AE4, 0x6B85, 0xA526,   // 0x3F50 (16208)
0x3243, 0x3263, 0x42E3, 0x7C05, 0x4A44, 0x0881, 0x4224, 0xBDA8, 0x8C86, 0x6384, 0x8C85, 0x2182, 0x6C04, 0x9D24, 0x63E2, 0x6C23,   // 0x3F60 (16224)
0x9523, 0x9543, 0x63A4, 0x3243, 0x3A64, 0x1962, 0x3AC2, 0x4AE4, 0x31E4, 0x21A3, 0x3223, 0x3A62, 0xA526, 0xC5C5, 0xD644, 0xB584,   // 0x3F70 (16240)
0xA544, 0xB5A4, 0x3AA2, 0x7463, 0x74C3, 0x6462, 0x6423, 0x7483, 0x53E2, 0x5BE3, 0x4362, 0x42C3, 0x5B03, 0xACE5, 0x9CA4, 0x7CA4,   // 0x3F80 (16256)
0x6422, 0x53E2, 0x4362, 0x5C02, 0x5C42, 0x6CA2, 0x6443, 0x3B42, 0x4362, 0x6463, 0x3AE3, 0x3AE3, 0x1981, 0x2A03, 0x1981, 0x1181,   // 0x3F90 (16272)
0x3AA2, 0x19A0, 0x0940, 0x08E0, 0x19C3, 0x4346, 0x3263, 0x42E3, 0x4362, 0x3AE2, 0x1141, 0x00C0, 0x08E1, 0x00A0, 0x08C0, 0x1141,   // 0x3FA0 (16288)
0x0080, 0x1961, 0x2181, 0x2A62, 0x4363, 0x2202, 0x2A42, 0x4B03, 0x19A1, 0x2182, 0x4AE3, 0x7C84, 0x42E2, 0x3AC2, 0x5BC3, 0x4B04,   // 0x3FB0 (16304)
0x4B24, 0x5C03, 0x74E3, 0x6462, 0x4B43, 0x10C2, 0x10A1, 0x0881, 0x0060, 0x29A2, 0x4322, 0x4BA2, 0x4322, 0x29C2, 0x10C1, 0x3203,   // 0x3FC0 (16320)
0x08A1, 0x0020, 0x10E1, 0x19C2, 0x19A2, 0x08A1, 0x10E1, 0x0080, 0x0881, 0x5AC6, 0x10A1, 0x10C1, 0x2182, 0x4284, 0xA4E7, 0x31C3,   // 0x3FD0 (16336)
0x2182, 0x3223, 0x5324, 0xAD66, 0x52C4, 0x5B83, 0x9545, 0x9565, 0x9524, 0x9D05, 0x9CC6, 0x4A65, 0x4223, 0xB586, 0x42A3, 0x4AA3,   // 0x3FE0 (16352)
0x7BA4, 0x3A42, 0x4283, 0x2A02, 0x1121, 0x1121, 0x29C2, 0x3243, 0x2182, 0x1942, 0x10C1, 0x4262, 0xC5E5, 0xD645, 0x9CC6, 0x9C84,   // 0x3FF0 (16368)
0xB584, 0x42E2, 0x4342, 0x53A2, 0x5C22, 0x74C2, 0x5C22, 0x3B22, 0x4342, 0x3AE2, 0x2AA2, 0x5322, 0xD664, 0xDE84, 0xDEA3, 0xA525,   // 0x4000 (16384)
};
